fishery,management_area,target,crab_year,size,molting,soft,new_pliable,new,old,very_old,total
TR00,bristol_bay,red_king_crab,2000,81,0,0,0,1,0,0,1
TR00,bristol_bay,red_king_crab,2000,92,0,0,0,1,0,0,1
TR00,bristol_bay,red_king_crab,2000,105,0,0,0,2,0,0,2
TR00,bristol_bay,red_king_crab,2000,113,0,0,0,1,0,0,1
TR00,bristol_bay,red_king_crab,2000,120,0,0,0,1,0,0,1
TR00,bristol_bay,red_king_crab,2000,123,0,0,0,1,0,0,1
TR00,bristol_bay,red_king_crab,2000,126,0,0,0,2,0,0,2
TR00,bristol_bay,red_king_crab,2000,127,0,0,0,1,0,0,1
TR00,bristol_bay,red_king_crab,2000,129,0,0,0,1,0,0,1
TR00,bristol_bay,red_king_crab,2000,130,0,0,0,5,0,0,5
TR00,bristol_bay,red_king_crab,2000,131,0,0,0,4,0,0,4
TR00,bristol_bay,red_king_crab,2000,132,0,0,0,24,3,0,27
TR00,bristol_bay,red_king_crab,2000,133,0,0,0,40,4,0,44
TR00,bristol_bay,red_king_crab,2000,134,0,0,0,63,12,1,76
TR00,bristol_bay,red_king_crab,2000,135,0,0,0,121,11,0,132
TR00,bristol_bay,red_king_crab,2000,136,0,0,0,167,14,2,183
TR00,bristol_bay,red_king_crab,2000,137,0,0,0,239,33,0,272
TR00,bristol_bay,red_king_crab,2000,138,0,0,0,351,40,1,392
TR00,bristol_bay,red_king_crab,2000,139,0,0,0,307,29,1,337
TR00,bristol_bay,red_king_crab,2000,140,0,0,0,403,60,3,466
TR00,bristol_bay,red_king_crab,2000,141,0,0,0,368,49,1,418
TR00,bristol_bay,red_king_crab,2000,142,0,0,0,592,73,3,668
TR00,bristol_bay,red_king_crab,2000,143,0,0,0,601,83,5,689
TR00,bristol_bay,red_king_crab,2000,144,0,0,0,446,53,4,503
TR00,bristol_bay,red_king_crab,2000,145,0,0,0,573,70,2,645
TR00,bristol_bay,red_king_crab,2000,146,0,0,0,494,42,5,541
TR00,bristol_bay,red_king_crab,2000,147,0,0,0,534,66,4,604
TR00,bristol_bay,red_king_crab,2000,148,0,0,0,593,75,9,677
TR00,bristol_bay,red_king_crab,2000,149,0,0,0,445,76,4,525
TR00,bristol_bay,red_king_crab,2000,150,0,0,0,490,72,5,567
TR00,bristol_bay,red_king_crab,2000,151,0,0,0,359,68,6,433
TR00,bristol_bay,red_king_crab,2000,152,0,0,0,521,71,13,605
TR00,bristol_bay,red_king_crab,2000,153,0,0,0,460,75,11,546
TR00,bristol_bay,red_king_crab,2000,154,0,0,0,353,73,7,433
TR00,bristol_bay,red_king_crab,2000,155,0,0,0,351,61,11,423
TR00,bristol_bay,red_king_crab,2000,156,0,0,0,289,61,9,359
TR00,bristol_bay,red_king_crab,2000,157,0,0,0,307,61,10,378
TR00,bristol_bay,red_king_crab,2000,158,0,0,0,275,76,10,361
TR00,bristol_bay,red_king_crab,2000,159,0,0,0,185,45,10,240
TR00,bristol_bay,red_king_crab,2000,160,0,0,0,233,64,8,305
TR00,bristol_bay,red_king_crab,2000,161,0,0,0,177,42,9,228
TR00,bristol_bay,red_king_crab,2000,162,0,0,0,199,58,15,272
TR00,bristol_bay,red_king_crab,2000,163,0,0,0,172,46,13,231
TR00,bristol_bay,red_king_crab,2000,164,0,0,0,154,43,9,206
TR00,bristol_bay,red_king_crab,2000,165,0,0,0,134,43,6,183
TR00,bristol_bay,red_king_crab,2000,166,0,0,0,107,33,13,153
TR00,bristol_bay,red_king_crab,2000,167,0,0,0,92,29,6,127
TR00,bristol_bay,red_king_crab,2000,168,0,0,0,114,38,18,170
TR00,bristol_bay,red_king_crab,2000,169,0,0,0,72,20,5,97
TR00,bristol_bay,red_king_crab,2000,170,0,0,0,58,32,12,102
TR00,bristol_bay,red_king_crab,2000,171,0,0,0,53,22,5,80
TR00,bristol_bay,red_king_crab,2000,172,0,0,0,58,24,6,88
TR00,bristol_bay,red_king_crab,2000,173,0,0,0,46,19,3,68
TR00,bristol_bay,red_king_crab,2000,174,0,0,0,27,14,2,43
TR00,bristol_bay,red_king_crab,2000,175,0,0,0,31,8,0,39
TR00,bristol_bay,red_king_crab,2000,176,0,0,0,34,9,1,44
TR00,bristol_bay,red_king_crab,2000,177,0,0,0,16,12,3,31
TR00,bristol_bay,red_king_crab,2000,178,0,0,0,13,5,1,19
TR00,bristol_bay,red_king_crab,2000,179,0,0,0,15,5,3,23
TR00,bristol_bay,red_king_crab,2000,180,0,0,0,15,4,3,22
TR00,bristol_bay,red_king_crab,2000,181,0,0,0,6,2,0,8
TR00,bristol_bay,red_king_crab,2000,182,0,0,0,6,2,0,8
TR00,bristol_bay,red_king_crab,2000,183,0,0,0,6,1,0,7
TR00,bristol_bay,red_king_crab,2000,184,0,0,0,6,2,0,8
TR00,bristol_bay,red_king_crab,2000,185,0,0,0,1,1,0,2
TR00,bristol_bay,red_king_crab,2000,186,0,0,0,3,0,1,4
TR00,bristol_bay,red_king_crab,2000,187,0,0,0,4,0,0,4
TR00,bristol_bay,red_king_crab,2000,188,0,0,0,1,0,0,1
TR00,bristol_bay,red_king_crab,2000,190,0,0,0,1,0,0,1
TR00,bristol_bay,red_king_crab,2000,191,0,0,0,1,0,0,1
TR00,bristol_bay,red_king_crab,2000,192,0,0,0,1,1,0,2
TR00,bristol_bay,red_king_crab,2000,194,0,0,0,1,0,0,1
TR00,bristol_bay,red_king_crab,2000,196,0,0,0,0,1,0,1
TR01,bristol_bay,red_king_crab,2001,96,0,0,0,1,0,0,1
TR01,bristol_bay,red_king_crab,2001,101,0,0,0,1,0,0,1
TR01,bristol_bay,red_king_crab,2001,107,0,0,0,1,0,0,1
TR01,bristol_bay,red_king_crab,2001,111,0,0,0,1,0,0,1
TR01,bristol_bay,red_king_crab,2001,116,0,0,0,1,0,0,1
TR01,bristol_bay,red_king_crab,2001,117,0,0,0,2,0,0,2
TR01,bristol_bay,red_king_crab,2001,120,0,0,0,1,0,0,1
TR01,bristol_bay,red_king_crab,2001,121,0,0,0,1,0,0,1
TR01,bristol_bay,red_king_crab,2001,124,0,0,0,1,0,0,1
TR01,bristol_bay,red_king_crab,2001,127,0,0,0,4,1,0,5
TR01,bristol_bay,red_king_crab,2001,128,0,0,0,1,2,2,5
TR01,bristol_bay,red_king_crab,2001,129,0,0,0,4,0,2,6
TR01,bristol_bay,red_king_crab,2001,130,0,0,0,5,2,3,10
TR01,bristol_bay,red_king_crab,2001,131,0,0,0,20,14,3,37
TR01,bristol_bay,red_king_crab,2001,132,0,0,0,28,6,0,34
TR01,bristol_bay,red_king_crab,2001,133,0,0,0,50,11,3,64
TR01,bristol_bay,red_king_crab,2001,134,0,0,0,71,17,8,96
TR01,bristol_bay,red_king_crab,2001,135,0,0,0,94,26,7,127
TR01,bristol_bay,red_king_crab,2001,136,0,0,0,141,26,9,176
TR01,bristol_bay,red_king_crab,2001,137,0,0,0,194,27,12,233
TR01,bristol_bay,red_king_crab,2001,138,0,0,0,247,50,4,301
TR01,bristol_bay,red_king_crab,2001,139,0,0,0,236,43,10,289
TR01,bristol_bay,red_king_crab,2001,140,0,0,0,320,73,23,416
TR01,bristol_bay,red_king_crab,2001,141,0,0,0,313,47,13,373
TR01,bristol_bay,red_king_crab,2001,142,0,0,0,411,64,14,489
TR01,bristol_bay,red_king_crab,2001,143,0,0,0,403,85,16,504
TR01,bristol_bay,red_king_crab,2001,144,0,0,0,416,86,20,522
TR01,bristol_bay,red_king_crab,2001,145,0,0,0,431,92,26,549
TR01,bristol_bay,red_king_crab,2001,146,0,0,0,418,87,22,527
TR01,bristol_bay,red_king_crab,2001,147,0,0,0,458,88,31,577
TR01,bristol_bay,red_king_crab,2001,148,0,0,0,421,91,20,532
TR01,bristol_bay,red_king_crab,2001,149,0,0,0,426,86,21,533
TR01,bristol_bay,red_king_crab,2001,150,0,0,0,442,78,22,542
TR01,bristol_bay,red_king_crab,2001,151,0,0,0,415,73,12,500
TR01,bristol_bay,red_king_crab,2001,152,0,0,0,436,77,41,554
TR01,bristol_bay,red_king_crab,2001,153,0,0,0,427,69,30,526
TR01,bristol_bay,red_king_crab,2001,154,0,0,0,445,76,22,543
TR01,bristol_bay,red_king_crab,2001,155,0,0,0,399,63,21,483
TR01,bristol_bay,red_king_crab,2001,156,0,0,0,345,72,18,435
TR01,bristol_bay,red_king_crab,2001,157,0,0,0,353,54,15,422
TR01,bristol_bay,red_king_crab,2001,158,0,0,0,337,48,17,402
TR01,bristol_bay,red_king_crab,2001,159,0,0,0,269,50,12,331
TR01,bristol_bay,red_king_crab,2001,160,0,0,0,280,50,19,349
TR01,bristol_bay,red_king_crab,2001,161,0,0,0,194,40,14,248
TR01,bristol_bay,red_king_crab,2001,162,0,0,0,279,42,14,335
TR01,bristol_bay,red_king_crab,2001,163,0,0,0,181,48,11,240
TR01,bristol_bay,red_king_crab,2001,164,0,0,0,219,42,10,271
TR01,bristol_bay,red_king_crab,2001,165,0,0,0,135,21,8,164
TR01,bristol_bay,red_king_crab,2001,166,0,0,0,139,23,8,170
TR01,bristol_bay,red_king_crab,2001,167,0,0,0,92,17,6,115
TR01,bristol_bay,red_king_crab,2001,168,0,0,0,104,23,6,133
TR01,bristol_bay,red_king_crab,2001,169,0,0,0,69,16,7,92
TR01,bristol_bay,red_king_crab,2001,170,0,0,0,65,17,8,90
TR01,bristol_bay,red_king_crab,2001,171,0,0,0,39,12,5,56
TR01,bristol_bay,red_king_crab,2001,172,0,0,0,45,13,5,63
TR01,bristol_bay,red_king_crab,2001,173,0,0,0,52,13,9,74
TR01,bristol_bay,red_king_crab,2001,174,0,0,0,22,7,2,31
TR01,bristol_bay,red_king_crab,2001,175,0,0,0,19,8,5,32
TR01,bristol_bay,red_king_crab,2001,176,0,0,0,18,7,2,27
TR01,bristol_bay,red_king_crab,2001,177,0,0,0,12,6,1,19
TR01,bristol_bay,red_king_crab,2001,178,0,0,0,13,5,5,23
TR01,bristol_bay,red_king_crab,2001,179,0,0,0,9,2,2,13
TR01,bristol_bay,red_king_crab,2001,180,0,0,0,6,3,0,9
TR01,bristol_bay,red_king_crab,2001,181,0,0,0,5,0,1,6
TR01,bristol_bay,red_king_crab,2001,182,0,0,0,4,2,0,6
TR01,bristol_bay,red_king_crab,2001,183,0,0,0,2,3,1,6
TR01,bristol_bay,red_king_crab,2001,184,0,0,0,1,1,0,2
TR01,bristol_bay,red_king_crab,2001,186,0,0,0,4,0,0,4
TR01,bristol_bay,red_king_crab,2001,187,0,0,0,1,0,0,1
TR01,bristol_bay,red_king_crab,2001,192,0,0,0,1,0,0,1
TR01,bristol_bay,red_king_crab,2001,193,0,0,0,0,1,0,1
TR01,bristol_bay,red_king_crab,2001,202,0,0,0,1,0,0,1
TR02,bristol_bay,red_king_crab,2002,96,0,0,0,1,0,0,1
TR02,bristol_bay,red_king_crab,2002,107,0,0,0,1,0,0,1
TR02,bristol_bay,red_king_crab,2002,109,0,0,0,1,0,0,1
TR02,bristol_bay,red_king_crab,2002,110,0,0,0,1,0,0,1
TR02,bristol_bay,red_king_crab,2002,118,0,0,0,1,0,0,1
TR02,bristol_bay,red_king_crab,2002,127,0,0,0,1,0,0,1
TR02,bristol_bay,red_king_crab,2002,128,0,0,0,1,0,0,1
TR02,bristol_bay,red_king_crab,2002,129,0,0,0,1,0,0,1
TR02,bristol_bay,red_king_crab,2002,130,0,0,0,9,0,0,9
TR02,bristol_bay,red_king_crab,2002,131,0,0,0,11,5,1,17
TR02,bristol_bay,red_king_crab,2002,132,0,0,0,43,4,1,48
TR02,bristol_bay,red_king_crab,2002,133,0,0,0,35,6,4,45
TR02,bristol_bay,red_king_crab,2002,134,0,0,0,111,13,2,126
TR02,bristol_bay,red_king_crab,2002,135,0,0,0,170,14,4,188
TR02,bristol_bay,red_king_crab,2002,136,0,0,0,215,26,5,246
TR02,bristol_bay,red_king_crab,2002,137,0,0,0,320,40,9,369
TR02,bristol_bay,red_king_crab,2002,138,0,0,0,467,54,10,531
TR02,bristol_bay,red_king_crab,2002,139,0,0,0,385,43,16,444
TR02,bristol_bay,red_king_crab,2002,140,0,0,0,530,52,12,594
TR02,bristol_bay,red_king_crab,2002,141,0,0,0,476,62,17,555
TR02,bristol_bay,red_king_crab,2002,142,0,0,0,615,75,25,715
TR02,bristol_bay,red_king_crab,2002,143,0,0,0,570,82,30,682
TR02,bristol_bay,red_king_crab,2002,144,0,0,0,487,86,21,594
TR02,bristol_bay,red_king_crab,2002,145,0,0,0,594,82,30,706
TR02,bristol_bay,red_king_crab,2002,146,0,0,0,519,105,31,655
TR02,bristol_bay,red_king_crab,2002,147,0,0,0,507,82,32,621
TR02,bristol_bay,red_king_crab,2002,148,0,0,0,503,95,37,635
TR02,bristol_bay,red_king_crab,2002,149,0,0,0,453,86,23,562
TR02,bristol_bay,red_king_crab,2002,150,0,0,0,506,107,27,640
TR02,bristol_bay,red_king_crab,2002,151,0,0,0,348,88,30,466
TR02,bristol_bay,red_king_crab,2002,152,0,0,0,531,102,41,674
TR02,bristol_bay,red_king_crab,2002,153,0,0,0,410,89,40,539
TR02,bristol_bay,red_king_crab,2002,154,0,0,0,371,106,37,514
TR02,bristol_bay,red_king_crab,2002,155,0,0,0,413,91,43,547
TR02,bristol_bay,red_king_crab,2002,156,0,0,0,336,107,58,501
TR02,bristol_bay,red_king_crab,2002,157,0,0,0,310,88,27,425
TR02,bristol_bay,red_king_crab,2002,158,0,0,0,316,109,41,466
TR02,bristol_bay,red_king_crab,2002,159,0,0,0,246,66,26,338
TR02,bristol_bay,red_king_crab,2002,160,0,0,0,269,83,45,397
TR02,bristol_bay,red_king_crab,2002,161,0,0,0,206,73,27,306
TR02,bristol_bay,red_king_crab,2002,162,0,0,0,280,91,37,408
TR02,bristol_bay,red_king_crab,2002,163,0,0,0,216,67,29,312
TR02,bristol_bay,red_king_crab,2002,164,0,0,0,171,61,32,264
TR02,bristol_bay,red_king_crab,2002,165,0,0,0,209,59,16,284
TR02,bristol_bay,red_king_crab,2002,166,0,0,0,130,56,24,210
TR02,bristol_bay,red_king_crab,2002,167,0,0,0,135,61,25,221
TR02,bristol_bay,red_king_crab,2002,168,0,0,0,122,43,21,186
TR02,bristol_bay,red_king_crab,2002,169,0,0,0,77,20,13,110
TR02,bristol_bay,red_king_crab,2002,170,0,0,0,99,30,13,142
TR02,bristol_bay,red_king_crab,2002,171,0,0,0,61,26,8,95
TR02,bristol_bay,red_king_crab,2002,172,0,0,0,51,30,10,91
TR02,bristol_bay,red_king_crab,2002,173,0,0,0,53,16,13,82
TR02,bristol_bay,red_king_crab,2002,174,0,0,0,33,14,8,55
TR02,bristol_bay,red_king_crab,2002,175,0,0,0,31,8,7,46
TR02,bristol_bay,red_king_crab,2002,176,0,0,0,19,7,8,34
TR02,bristol_bay,red_king_crab,2002,177,0,0,0,19,8,6,33
TR02,bristol_bay,red_king_crab,2002,178,0,0,0,21,15,2,38
TR02,bristol_bay,red_king_crab,2002,179,0,0,0,12,7,3,22
TR02,bristol_bay,red_king_crab,2002,180,0,0,0,5,2,1,8
TR02,bristol_bay,red_king_crab,2002,181,0,0,0,2,0,1,3
TR02,bristol_bay,red_king_crab,2002,182,0,0,0,2,6,1,9
TR02,bristol_bay,red_king_crab,2002,183,0,0,0,1,0,1,2
TR02,bristol_bay,red_king_crab,2002,184,0,0,0,4,3,0,7
TR02,bristol_bay,red_king_crab,2002,185,0,0,0,2,0,2,4
TR02,bristol_bay,red_king_crab,2002,186,0,0,0,0,2,1,3
TR02,bristol_bay,red_king_crab,2002,189,0,0,0,1,0,0,1
TR02,bristol_bay,red_king_crab,2002,190,0,0,0,1,1,1,3
TR02,bristol_bay,red_king_crab,2002,192,0,0,0,0,1,0,1
TR03,bristol_bay,red_king_crab,2003,87,0,0,0,1,0,0,1
TR03,bristol_bay,red_king_crab,2003,88,0,0,0,1,0,0,1
TR03,bristol_bay,red_king_crab,2003,90,0,0,0,3,0,0,3
TR03,bristol_bay,red_king_crab,2003,91,0,0,0,1,0,0,1
TR03,bristol_bay,red_king_crab,2003,99,0,0,0,1,0,0,1
TR03,bristol_bay,red_king_crab,2003,100,0,0,0,1,0,0,1
TR03,bristol_bay,red_king_crab,2003,114,0,0,0,1,0,0,1
TR03,bristol_bay,red_king_crab,2003,115,0,0,0,1,0,0,1
TR03,bristol_bay,red_king_crab,2003,120,0,0,0,1,0,0,1
TR03,bristol_bay,red_king_crab,2003,121,0,0,0,1,0,0,1
TR03,bristol_bay,red_king_crab,2003,123,0,0,0,1,0,0,1
TR03,bristol_bay,red_king_crab,2003,124,0,0,0,1,0,0,1
TR03,bristol_bay,red_king_crab,2003,125,0,0,0,3,0,0,3
TR03,bristol_bay,red_king_crab,2003,126,0,0,0,1,0,0,1
TR03,bristol_bay,red_king_crab,2003,127,0,0,0,1,0,0,1
TR03,bristol_bay,red_king_crab,2003,128,0,0,0,4,2,0,6
TR03,bristol_bay,red_king_crab,2003,129,0,0,0,1,2,0,3
TR03,bristol_bay,red_king_crab,2003,130,0,0,0,31,4,0,35
TR03,bristol_bay,red_king_crab,2003,131,0,0,0,28,4,0,32
TR03,bristol_bay,red_king_crab,2003,132,0,0,0,59,21,1,81
TR03,bristol_bay,red_king_crab,2003,133,0,0,0,66,10,2,78
TR03,bristol_bay,red_king_crab,2003,134,0,0,0,149,28,0,177
TR03,bristol_bay,red_king_crab,2003,135,0,0,0,265,59,6,330
TR03,bristol_bay,red_king_crab,2003,136,0,0,0,312,37,6,355
TR03,bristol_bay,red_king_crab,2003,137,0,0,0,442,71,12,525
TR03,bristol_bay,red_king_crab,2003,138,0,0,0,574,86,12,672
TR03,bristol_bay,red_king_crab,2003,139,0,0,0,546,79,4,629
TR03,bristol_bay,red_king_crab,2003,140,0,0,0,705,139,14,858
TR03,bristol_bay,red_king_crab,2003,141,0,0,0,647,101,10,758
TR03,bristol_bay,red_king_crab,2003,142,0,0,0,778,122,8,908
TR03,bristol_bay,red_king_crab,2003,143,0,0,0,692,115,14,821
TR03,bristol_bay,red_king_crab,2003,144,0,0,0,633,98,15,746
TR03,bristol_bay,red_king_crab,2003,145,0,0,0,604,120,15,739
TR03,bristol_bay,red_king_crab,2003,146,0,0,0,617,104,22,743
TR03,bristol_bay,red_king_crab,2003,147,0,0,0,649,118,4,771
TR03,bristol_bay,red_king_crab,2003,148,0,0,0,550,126,9,685
TR03,bristol_bay,red_king_crab,2003,149,0,0,0,421,60,15,496
TR03,bristol_bay,red_king_crab,2003,150,0,0,0,521,98,22,641
TR03,bristol_bay,red_king_crab,2003,151,0,0,0,434,85,16,535
TR03,bristol_bay,red_king_crab,2003,152,0,0,0,522,112,27,661
TR03,bristol_bay,red_king_crab,2003,153,0,0,0,370,83,16,469
TR03,bristol_bay,red_king_crab,2003,154,0,0,0,373,82,15,470
TR03,bristol_bay,red_king_crab,2003,155,0,0,0,368,84,21,473
TR03,bristol_bay,red_king_crab,2003,156,0,0,0,302,83,17,402
TR03,bristol_bay,red_king_crab,2003,157,0,0,0,308,80,26,414
TR03,bristol_bay,red_king_crab,2003,158,0,0,0,235,83,17,335
TR03,bristol_bay,red_king_crab,2003,159,0,0,0,206,65,11,282
TR03,bristol_bay,red_king_crab,2003,160,0,0,0,210,75,18,303
TR03,bristol_bay,red_king_crab,2003,161,0,0,0,180,63,12,255
TR03,bristol_bay,red_king_crab,2003,162,0,0,0,201,84,19,304
TR03,bristol_bay,red_king_crab,2003,163,0,0,0,173,63,19,255
TR03,bristol_bay,red_king_crab,2003,164,0,0,0,154,47,26,227
TR03,bristol_bay,red_king_crab,2003,165,0,0,0,155,53,22,230
TR03,bristol_bay,red_king_crab,2003,166,0,0,0,126,49,14,189
TR03,bristol_bay,red_king_crab,2003,167,0,0,0,131,45,11,187
TR03,bristol_bay,red_king_crab,2003,168,0,0,0,117,43,15,175
TR03,bristol_bay,red_king_crab,2003,169,0,0,0,84,35,12,131
TR03,bristol_bay,red_king_crab,2003,170,0,0,0,78,34,16,128
TR03,bristol_bay,red_king_crab,2003,171,0,0,0,82,18,12,112
TR03,bristol_bay,red_king_crab,2003,172,0,0,0,91,37,8,136
TR03,bristol_bay,red_king_crab,2003,173,0,0,0,66,23,7,96
TR03,bristol_bay,red_king_crab,2003,174,0,0,0,42,11,3,56
TR03,bristol_bay,red_king_crab,2003,175,0,0,0,36,10,8,54
TR03,bristol_bay,red_king_crab,2003,176,0,0,0,29,9,4,42
TR03,bristol_bay,red_king_crab,2003,177,0,0,0,24,8,4,36
TR03,bristol_bay,red_king_crab,2003,178,0,0,0,17,7,6,30
TR03,bristol_bay,red_king_crab,2003,179,0,0,0,12,4,0,16
TR03,bristol_bay,red_king_crab,2003,180,0,0,0,9,5,1,15
TR03,bristol_bay,red_king_crab,2003,181,0,0,0,9,5,1,15
TR03,bristol_bay,red_king_crab,2003,182,0,0,0,13,2,1,16
TR03,bristol_bay,red_king_crab,2003,183,0,0,0,1,1,0,2
TR03,bristol_bay,red_king_crab,2003,184,0,0,0,3,2,0,5
TR03,bristol_bay,red_king_crab,2003,185,0,0,0,2,3,0,5
TR03,bristol_bay,red_king_crab,2003,186,0,0,0,3,1,0,4
TR03,bristol_bay,red_king_crab,2003,188,0,0,0,2,0,1,3
TR03,bristol_bay,red_king_crab,2003,191,0,0,0,1,0,0,1
TR03,bristol_bay,red_king_crab,2003,192,0,0,0,1,0,0,1
TR04,bristol_bay,red_king_crab,2004,102,0,0,0,1,0,0,1
TR04,bristol_bay,red_king_crab,2004,108,0,0,0,1,0,0,1
TR04,bristol_bay,red_king_crab,2004,117,0,0,0,1,0,0,1
TR04,bristol_bay,red_king_crab,2004,125,0,0,0,1,0,0,1
TR04,bristol_bay,red_king_crab,2004,126,0,0,0,0,0,1,1
TR04,bristol_bay,red_king_crab,2004,127,0,0,0,1,0,0,1
TR04,bristol_bay,red_king_crab,2004,128,0,0,0,2,0,0,2
TR04,bristol_bay,red_king_crab,2004,129,0,0,0,0,1,0,1
TR04,bristol_bay,red_king_crab,2004,130,0,0,0,6,2,0,8
TR04,bristol_bay,red_king_crab,2004,131,0,0,0,10,0,0,10
TR04,bristol_bay,red_king_crab,2004,132,0,0,0,20,6,0,26
TR04,bristol_bay,red_king_crab,2004,133,0,0,0,28,5,1,34
TR04,bristol_bay,red_king_crab,2004,134,0,0,0,47,11,1,59
TR04,bristol_bay,red_king_crab,2004,135,0,0,0,143,18,8,169
TR04,bristol_bay,red_king_crab,2004,136,0,0,0,121,22,5,148
TR04,bristol_bay,red_king_crab,2004,137,0,0,0,161,47,7,215
TR04,bristol_bay,red_king_crab,2004,138,0,0,0,237,36,11,284
TR04,bristol_bay,red_king_crab,2004,139,0,0,0,255,46,14,315
TR04,bristol_bay,red_king_crab,2004,140,0,0,0,456,80,20,556
TR04,bristol_bay,red_king_crab,2004,141,0,0,0,346,60,26,432
TR04,bristol_bay,red_king_crab,2004,142,0,0,0,514,100,27,641
TR04,bristol_bay,red_king_crab,2004,143,0,0,0,504,99,32,635
TR04,bristol_bay,red_king_crab,2004,144,0,0,0,510,81,32,623
TR04,bristol_bay,red_king_crab,2004,145,0,0,0,561,97,35,693
TR04,bristol_bay,red_king_crab,2004,146,0,0,0,537,138,33,708
TR04,bristol_bay,red_king_crab,2004,147,0,0,0,700,127,40,867
TR04,bristol_bay,red_king_crab,2004,148,0,0,0,674,111,34,819
TR04,bristol_bay,red_king_crab,2004,149,0,0,0,581,112,35,728
TR04,bristol_bay,red_king_crab,2004,150,0,0,0,822,140,44,1006
TR04,bristol_bay,red_king_crab,2004,151,0,0,0,595,131,35,761
TR04,bristol_bay,red_king_crab,2004,152,0,0,0,831,131,50,1012
TR04,bristol_bay,red_king_crab,2004,153,0,0,0,680,95,40,815
TR04,bristol_bay,red_king_crab,2004,154,0,0,0,676,100,31,807
TR04,bristol_bay,red_king_crab,2004,155,0,0,0,668,109,38,815
TR04,bristol_bay,red_king_crab,2004,156,0,0,0,603,142,48,793
TR04,bristol_bay,red_king_crab,2004,157,0,0,0,689,121,33,843
TR04,bristol_bay,red_king_crab,2004,158,0,0,0,540,100,36,676
TR04,bristol_bay,red_king_crab,2004,159,0,0,0,475,85,32,592
TR04,bristol_bay,red_king_crab,2004,160,0,0,0,636,93,39,768
TR04,bristol_bay,red_king_crab,2004,161,0,0,0,404,85,39,528
TR04,bristol_bay,red_king_crab,2004,162,0,0,0,525,99,38,662
TR04,bristol_bay,red_king_crab,2004,163,0,0,0,419,88,32,539
TR04,bristol_bay,red_king_crab,2004,164,0,0,0,429,85,36,550
TR04,bristol_bay,red_king_crab,2004,165,0,0,0,338,66,33,437
TR04,bristol_bay,red_king_crab,2004,166,0,0,0,301,65,32,398
TR04,bristol_bay,red_king_crab,2004,167,0,0,0,310,64,20,394
TR04,bristol_bay,red_king_crab,2004,168,0,0,0,296,58,29,383
TR04,bristol_bay,red_king_crab,2004,169,0,0,0,182,41,19,242
TR04,bristol_bay,red_king_crab,2004,170,0,0,0,218,48,29,295
TR04,bristol_bay,red_king_crab,2004,171,0,0,0,152,27,19,198
TR04,bristol_bay,red_king_crab,2004,172,0,0,0,150,43,15,208
TR04,bristol_bay,red_king_crab,2004,173,0,0,0,121,36,15,172
TR04,bristol_bay,red_king_crab,2004,174,0,0,0,79,25,13,117
TR04,bristol_bay,red_king_crab,2004,175,0,0,0,80,26,12,118
TR04,bristol_bay,red_king_crab,2004,176,0,0,0,57,18,9,84
TR04,bristol_bay,red_king_crab,2004,177,0,0,0,26,8,10,44
TR04,bristol_bay,red_king_crab,2004,178,0,0,0,35,10,6,51
TR04,bristol_bay,red_king_crab,2004,179,0,0,0,23,4,4,31
TR04,bristol_bay,red_king_crab,2004,180,0,0,0,27,6,2,35
TR04,bristol_bay,red_king_crab,2004,181,0,0,0,16,10,6,32
TR04,bristol_bay,red_king_crab,2004,182,0,0,0,20,6,2,28
TR04,bristol_bay,red_king_crab,2004,183,0,0,0,11,4,1,16
TR04,bristol_bay,red_king_crab,2004,184,0,0,0,8,1,1,10
TR04,bristol_bay,red_king_crab,2004,185,0,0,0,7,0,0,7
TR04,bristol_bay,red_king_crab,2004,186,0,0,0,2,3,1,6
TR04,bristol_bay,red_king_crab,2004,187,0,0,0,3,2,0,5
TR04,bristol_bay,red_king_crab,2004,188,0,0,0,2,1,0,3
TR04,bristol_bay,red_king_crab,2004,189,0,0,0,3,0,0,3
TR04,bristol_bay,red_king_crab,2004,190,0,0,0,1,0,0,1
TR04,bristol_bay,red_king_crab,2004,191,0,0,0,1,0,0,1
TR05,bristol_bay,red_king_crab,2005,87,0,0,0,1,0,0,1
TR05,bristol_bay,red_king_crab,2005,92,0,0,0,1,0,0,1
TR05,bristol_bay,red_king_crab,2005,94,0,0,0,1,0,0,1
TR05,bristol_bay,red_king_crab,2005,97,0,0,0,1,0,0,1
TR05,bristol_bay,red_king_crab,2005,109,0,0,0,1,0,0,1
TR05,bristol_bay,red_king_crab,2005,111,0,0,0,1,0,0,1
TR05,bristol_bay,red_king_crab,2005,115,0,0,0,1,0,0,1
TR05,bristol_bay,red_king_crab,2005,117,0,0,0,1,0,0,1
TR05,bristol_bay,red_king_crab,2005,122,0,0,0,2,0,0,2
TR05,bristol_bay,red_king_crab,2005,123,0,0,0,1,0,0,1
TR05,bristol_bay,red_king_crab,2005,125,0,0,0,3,0,0,3
TR05,bristol_bay,red_king_crab,2005,126,0,0,0,1,0,0,1
TR05,bristol_bay,red_king_crab,2005,127,0,0,0,4,0,0,4
TR05,bristol_bay,red_king_crab,2005,128,0,0,0,7,0,0,7
TR05,bristol_bay,red_king_crab,2005,129,0,0,0,5,3,0,8
TR05,bristol_bay,red_king_crab,2005,130,0,0,0,18,0,0,18
TR05,bristol_bay,red_king_crab,2005,131,0,0,0,35,3,0,38
TR05,bristol_bay,red_king_crab,2005,132,0,0,0,61,9,0,70
TR05,bristol_bay,red_king_crab,2005,133,0,0,0,80,14,0,94
TR05,bristol_bay,red_king_crab,2005,134,0,0,0,174,25,0,199
TR05,bristol_bay,red_king_crab,2005,135,0,0,0,240,30,1,271
TR05,bristol_bay,red_king_crab,2005,136,0,0,0,305,47,1,353
TR05,bristol_bay,red_king_crab,2005,137,0,0,0,407,58,2,467
TR05,bristol_bay,red_king_crab,2005,138,0,0,0,583,74,1,658
TR05,bristol_bay,red_king_crab,2005,139,0,0,0,554,91,6,651
TR05,bristol_bay,red_king_crab,2005,140,0,0,0,707,119,4,830
TR05,bristol_bay,red_king_crab,2005,141,0,0,0,651,115,3,769
TR05,bristol_bay,red_king_crab,2005,142,0,0,0,749,126,2,877
TR05,bristol_bay,red_king_crab,2005,143,0,0,0,812,153,10,975
TR05,bristol_bay,red_king_crab,2005,144,0,0,0,729,129,7,865
TR05,bristol_bay,red_king_crab,2005,145,0,0,0,786,160,11,957
TR05,bristol_bay,red_king_crab,2005,146,0,0,0,765,173,6,944
TR05,bristol_bay,red_king_crab,2005,147,0,0,0,769,189,9,967
TR05,bristol_bay,red_king_crab,2005,148,0,0,0,724,168,8,900
TR05,bristol_bay,red_king_crab,2005,149,0,0,0,682,179,16,877
TR05,bristol_bay,red_king_crab,2005,150,0,0,0,857,201,15,1073
TR05,bristol_bay,red_king_crab,2005,151,0,0,0,679,213,12,904
TR05,bristol_bay,red_king_crab,2005,152,0,0,0,828,215,12,1055
TR05,bristol_bay,red_king_crab,2005,153,0,0,0,780,229,19,1028
TR05,bristol_bay,red_king_crab,2005,154,0,0,0,687,221,25,933
TR05,bristol_bay,red_king_crab,2005,155,0,0,0,742,186,20,948
TR05,bristol_bay,red_king_crab,2005,156,0,0,0,641,222,17,880
TR05,bristol_bay,red_king_crab,2005,157,0,0,0,691,206,21,918
TR05,bristol_bay,red_king_crab,2005,158,0,0,0,610,191,22,823
TR05,bristol_bay,red_king_crab,2005,159,0,0,0,492,168,15,675
TR05,bristol_bay,red_king_crab,2005,160,0,0,0,593,163,13,769
TR05,bristol_bay,red_king_crab,2005,161,0,0,0,421,136,14,571
TR05,bristol_bay,red_king_crab,2005,162,0,0,0,498,152,12,662
TR05,bristol_bay,red_king_crab,2005,163,0,0,0,447,145,12,604
TR05,bristol_bay,red_king_crab,2005,164,0,0,0,422,121,22,565
TR05,bristol_bay,red_king_crab,2005,165,0,0,0,413,121,12,546
TR05,bristol_bay,red_king_crab,2005,166,0,0,0,338,107,9,454
TR05,bristol_bay,red_king_crab,2005,167,0,0,0,333,107,16,456
TR05,bristol_bay,red_king_crab,2005,168,0,0,0,284,84,14,382
TR05,bristol_bay,red_king_crab,2005,169,0,0,0,224,73,12,309
TR05,bristol_bay,red_king_crab,2005,170,0,0,0,214,59,10,283
TR05,bristol_bay,red_king_crab,2005,171,0,0,0,180,51,10,241
TR05,bristol_bay,red_king_crab,2005,172,0,0,0,148,42,10,200
TR05,bristol_bay,red_king_crab,2005,173,0,0,0,148,48,7,203
TR05,bristol_bay,red_king_crab,2005,174,0,0,0,85,32,5,122
TR05,bristol_bay,red_king_crab,2005,175,0,0,0,88,22,4,114
TR05,bristol_bay,red_king_crab,2005,176,0,0,0,71,22,4,97
TR05,bristol_bay,red_king_crab,2005,177,0,0,0,53,21,2,76
TR05,bristol_bay,red_king_crab,2005,178,0,0,0,38,19,2,59
TR05,bristol_bay,red_king_crab,2005,179,0,0,0,24,18,2,44
TR05,bristol_bay,red_king_crab,2005,180,0,0,0,30,9,1,40
TR05,bristol_bay,red_king_crab,2005,181,0,0,0,17,9,1,27
TR05,bristol_bay,red_king_crab,2005,182,0,0,0,16,7,3,26
TR05,bristol_bay,red_king_crab,2005,183,0,0,0,11,3,2,16
TR05,bristol_bay,red_king_crab,2005,184,0,0,0,11,2,0,13
TR05,bristol_bay,red_king_crab,2005,185,0,0,0,6,6,1,13
TR05,bristol_bay,red_king_crab,2005,186,0,0,0,6,4,0,10
TR05,bristol_bay,red_king_crab,2005,187,0,0,0,3,1,1,5
TR05,bristol_bay,red_king_crab,2005,188,0,0,0,0,1,0,1
TR05,bristol_bay,red_king_crab,2005,189,0,0,0,3,2,0,5
TR05,bristol_bay,red_king_crab,2005,190,0,0,0,2,1,1,4
TR05,bristol_bay,red_king_crab,2005,191,0,0,0,0,0,1,1
TR05,bristol_bay,red_king_crab,2005,194,0,0,0,0,1,0,1
TR05,bristol_bay,red_king_crab,2005,200,0,0,0,1,0,0,1
TR06,bristol_bay,red_king_crab,2006,119,0,0,0,2,0,0,2
TR06,bristol_bay,red_king_crab,2006,122,0,0,0,1,0,0,1
TR06,bristol_bay,red_king_crab,2006,123,0,0,0,1,0,0,1
TR06,bristol_bay,red_king_crab,2006,125,0,0,0,1,0,0,1
TR06,bristol_bay,red_king_crab,2006,127,0,0,0,3,0,0,3
TR06,bristol_bay,red_king_crab,2006,129,0,0,0,2,1,0,3
TR06,bristol_bay,red_king_crab,2006,130,0,0,0,6,2,0,8
TR06,bristol_bay,red_king_crab,2006,131,0,0,0,11,1,0,12
TR06,bristol_bay,red_king_crab,2006,132,0,0,0,22,5,0,27
TR06,bristol_bay,red_king_crab,2006,133,0,0,1,47,11,0,59
TR06,bristol_bay,red_king_crab,2006,134,0,0,0,65,13,2,80
TR06,bristol_bay,red_king_crab,2006,135,0,0,1,103,22,1,127
TR06,bristol_bay,red_king_crab,2006,136,0,0,0,135,34,4,173
TR06,bristol_bay,red_king_crab,2006,137,0,0,0,232,32,2,266
TR06,bristol_bay,red_king_crab,2006,138,0,0,0,324,40,2,366
TR06,bristol_bay,red_king_crab,2006,139,0,0,0,372,42,2,416
TR06,bristol_bay,red_king_crab,2006,140,0,0,0,511,66,5,582
TR06,bristol_bay,red_king_crab,2006,141,0,0,0,486,76,6,568
TR06,bristol_bay,red_king_crab,2006,142,0,0,0,636,108,12,756
TR06,bristol_bay,red_king_crab,2006,143,0,0,0,703,119,11,833
TR06,bristol_bay,red_king_crab,2006,144,0,0,0,630,110,13,753
TR06,bristol_bay,red_king_crab,2006,145,0,0,0,681,135,9,825
TR06,bristol_bay,red_king_crab,2006,146,0,0,0,659,107,11,777
TR06,bristol_bay,red_king_crab,2006,147,0,0,0,709,123,5,837
TR06,bristol_bay,red_king_crab,2006,148,0,0,0,701,142,13,856
TR06,bristol_bay,red_king_crab,2006,149,0,0,0,638,115,19,772
TR06,bristol_bay,red_king_crab,2006,150,0,0,0,658,116,14,788
TR06,bristol_bay,red_king_crab,2006,151,0,0,0,544,118,13,675
TR06,bristol_bay,red_king_crab,2006,152,0,0,0,561,111,19,691
TR06,bristol_bay,red_king_crab,2006,153,0,0,0,560,94,12,666
TR06,bristol_bay,red_king_crab,2006,154,0,0,0,531,125,17,673
TR06,bristol_bay,red_king_crab,2006,155,0,0,0,513,121,11,645
TR06,bristol_bay,red_king_crab,2006,156,0,0,0,429,92,8,529
TR06,bristol_bay,red_king_crab,2006,157,0,0,0,410,104,18,532
TR06,bristol_bay,red_king_crab,2006,158,0,0,0,370,88,9,467
TR06,bristol_bay,red_king_crab,2006,159,0,0,0,273,85,12,370
TR06,bristol_bay,red_king_crab,2006,160,0,0,0,309,97,12,418
TR06,bristol_bay,red_king_crab,2006,161,0,0,0,234,51,8,293
TR06,bristol_bay,red_king_crab,2006,162,0,0,0,263,82,11,356
TR06,bristol_bay,red_king_crab,2006,163,0,0,0,231,77,7,315
TR06,bristol_bay,red_king_crab,2006,164,0,0,0,190,58,8,256
TR06,bristol_bay,red_king_crab,2006,165,0,0,0,188,47,7,242
TR06,bristol_bay,red_king_crab,2006,166,0,0,0,184,37,8,229
TR06,bristol_bay,red_king_crab,2006,167,0,0,0,154,37,4,195
TR06,bristol_bay,red_king_crab,2006,168,0,0,0,113,42,5,160
TR06,bristol_bay,red_king_crab,2006,169,0,0,0,87,29,1,117
TR06,bristol_bay,red_king_crab,2006,170,0,0,0,117,29,3,149
TR06,bristol_bay,red_king_crab,2006,171,0,0,0,83,19,1,103
TR06,bristol_bay,red_king_crab,2006,172,0,0,0,78,16,4,98
TR06,bristol_bay,red_king_crab,2006,173,0,0,0,51,20,6,77
TR06,bristol_bay,red_king_crab,2006,174,0,0,0,36,19,3,58
TR06,bristol_bay,red_king_crab,2006,175,0,0,0,32,9,3,44
TR06,bristol_bay,red_king_crab,2006,176,0,0,0,32,10,1,43
TR06,bristol_bay,red_king_crab,2006,177,0,0,0,20,5,4,29
TR06,bristol_bay,red_king_crab,2006,178,0,0,0,25,10,3,38
TR06,bristol_bay,red_king_crab,2006,179,0,0,0,18,4,0,22
TR06,bristol_bay,red_king_crab,2006,180,0,0,0,13,1,0,14
TR06,bristol_bay,red_king_crab,2006,181,0,0,0,12,5,1,18
TR06,bristol_bay,red_king_crab,2006,182,0,0,0,3,3,0,6
TR06,bristol_bay,red_king_crab,2006,183,0,0,0,5,2,2,9
TR06,bristol_bay,red_king_crab,2006,184,0,0,0,6,1,0,7
TR06,bristol_bay,red_king_crab,2006,185,0,0,0,3,0,0,3
TR06,bristol_bay,red_king_crab,2006,186,0,0,0,1,0,0,1
TR06,bristol_bay,red_king_crab,2006,187,0,0,0,1,1,0,2
TR06,bristol_bay,red_king_crab,2006,188,0,0,0,3,0,0,3
TR06,bristol_bay,red_king_crab,2006,190,0,0,0,2,0,0,2
TR06,bristol_bay,red_king_crab,2006,191,0,0,0,1,0,0,1
TR06,bristol_bay,red_king_crab,2006,192,0,0,0,0,1,0,1
TR06,bristol_bay,red_king_crab,2006,193,0,0,0,0,1,0,1
TR06,bristol_bay,red_king_crab,2006,198,0,0,0,0,1,0,1
TR07,bristol_bay,red_king_crab,2007,102,0,0,0,1,0,0,1
TR07,bristol_bay,red_king_crab,2007,120,0,0,0,1,0,0,1
TR07,bristol_bay,red_king_crab,2007,121,0,0,0,1,0,0,1
TR07,bristol_bay,red_king_crab,2007,123,0,0,0,1,0,0,1
TR07,bristol_bay,red_king_crab,2007,124,0,0,0,1,0,0,1
TR07,bristol_bay,red_king_crab,2007,126,0,0,0,1,0,0,1
TR07,bristol_bay,red_king_crab,2007,128,0,0,0,3,0,0,3
TR07,bristol_bay,red_king_crab,2007,129,0,0,0,2,0,0,2
TR07,bristol_bay,red_king_crab,2007,130,0,0,0,1,0,0,1
TR07,bristol_bay,red_king_crab,2007,131,0,0,0,5,0,0,5
TR07,bristol_bay,red_king_crab,2007,132,0,0,0,17,0,1,18
TR07,bristol_bay,red_king_crab,2007,133,0,0,0,28,10,0,38
TR07,bristol_bay,red_king_crab,2007,134,0,0,0,68,20,0,88
TR07,bristol_bay,red_king_crab,2007,135,0,0,0,178,37,1,216
TR07,bristol_bay,red_king_crab,2007,136,0,0,0,196,63,1,260
TR07,bristol_bay,red_king_crab,2007,137,0,0,0,304,75,0,379
TR07,bristol_bay,red_king_crab,2007,138,0,0,0,402,115,4,521
TR07,bristol_bay,red_king_crab,2007,139,0,0,0,477,122,3,602
TR07,bristol_bay,red_king_crab,2007,140,0,0,1,599,177,8,785
TR07,bristol_bay,red_king_crab,2007,141,0,0,0,573,178,8,759
TR07,bristol_bay,red_king_crab,2007,142,0,0,0,643,205,11,859
TR07,bristol_bay,red_king_crab,2007,143,0,0,0,704,204,12,920
TR07,bristol_bay,red_king_crab,2007,144,0,0,0,608,229,13,850
TR07,bristol_bay,red_king_crab,2007,145,0,0,0,621,239,13,873
TR07,bristol_bay,red_king_crab,2007,146,0,0,0,601,243,15,859
TR07,bristol_bay,red_king_crab,2007,147,0,0,0,625,255,11,891
TR07,bristol_bay,red_king_crab,2007,148,0,0,0,592,295,20,907
TR07,bristol_bay,red_king_crab,2007,149,0,0,0,619,255,12,886
TR07,bristol_bay,red_king_crab,2007,150,0,0,0,615,283,11,909
TR07,bristol_bay,red_king_crab,2007,151,0,0,0,530,257,9,796
TR07,bristol_bay,red_king_crab,2007,152,0,0,0,584,269,17,870
TR07,bristol_bay,red_king_crab,2007,153,0,0,0,581,279,18,878
TR07,bristol_bay,red_king_crab,2007,154,0,0,0,498,245,15,758
TR07,bristol_bay,red_king_crab,2007,155,0,0,1,489,239,21,750
TR07,bristol_bay,red_king_crab,2007,156,0,0,0,473,205,10,688
TR07,bristol_bay,red_king_crab,2007,157,0,0,0,436,195,17,648
TR07,bristol_bay,red_king_crab,2007,158,0,0,0,450,216,12,678
TR07,bristol_bay,red_king_crab,2007,159,0,0,0,373,212,19,604
TR07,bristol_bay,red_king_crab,2007,160,0,0,0,371,169,11,551
TR07,bristol_bay,red_king_crab,2007,161,0,0,0,297,152,11,460
TR07,bristol_bay,red_king_crab,2007,162,0,0,0,297,146,16,459
TR07,bristol_bay,red_king_crab,2007,163,0,0,0,256,145,8,409
TR07,bristol_bay,red_king_crab,2007,164,0,0,0,234,125,13,372
TR07,bristol_bay,red_king_crab,2007,165,0,0,0,197,125,16,338
TR07,bristol_bay,red_king_crab,2007,166,0,0,0,171,107,12,290
TR07,bristol_bay,red_king_crab,2007,167,0,0,0,149,102,11,262
TR07,bristol_bay,red_king_crab,2007,168,0,0,0,123,102,10,235
TR07,bristol_bay,red_king_crab,2007,169,0,0,0,111,85,8,204
TR07,bristol_bay,red_king_crab,2007,170,0,0,0,88,82,9,179
TR07,bristol_bay,red_king_crab,2007,171,0,0,0,69,62,7,138
TR07,bristol_bay,red_king_crab,2007,172,0,0,0,56,67,4,127
TR07,bristol_bay,red_king_crab,2007,173,0,0,0,57,44,5,106
TR07,bristol_bay,red_king_crab,2007,174,0,0,0,26,44,4,74
TR07,bristol_bay,red_king_crab,2007,175,0,0,0,26,38,3,67
TR07,bristol_bay,red_king_crab,2007,176,0,0,0,22,27,2,51
TR07,bristol_bay,red_king_crab,2007,177,0,0,0,20,23,2,45
TR07,bristol_bay,red_king_crab,2007,178,0,0,0,15,18,5,38
TR07,bristol_bay,red_king_crab,2007,179,0,0,0,10,13,1,24
TR07,bristol_bay,red_king_crab,2007,180,0,0,0,8,10,1,19
TR07,bristol_bay,red_king_crab,2007,181,0,0,0,5,5,1,11
TR07,bristol_bay,red_king_crab,2007,182,0,0,0,3,7,0,10
TR07,bristol_bay,red_king_crab,2007,183,0,0,0,4,5,1,10
TR07,bristol_bay,red_king_crab,2007,184,0,0,0,2,6,1,9
TR07,bristol_bay,red_king_crab,2007,185,0,0,0,1,1,0,2
TR07,bristol_bay,red_king_crab,2007,186,0,0,0,2,4,0,6
TR07,bristol_bay,red_king_crab,2007,187,0,0,0,1,0,0,1
TR07,bristol_bay,red_king_crab,2007,188,0,0,0,0,0,1,1
TR07,bristol_bay,red_king_crab,2007,189,0,0,0,1,0,0,1
TR07,bristol_bay,red_king_crab,2007,190,0,0,0,0,1,0,1
TR07,bristol_bay,red_king_crab,2007,192,0,0,0,0,1,0,1
TR07,bristol_bay,red_king_crab,2007,199,0,0,0,0,1,0,1
TR08,bristol_bay,red_king_crab,2008,88,0,0,0,1,0,0,1
TR08,bristol_bay,red_king_crab,2008,92,0,0,0,1,0,0,1
TR08,bristol_bay,red_king_crab,2008,118,0,0,0,1,0,0,1
TR08,bristol_bay,red_king_crab,2008,121,0,0,0,1,0,0,1
TR08,bristol_bay,red_king_crab,2008,127,0,0,0,1,0,0,1
TR08,bristol_bay,red_king_crab,2008,129,0,0,0,1,1,0,2
TR08,bristol_bay,red_king_crab,2008,130,0,0,0,4,1,0,5
TR08,bristol_bay,red_king_crab,2008,131,0,0,0,12,0,0,12
TR08,bristol_bay,red_king_crab,2008,132,0,0,0,26,1,1,28
TR08,bristol_bay,red_king_crab,2008,133,0,0,0,43,3,1,47
TR08,bristol_bay,red_king_crab,2008,134,0,0,0,102,8,1,111
TR08,bristol_bay,red_king_crab,2008,135,0,0,0,163,18,0,181
TR08,bristol_bay,red_king_crab,2008,136,0,0,0,227,34,0,261
TR08,bristol_bay,red_king_crab,2008,137,0,0,0,289,39,1,329
TR08,bristol_bay,red_king_crab,2008,138,0,0,0,435,46,0,481
TR08,bristol_bay,red_king_crab,2008,139,0,0,0,439,46,0,485
TR08,bristol_bay,red_king_crab,2008,140,0,0,0,624,66,3,693
TR08,bristol_bay,red_king_crab,2008,141,0,0,0,605,77,0,682
TR08,bristol_bay,red_king_crab,2008,142,0,0,0,644,82,3,729
TR08,bristol_bay,red_king_crab,2008,143,0,0,0,684,89,4,777
TR08,bristol_bay,red_king_crab,2008,144,0,0,0,686,95,2,783
TR08,bristol_bay,red_king_crab,2008,145,0,0,0,732,113,5,850
TR08,bristol_bay,red_king_crab,2008,146,0,0,0,678,98,3,779
TR08,bristol_bay,red_king_crab,2008,147,0,0,0,674,116,4,794
TR08,bristol_bay,red_king_crab,2008,148,0,0,0,723,133,3,859
TR08,bristol_bay,red_king_crab,2008,149,0,0,0,731,141,8,880
TR08,bristol_bay,red_king_crab,2008,150,0,0,0,773,141,11,925
TR08,bristol_bay,red_king_crab,2008,151,0,0,0,678,125,8,811
TR08,bristol_bay,red_king_crab,2008,152,0,0,0,786,161,12,959
TR08,bristol_bay,red_king_crab,2008,153,0,0,0,727,154,9,890
TR08,bristol_bay,red_king_crab,2008,154,0,0,0,666,163,13,842
TR08,bristol_bay,red_king_crab,2008,155,0,0,0,719,161,14,894
TR08,bristol_bay,red_king_crab,2008,156,0,0,0,638,147,13,798
TR08,bristol_bay,red_king_crab,2008,157,0,0,0,640,186,14,840
TR08,bristol_bay,red_king_crab,2008,158,0,0,0,591,152,11,754
TR08,bristol_bay,red_king_crab,2008,159,0,0,0,558,142,11,711
TR08,bristol_bay,red_king_crab,2008,160,0,0,0,568,137,16,721
TR08,bristol_bay,red_king_crab,2008,161,0,0,0,461,146,11,618
TR08,bristol_bay,red_king_crab,2008,162,0,0,0,496,138,14,648
TR08,bristol_bay,red_king_crab,2008,163,0,0,0,428,129,11,568
TR08,bristol_bay,red_king_crab,2008,164,0,0,0,377,98,13,488
TR08,bristol_bay,red_king_crab,2008,165,0,0,0,416,112,16,544
TR08,bristol_bay,red_king_crab,2008,166,0,0,0,359,95,12,466
TR08,bristol_bay,red_king_crab,2008,167,0,0,0,308,82,8,398
TR08,bristol_bay,red_king_crab,2008,168,0,0,0,313,88,11,412
TR08,bristol_bay,red_king_crab,2008,169,0,0,0,254,64,10,328
TR08,bristol_bay,red_king_crab,2008,170,0,0,0,202,55,8,265
TR08,bristol_bay,red_king_crab,2008,171,0,0,0,154,47,10,211
TR08,bristol_bay,red_king_crab,2008,172,0,0,0,167,54,9,230
TR08,bristol_bay,red_king_crab,2008,173,0,0,0,131,41,8,180
TR08,bristol_bay,red_king_crab,2008,174,0,0,0,113,35,10,158
TR08,bristol_bay,red_king_crab,2008,175,0,0,0,87,36,5,128
TR08,bristol_bay,red_king_crab,2008,176,0,0,0,51,17,3,71
TR08,bristol_bay,red_king_crab,2008,177,0,0,0,41,18,3,62
TR08,bristol_bay,red_king_crab,2008,178,0,0,0,57,18,3,78
TR08,bristol_bay,red_king_crab,2008,179,0,0,0,42,16,1,59
TR08,bristol_bay,red_king_crab,2008,180,0,0,0,36,14,2,52
TR08,bristol_bay,red_king_crab,2008,181,0,0,0,27,7,4,38
TR08,bristol_bay,red_king_crab,2008,182,0,0,0,13,6,0,19
TR08,bristol_bay,red_king_crab,2008,183,0,0,0,8,3,2,13
TR08,bristol_bay,red_king_crab,2008,184,0,0,0,11,2,0,13
TR08,bristol_bay,red_king_crab,2008,185,0,0,0,11,3,0,14
TR08,bristol_bay,red_king_crab,2008,186,0,0,0,2,1,0,3
TR08,bristol_bay,red_king_crab,2008,187,0,0,0,2,0,0,2
TR08,bristol_bay,red_king_crab,2008,188,0,0,0,3,0,0,3
TR08,bristol_bay,red_king_crab,2008,189,0,0,0,4,1,0,5
TR08,bristol_bay,red_king_crab,2008,191,0,0,0,1,1,0,2
TR08,bristol_bay,red_king_crab,2008,193,0,0,0,1,0,0,1
TR08,bristol_bay,red_king_crab,2008,195,0,0,0,1,0,0,1
TR08,bristol_bay,red_king_crab,2008,199,0,0,0,1,0,0,1
TR09,bristol_bay,red_king_crab,2009,85,0,0,0,1,0,0,1
TR09,bristol_bay,red_king_crab,2009,125,0,0,0,1,0,0,1
TR09,bristol_bay,red_king_crab,2009,128,0,0,0,2,0,0,2
TR09,bristol_bay,red_king_crab,2009,129,0,0,0,1,0,0,1
TR09,bristol_bay,red_king_crab,2009,130,0,0,0,6,0,0,6
TR09,bristol_bay,red_king_crab,2009,131,0,0,0,9,0,0,9
TR09,bristol_bay,red_king_crab,2009,132,0,0,0,33,4,0,37
TR09,bristol_bay,red_king_crab,2009,133,0,0,0,50,1,0,51
TR09,bristol_bay,red_king_crab,2009,134,0,0,0,104,3,0,107
TR09,bristol_bay,red_king_crab,2009,135,0,0,0,220,8,0,228
TR09,bristol_bay,red_king_crab,2009,136,0,0,0,278,15,0,293
TR09,bristol_bay,red_king_crab,2009,137,0,0,0,389,20,0,409
TR09,bristol_bay,red_king_crab,2009,138,0,0,0,574,19,0,593
TR09,bristol_bay,red_king_crab,2009,139,0,0,0,670,30,0,700
TR09,bristol_bay,red_king_crab,2009,140,0,0,0,803,39,1,843
TR09,bristol_bay,red_king_crab,2009,141,0,0,0,745,44,0,789
TR09,bristol_bay,red_king_crab,2009,142,0,0,0,848,56,0,904
TR09,bristol_bay,red_king_crab,2009,143,0,0,0,810,44,0,854
TR09,bristol_bay,red_king_crab,2009,144,0,0,0,834,59,1,894
TR09,bristol_bay,red_king_crab,2009,145,0,0,0,904,58,0,962
TR09,bristol_bay,red_king_crab,2009,146,0,0,0,703,43,1,747
TR09,bristol_bay,red_king_crab,2009,147,0,0,0,679,57,3,739
TR09,bristol_bay,red_king_crab,2009,148,0,0,0,622,53,0,675
TR09,bristol_bay,red_king_crab,2009,149,0,0,0,607,70,0,677
TR09,bristol_bay,red_king_crab,2009,150,0,0,0,663,67,1,731
TR09,bristol_bay,red_king_crab,2009,151,0,0,0,494,92,3,589
TR09,bristol_bay,red_king_crab,2009,152,0,0,0,555,79,2,636
TR09,bristol_bay,red_king_crab,2009,153,0,0,0,490,69,1,560
TR09,bristol_bay,red_king_crab,2009,154,0,0,0,483,74,3,560
TR09,bristol_bay,red_king_crab,2009,155,0,0,0,406,79,1,486
TR09,bristol_bay,red_king_crab,2009,156,0,0,0,342,70,2,414
TR09,bristol_bay,red_king_crab,2009,157,0,0,0,337,98,2,437
TR09,bristol_bay,red_king_crab,2009,158,0,0,0,310,60,3,373
TR09,bristol_bay,red_king_crab,2009,159,0,0,0,299,85,2,386
TR09,bristol_bay,red_king_crab,2009,160,0,0,0,263,76,3,342
TR09,bristol_bay,red_king_crab,2009,161,0,0,0,227,55,2,284
TR09,bristol_bay,red_king_crab,2009,162,0,0,0,256,76,5,337
TR09,bristol_bay,red_king_crab,2009,163,0,0,0,222,80,4,306
TR09,bristol_bay,red_king_crab,2009,164,0,0,0,191,88,3,282
TR09,bristol_bay,red_king_crab,2009,165,0,0,0,187,59,1,247
TR09,bristol_bay,red_king_crab,2009,166,0,0,0,159,60,4,223
TR09,bristol_bay,red_king_crab,2009,167,0,0,0,154,51,4,209
TR09,bristol_bay,red_king_crab,2009,168,0,0,0,135,58,2,195
TR09,bristol_bay,red_king_crab,2009,169,0,0,0,123,50,2,175
TR09,bristol_bay,red_king_crab,2009,170,0,0,0,141,49,2,192
TR09,bristol_bay,red_king_crab,2009,171,0,0,0,89,30,5,124
TR09,bristol_bay,red_king_crab,2009,172,0,0,0,94,27,1,122
TR09,bristol_bay,red_king_crab,2009,173,0,0,0,71,25,4,100
TR09,bristol_bay,red_king_crab,2009,174,0,0,0,71,21,1,93
TR09,bristol_bay,red_king_crab,2009,175,0,0,0,63,26,1,90
TR09,bristol_bay,red_king_crab,2009,176,0,0,0,53,14,2,69
TR09,bristol_bay,red_king_crab,2009,177,0,0,0,36,5,2,43
TR09,bristol_bay,red_king_crab,2009,178,0,0,0,31,11,1,43
TR09,bristol_bay,red_king_crab,2009,179,0,0,0,24,11,1,36
TR09,bristol_bay,red_king_crab,2009,180,0,0,0,25,5,1,31
TR09,bristol_bay,red_king_crab,2009,181,0,0,0,20,4,1,25
TR09,bristol_bay,red_king_crab,2009,182,0,0,0,15,1,0,16
TR09,bristol_bay,red_king_crab,2009,183,0,0,0,22,3,0,25
TR09,bristol_bay,red_king_crab,2009,184,0,0,0,8,2,0,10
TR09,bristol_bay,red_king_crab,2009,185,0,0,0,5,1,0,6
TR09,bristol_bay,red_king_crab,2009,186,0,0,0,4,1,0,5
TR09,bristol_bay,red_king_crab,2009,187,0,0,0,6,0,0,6
TR09,bristol_bay,red_king_crab,2009,189,0,0,0,0,1,0,1
TR09,bristol_bay,red_king_crab,2009,190,0,0,0,2,0,0,2
TR09,bristol_bay,red_king_crab,2009,192,0,0,0,1,0,0,1
TR09,bristol_bay,red_king_crab,2009,193,0,0,0,0,1,0,1
TR09,bristol_bay,red_king_crab,2009,194,0,0,0,1,0,0,1
TR10,bristol_bay,red_king_crab,2010,81,0,0,0,1,0,0,1
TR10,bristol_bay,red_king_crab,2010,118,0,0,0,1,0,0,1
TR10,bristol_bay,red_king_crab,2010,123,0,0,0,1,0,0,1
TR10,bristol_bay,red_king_crab,2010,126,0,0,0,1,0,0,1
TR10,bristol_bay,red_king_crab,2010,127,0,0,0,3,0,0,3
TR10,bristol_bay,red_king_crab,2010,129,0,0,0,2,0,0,2
TR10,bristol_bay,red_king_crab,2010,130,0,0,0,4,1,0,5
TR10,bristol_bay,red_king_crab,2010,131,0,0,0,8,1,0,9
TR10,bristol_bay,red_king_crab,2010,132,0,0,0,29,5,0,34
TR10,bristol_bay,red_king_crab,2010,133,0,0,0,35,2,0,37
TR10,bristol_bay,red_king_crab,2010,134,0,0,0,86,12,0,98
TR10,bristol_bay,red_king_crab,2010,135,0,0,0,149,11,0,160
TR10,bristol_bay,red_king_crab,2010,136,0,0,0,252,23,0,275
TR10,bristol_bay,red_king_crab,2010,137,0,0,0,383,24,0,407
TR10,bristol_bay,red_king_crab,2010,138,0,0,0,491,56,1,548
TR10,bristol_bay,red_king_crab,2010,139,0,0,0,577,48,2,627
TR10,bristol_bay,red_king_crab,2010,140,0,0,0,751,48,0,799
TR10,bristol_bay,red_king_crab,2010,141,0,0,0,793,56,2,851
TR10,bristol_bay,red_king_crab,2010,142,0,0,0,919,75,1,995
TR10,bristol_bay,red_king_crab,2010,143,0,0,0,890,83,1,974
TR10,bristol_bay,red_king_crab,2010,144,0,0,0,875,71,2,948
TR10,bristol_bay,red_king_crab,2010,145,0,0,0,930,78,1,1009
TR10,bristol_bay,red_king_crab,2010,146,0,0,1,774,56,3,834
TR10,bristol_bay,red_king_crab,2010,147,0,0,0,861,62,2,925
TR10,bristol_bay,red_king_crab,2010,148,0,0,0,874,67,2,943
TR10,bristol_bay,red_king_crab,2010,149,0,0,0,756,77,4,837
TR10,bristol_bay,red_king_crab,2010,150,0,0,0,772,82,3,857
TR10,bristol_bay,red_king_crab,2010,151,0,0,0,718,73,6,797
TR10,bristol_bay,red_king_crab,2010,152,0,0,0,739,69,1,809
TR10,bristol_bay,red_king_crab,2010,153,0,0,0,611,77,4,692
TR10,bristol_bay,red_king_crab,2010,154,0,0,0,558,68,0,626
TR10,bristol_bay,red_king_crab,2010,155,0,0,0,519,62,1,582
TR10,bristol_bay,red_king_crab,2010,156,0,0,0,436,59,5,500
TR10,bristol_bay,red_king_crab,2010,157,0,0,0,428,61,1,490
TR10,bristol_bay,red_king_crab,2010,158,0,0,0,341,57,3,401
TR10,bristol_bay,red_king_crab,2010,159,0,0,0,299,57,4,360
TR10,bristol_bay,red_king_crab,2010,160,0,0,0,310,50,1,361
TR10,bristol_bay,red_king_crab,2010,161,0,0,0,240,63,2,305
TR10,bristol_bay,red_king_crab,2010,162,0,0,0,237,69,1,307
TR10,bristol_bay,red_king_crab,2010,163,0,0,0,186,58,5,249
TR10,bristol_bay,red_king_crab,2010,164,0,0,0,153,44,2,199
TR10,bristol_bay,red_king_crab,2010,165,0,0,0,184,44,5,233
TR10,bristol_bay,red_king_crab,2010,166,0,0,0,126,45,5,176
TR10,bristol_bay,red_king_crab,2010,167,0,0,0,124,40,1,165
TR10,bristol_bay,red_king_crab,2010,168,0,0,0,124,47,2,173
TR10,bristol_bay,red_king_crab,2010,169,0,0,0,87,29,1,117
TR10,bristol_bay,red_king_crab,2010,170,0,0,0,72,25,0,97
TR10,bristol_bay,red_king_crab,2010,171,0,0,0,74,23,0,97
TR10,bristol_bay,red_king_crab,2010,172,0,0,0,54,27,4,85
TR10,bristol_bay,red_king_crab,2010,173,0,0,0,52,21,0,73
TR10,bristol_bay,red_king_crab,2010,174,0,0,0,48,18,0,66
TR10,bristol_bay,red_king_crab,2010,175,0,0,0,30,16,2,48
TR10,bristol_bay,red_king_crab,2010,176,0,0,0,22,9,0,31
TR10,bristol_bay,red_king_crab,2010,177,0,0,0,19,8,1,28
TR10,bristol_bay,red_king_crab,2010,178,0,0,0,16,6,0,22
TR10,bristol_bay,red_king_crab,2010,179,0,0,0,9,5,0,14
TR10,bristol_bay,red_king_crab,2010,180,0,0,0,10,7,1,18
TR10,bristol_bay,red_king_crab,2010,181,0,0,0,4,3,0,7
TR10,bristol_bay,red_king_crab,2010,182,0,0,0,3,3,0,6
TR10,bristol_bay,red_king_crab,2010,183,0,0,0,1,4,0,5
TR10,bristol_bay,red_king_crab,2010,184,0,0,0,3,0,0,3
TR10,bristol_bay,red_king_crab,2010,185,0,0,0,3,3,0,6
TR10,bristol_bay,red_king_crab,2010,186,0,0,0,4,0,0,4
TR10,bristol_bay,red_king_crab,2010,187,0,0,0,1,3,0,4
TR10,bristol_bay,red_king_crab,2010,188,0,0,0,2,1,0,3
TR10,bristol_bay,red_king_crab,2010,189,0,0,0,2,0,0,2
TR10,bristol_bay,red_king_crab,2010,191,0,0,0,0,1,0,1
TR10,bristol_bay,red_king_crab,2010,193,0,0,0,0,3,0,3
TR10,bristol_bay,red_king_crab,2010,194,0,0,0,0,1,0,1
TR11,bristol_bay,red_king_crab,2011,92,0,0,0,1,0,0,1
TR11,bristol_bay,red_king_crab,2011,118,0,0,0,2,0,0,2
TR11,bristol_bay,red_king_crab,2011,119,0,0,0,1,0,0,1
TR11,bristol_bay,red_king_crab,2011,124,0,0,0,1,0,0,1
TR11,bristol_bay,red_king_crab,2011,127,0,0,0,1,0,0,1
TR11,bristol_bay,red_king_crab,2011,129,0,0,0,2,0,0,2
TR11,bristol_bay,red_king_crab,2011,130,0,0,0,3,0,0,3
TR11,bristol_bay,red_king_crab,2011,131,0,0,0,5,0,0,5
TR11,bristol_bay,red_king_crab,2011,132,0,0,0,24,0,0,24
TR11,bristol_bay,red_king_crab,2011,133,0,0,0,24,3,0,27
TR11,bristol_bay,red_king_crab,2011,134,0,0,0,63,1,0,64
TR11,bristol_bay,red_king_crab,2011,135,0,0,0,97,3,0,100
TR11,bristol_bay,red_king_crab,2011,136,0,0,0,168,7,0,175
TR11,bristol_bay,red_king_crab,2011,137,0,0,0,252,9,0,261
TR11,bristol_bay,red_king_crab,2011,138,0,0,0,349,18,0,367
TR11,bristol_bay,red_king_crab,2011,139,0,0,0,359,21,1,381
TR11,bristol_bay,red_king_crab,2011,140,0,0,0,448,33,0,481
TR11,bristol_bay,red_king_crab,2011,141,0,0,0,467,32,1,500
TR11,bristol_bay,red_king_crab,2011,142,0,0,0,501,33,1,535
TR11,bristol_bay,red_king_crab,2011,143,0,0,0,555,33,0,588
TR11,bristol_bay,red_king_crab,2011,144,0,0,0,495,50,0,545
TR11,bristol_bay,red_king_crab,2011,145,0,0,0,457,48,0,505
TR11,bristol_bay,red_king_crab,2011,146,0,0,0,507,51,0,558
TR11,bristol_bay,red_king_crab,2011,147,0,0,0,401,55,0,456
TR11,bristol_bay,red_king_crab,2011,148,0,0,0,467,60,2,529
TR11,bristol_bay,red_king_crab,2011,149,0,0,0,384,66,0,450
TR11,bristol_bay,red_king_crab,2011,150,0,0,0,386,64,0,450
TR11,bristol_bay,red_king_crab,2011,151,0,0,0,308,40,0,348
TR11,bristol_bay,red_king_crab,2011,152,0,0,0,323,61,1,385
TR11,bristol_bay,red_king_crab,2011,153,0,0,0,356,42,0,398
TR11,bristol_bay,red_king_crab,2011,154,0,0,0,262,42,1,305
TR11,bristol_bay,red_king_crab,2011,155,0,0,0,241,45,1,287
TR11,bristol_bay,red_king_crab,2011,156,0,0,0,222,35,1,258
TR11,bristol_bay,red_king_crab,2011,157,0,0,0,201,37,0,238
TR11,bristol_bay,red_king_crab,2011,158,0,0,0,183,44,1,228
TR11,bristol_bay,red_king_crab,2011,159,0,1,0,147,24,0,172
TR11,bristol_bay,red_king_crab,2011,160,0,0,0,154,31,2,187
TR11,bristol_bay,red_king_crab,2011,161,0,1,0,123,20,0,144
TR11,bristol_bay,red_king_crab,2011,162,0,0,0,111,23,0,134
TR11,bristol_bay,red_king_crab,2011,163,0,0,0,92,22,1,115
TR11,bristol_bay,red_king_crab,2011,164,0,0,0,99,23,0,122
TR11,bristol_bay,red_king_crab,2011,165,0,0,0,72,9,0,81
TR11,bristol_bay,red_king_crab,2011,166,0,0,0,58,12,0,70
TR11,bristol_bay,red_king_crab,2011,167,0,0,0,64,17,3,84
TR11,bristol_bay,red_king_crab,2011,168,0,0,0,50,20,1,71
TR11,bristol_bay,red_king_crab,2011,169,0,0,0,34,10,0,44
TR11,bristol_bay,red_king_crab,2011,170,0,0,0,32,15,0,47
TR11,bristol_bay,red_king_crab,2011,171,0,0,0,21,11,0,32
TR11,bristol_bay,red_king_crab,2011,172,0,0,0,20,8,1,29
TR11,bristol_bay,red_king_crab,2011,173,0,0,0,17,4,0,21
TR11,bristol_bay,red_king_crab,2011,174,0,0,0,18,3,0,21
TR11,bristol_bay,red_king_crab,2011,175,0,0,0,13,4,1,18
TR11,bristol_bay,red_king_crab,2011,176,0,0,0,9,3,0,12
TR11,bristol_bay,red_king_crab,2011,177,0,0,0,4,2,0,6
TR11,bristol_bay,red_king_crab,2011,178,0,0,0,9,2,0,11
TR11,bristol_bay,red_king_crab,2011,179,0,0,0,1,1,0,2
TR11,bristol_bay,red_king_crab,2011,180,0,0,0,2,2,0,4
TR11,bristol_bay,red_king_crab,2011,181,0,0,0,2,2,0,4
TR11,bristol_bay,red_king_crab,2011,182,0,0,0,1,2,0,3
TR11,bristol_bay,red_king_crab,2011,183,0,0,0,3,1,0,4
TR11,bristol_bay,red_king_crab,2011,184,0,0,0,1,0,0,1
TR11,bristol_bay,red_king_crab,2011,185,0,0,0,2,0,0,2
TR11,bristol_bay,red_king_crab,2011,186,0,0,0,1,0,0,1
TR11,bristol_bay,red_king_crab,2011,188,0,0,0,2,0,0,2
TR11,bristol_bay,red_king_crab,2011,190,0,0,0,1,0,0,1
TR12,bristol_bay,red_king_crab,2012,105,0,0,0,1,0,0,1
TR12,bristol_bay,red_king_crab,2012,116,0,0,0,1,0,0,1
TR12,bristol_bay,red_king_crab,2012,130,0,0,0,3,1,0,4
TR12,bristol_bay,red_king_crab,2012,131,0,0,0,3,0,0,3
TR12,bristol_bay,red_king_crab,2012,132,0,0,0,6,0,0,6
TR12,bristol_bay,red_king_crab,2012,133,0,0,0,1,2,0,3
TR12,bristol_bay,red_king_crab,2012,134,0,0,0,22,1,0,23
TR12,bristol_bay,red_king_crab,2012,135,0,0,0,40,4,0,44
TR12,bristol_bay,red_king_crab,2012,136,0,0,0,50,6,0,56
TR12,bristol_bay,red_king_crab,2012,137,0,0,0,69,5,0,74
TR12,bristol_bay,red_king_crab,2012,138,0,0,0,118,10,0,128
TR12,bristol_bay,red_king_crab,2012,139,0,0,0,138,8,0,146
TR12,bristol_bay,red_king_crab,2012,140,0,2,0,171,10,0,183
TR12,bristol_bay,red_king_crab,2012,141,0,0,0,175,16,0,191
TR12,bristol_bay,red_king_crab,2012,142,0,0,0,211,25,0,236
TR12,bristol_bay,red_king_crab,2012,143,0,0,0,267,21,0,288
TR12,bristol_bay,red_king_crab,2012,144,0,0,0,207,26,0,233
TR12,bristol_bay,red_king_crab,2012,145,0,0,0,242,30,2,274
TR12,bristol_bay,red_king_crab,2012,146,0,0,0,252,38,1,291
TR12,bristol_bay,red_king_crab,2012,147,0,0,0,260,31,1,292
TR12,bristol_bay,red_king_crab,2012,148,0,0,0,346,49,0,395
TR12,bristol_bay,red_king_crab,2012,149,0,0,0,275,36,0,311
TR12,bristol_bay,red_king_crab,2012,150,0,0,0,297,44,1,342
TR12,bristol_bay,red_king_crab,2012,151,0,0,0,285,31,0,316
TR12,bristol_bay,red_king_crab,2012,152,0,0,0,297,45,1,343
TR12,bristol_bay,red_king_crab,2012,153,0,0,0,299,43,0,342
TR12,bristol_bay,red_king_crab,2012,154,0,0,0,318,44,0,362
TR12,bristol_bay,red_king_crab,2012,155,0,0,0,269,46,1,316
TR12,bristol_bay,red_king_crab,2012,156,0,0,0,231,52,1,284
TR12,bristol_bay,red_king_crab,2012,157,0,0,0,262,40,1,303
TR12,bristol_bay,red_king_crab,2012,158,0,0,0,268,51,1,320
TR12,bristol_bay,red_king_crab,2012,159,0,0,0,232,45,1,278
TR12,bristol_bay,red_king_crab,2012,160,0,0,0,205,35,0,240
TR12,bristol_bay,red_king_crab,2012,161,0,0,0,165,37,2,204
TR12,bristol_bay,red_king_crab,2012,162,0,0,0,206,37,0,243
TR12,bristol_bay,red_king_crab,2012,163,0,0,0,186,34,0,220
TR12,bristol_bay,red_king_crab,2012,164,0,0,0,185,40,1,226
TR12,bristol_bay,red_king_crab,2012,165,0,0,0,184,27,1,212
TR12,bristol_bay,red_king_crab,2012,166,0,0,0,141,18,0,159
TR12,bristol_bay,red_king_crab,2012,167,0,0,0,131,28,2,161
TR12,bristol_bay,red_king_crab,2012,168,0,0,0,140,26,2,168
TR12,bristol_bay,red_king_crab,2012,169,0,0,0,102,17,0,119
TR12,bristol_bay,red_king_crab,2012,170,0,0,0,91,13,3,107
TR12,bristol_bay,red_king_crab,2012,171,0,0,0,83,11,2,96
TR12,bristol_bay,red_king_crab,2012,172,0,0,0,76,19,1,96
TR12,bristol_bay,red_king_crab,2012,173,0,0,0,75,5,0,80
TR12,bristol_bay,red_king_crab,2012,174,0,0,0,58,11,0,69
TR12,bristol_bay,red_king_crab,2012,175,0,2,0,39,5,0,46
TR12,bristol_bay,red_king_crab,2012,176,0,0,0,30,2,1,33
TR12,bristol_bay,red_king_crab,2012,177,0,0,0,38,5,0,43
TR12,bristol_bay,red_king_crab,2012,178,0,0,0,35,5,0,40
TR12,bristol_bay,red_king_crab,2012,179,0,0,0,21,3,0,24
TR12,bristol_bay,red_king_crab,2012,180,0,0,0,22,3,0,25
TR12,bristol_bay,red_king_crab,2012,181,0,0,0,18,1,1,20
TR12,bristol_bay,red_king_crab,2012,182,0,0,0,13,3,0,16
TR12,bristol_bay,red_king_crab,2012,183,1,0,0,11,1,0,13
TR12,bristol_bay,red_king_crab,2012,184,0,0,0,8,2,0,10
TR12,bristol_bay,red_king_crab,2012,185,0,0,0,5,2,0,7
TR12,bristol_bay,red_king_crab,2012,186,0,0,0,2,0,0,2
TR12,bristol_bay,red_king_crab,2012,187,0,0,0,5,2,0,7
TR12,bristol_bay,red_king_crab,2012,188,0,0,0,3,1,0,4
TR12,bristol_bay,red_king_crab,2012,189,0,0,0,2,0,0,2
TR12,bristol_bay,red_king_crab,2012,190,0,0,0,1,0,0,1
TR12,bristol_bay,red_king_crab,2012,196,0,0,0,1,0,0,1
TR12,bristol_bay,red_king_crab,2012,197,0,0,0,1,0,0,1
TR13,bristol_bay,red_king_crab,2013,100,0,0,0,1,0,0,1
TR13,bristol_bay,red_king_crab,2013,108,0,0,0,1,0,0,1
TR13,bristol_bay,red_king_crab,2013,124,0,0,0,1,0,0,1
TR13,bristol_bay,red_king_crab,2013,127,0,0,0,1,0,0,1
TR13,bristol_bay,red_king_crab,2013,131,0,0,0,0,2,0,2
TR13,bristol_bay,red_king_crab,2013,132,0,0,0,8,0,0,8
TR13,bristol_bay,red_king_crab,2013,133,0,0,0,12,1,0,13
TR13,bristol_bay,red_king_crab,2013,134,0,0,0,29,4,0,33
TR13,bristol_bay,red_king_crab,2013,135,0,0,0,50,4,1,55
TR13,bristol_bay,red_king_crab,2013,136,0,0,0,54,5,0,59
TR13,bristol_bay,red_king_crab,2013,137,0,0,0,80,10,0,90
TR13,bristol_bay,red_king_crab,2013,138,0,0,0,168,17,0,185
TR13,bristol_bay,red_king_crab,2013,139,0,0,0,143,13,0,156
TR13,bristol_bay,red_king_crab,2013,140,0,0,0,232,21,0,253
TR13,bristol_bay,red_king_crab,2013,141,0,0,0,197,27,0,224
TR13,bristol_bay,red_king_crab,2013,142,0,0,0,221,37,1,259
TR13,bristol_bay,red_king_crab,2013,143,0,0,0,272,30,2,304
TR13,bristol_bay,red_king_crab,2013,144,0,0,0,238,43,1,282
TR13,bristol_bay,red_king_crab,2013,145,0,0,0,234,45,2,281
TR13,bristol_bay,red_king_crab,2013,146,0,0,0,247,41,1,289
TR13,bristol_bay,red_king_crab,2013,147,0,0,0,253,51,6,310
TR13,bristol_bay,red_king_crab,2013,148,0,0,0,308,49,1,358
TR13,bristol_bay,red_king_crab,2013,149,0,0,0,232,68,4,304
TR13,bristol_bay,red_king_crab,2013,150,0,0,0,263,67,4,334
TR13,bristol_bay,red_king_crab,2013,151,0,0,0,202,67,2,271
TR13,bristol_bay,red_king_crab,2013,152,0,0,0,300,64,2,366
TR13,bristol_bay,red_king_crab,2013,153,0,0,0,295,80,5,380
TR13,bristol_bay,red_king_crab,2013,154,0,0,0,303,68,7,378
TR13,bristol_bay,red_king_crab,2013,155,0,0,0,291,81,8,380
TR13,bristol_bay,red_king_crab,2013,156,0,0,0,247,77,10,334
TR13,bristol_bay,red_king_crab,2013,157,0,0,0,247,80,7,334
TR13,bristol_bay,red_king_crab,2013,158,0,0,0,282,67,6,355
TR13,bristol_bay,red_king_crab,2013,159,0,0,0,222,69,3,294
TR13,bristol_bay,red_king_crab,2013,160,0,0,0,260,70,4,334
TR13,bristol_bay,red_king_crab,2013,161,0,0,0,186,53,6,245
TR13,bristol_bay,red_king_crab,2013,162,0,0,0,230,71,3,304
TR13,bristol_bay,red_king_crab,2013,163,0,0,0,265,75,7,347
TR13,bristol_bay,red_king_crab,2013,164,0,0,0,191,60,2,253
TR13,bristol_bay,red_king_crab,2013,165,0,0,0,201,55,6,262
TR13,bristol_bay,red_king_crab,2013,166,0,0,0,152,43,4,199
TR13,bristol_bay,red_king_crab,2013,167,0,0,0,177,46,5,228
TR13,bristol_bay,red_king_crab,2013,168,0,0,0,164,46,4,214
TR13,bristol_bay,red_king_crab,2013,169,0,0,0,127,39,3,169
TR13,bristol_bay,red_king_crab,2013,170,0,0,0,137,26,2,165
TR13,bristol_bay,red_king_crab,2013,171,0,0,0,103,30,2,135
TR13,bristol_bay,red_king_crab,2013,172,0,0,0,83,33,0,116
TR13,bristol_bay,red_king_crab,2013,173,0,0,0,76,25,1,102
TR13,bristol_bay,red_king_crab,2013,174,0,0,0,64,27,2,93
TR13,bristol_bay,red_king_crab,2013,175,0,0,0,54,22,1,77
TR13,bristol_bay,red_king_crab,2013,176,0,0,0,41,11,0,52
TR13,bristol_bay,red_king_crab,2013,177,0,0,0,30,14,2,46
TR13,bristol_bay,red_king_crab,2013,178,0,0,0,21,10,1,32
TR13,bristol_bay,red_king_crab,2013,179,0,0,0,21,12,1,34
TR13,bristol_bay,red_king_crab,2013,180,0,0,0,19,5,0,24
TR13,bristol_bay,red_king_crab,2013,181,0,0,0,11,4,0,15
TR13,bristol_bay,red_king_crab,2013,182,0,0,0,8,5,0,13
TR13,bristol_bay,red_king_crab,2013,183,0,0,0,10,4,0,14
TR13,bristol_bay,red_king_crab,2013,184,0,0,0,4,0,0,4
TR13,bristol_bay,red_king_crab,2013,185,0,0,0,4,2,0,6
TR13,bristol_bay,red_king_crab,2013,186,0,0,0,1,1,0,2
TR13,bristol_bay,red_king_crab,2013,187,0,0,0,0,3,0,3
TR13,bristol_bay,red_king_crab,2013,188,0,0,0,3,2,0,5
TR13,bristol_bay,red_king_crab,2013,189,0,0,0,2,1,0,3
TR13,bristol_bay,red_king_crab,2013,190,0,0,0,0,1,0,1
TR13,bristol_bay,red_king_crab,2013,191,0,0,0,2,0,0,2
TR13,bristol_bay,red_king_crab,2013,192,0,0,0,1,0,0,1
TR13,bristol_bay,red_king_crab,2013,194,0,0,0,1,0,0,1
TR14,bristol_bay,red_king_crab,2014,127,0,0,0,1,0,0,1
TR14,bristol_bay,red_king_crab,2014,128,0,0,0,2,0,0,2
TR14,bristol_bay,red_king_crab,2014,129,0,0,0,1,0,0,1
TR14,bristol_bay,red_king_crab,2014,130,0,0,0,3,1,0,4
TR14,bristol_bay,red_king_crab,2014,131,0,0,0,9,2,0,11
TR14,bristol_bay,red_king_crab,2014,132,0,0,0,17,5,0,22
TR14,bristol_bay,red_king_crab,2014,133,0,0,0,21,5,0,26
TR14,bristol_bay,red_king_crab,2014,134,0,0,0,43,7,0,50
TR14,bristol_bay,red_king_crab,2014,135,0,0,0,88,17,0,105
TR14,bristol_bay,red_king_crab,2014,136,0,0,0,117,21,0,138
TR14,bristol_bay,red_king_crab,2014,137,0,0,0,150,39,0,189
TR14,bristol_bay,red_king_crab,2014,138,0,0,0,191,45,0,236
TR14,bristol_bay,red_king_crab,2014,139,0,0,0,213,58,0,271
TR14,bristol_bay,red_king_crab,2014,140,0,0,0,271,62,0,333
TR14,bristol_bay,red_king_crab,2014,141,0,0,0,261,64,0,325
TR14,bristol_bay,red_king_crab,2014,142,0,0,0,292,82,2,376
TR14,bristol_bay,red_king_crab,2014,143,0,0,0,265,75,0,340
TR14,bristol_bay,red_king_crab,2014,144,0,0,0,308,90,1,399
TR14,bristol_bay,red_king_crab,2014,145,0,0,0,298,77,0,375
TR14,bristol_bay,red_king_crab,2014,146,0,0,0,243,55,1,299
TR14,bristol_bay,red_king_crab,2014,147,0,0,0,271,72,0,343
TR14,bristol_bay,red_king_crab,2014,148,0,0,0,250,66,2,318
TR14,bristol_bay,red_king_crab,2014,149,0,0,0,247,73,0,320
TR14,bristol_bay,red_king_crab,2014,150,0,0,0,230,87,2,319
TR14,bristol_bay,red_king_crab,2014,151,0,0,0,200,66,1,267
TR14,bristol_bay,red_king_crab,2014,152,0,0,0,212,82,2,296
TR14,bristol_bay,red_king_crab,2014,153,0,0,0,203,63,0,266
TR14,bristol_bay,red_king_crab,2014,154,0,0,0,185,78,1,264
TR14,bristol_bay,red_king_crab,2014,155,0,0,0,201,69,0,270
TR14,bristol_bay,red_king_crab,2014,156,0,0,0,164,58,1,223
TR14,bristol_bay,red_king_crab,2014,157,0,0,0,171,90,5,266
TR14,bristol_bay,red_king_crab,2014,158,0,0,0,164,83,3,250
TR14,bristol_bay,red_king_crab,2014,159,0,0,0,122,73,5,200
TR14,bristol_bay,red_king_crab,2014,160,0,0,0,146,91,4,241
TR14,bristol_bay,red_king_crab,2014,161,0,0,0,153,80,5,238
TR14,bristol_bay,red_king_crab,2014,162,0,0,0,115,101,1,217
TR14,bristol_bay,red_king_crab,2014,163,0,0,0,110,73,5,188
TR14,bristol_bay,red_king_crab,2014,164,0,0,0,105,80,5,190
TR14,bristol_bay,red_king_crab,2014,165,0,0,0,124,78,3,205
TR14,bristol_bay,red_king_crab,2014,166,0,0,0,77,48,2,127
TR14,bristol_bay,red_king_crab,2014,167,0,0,0,108,70,3,181
TR14,bristol_bay,red_king_crab,2014,168,0,0,0,69,54,5,128
TR14,bristol_bay,red_king_crab,2014,169,0,0,0,75,56,4,135
TR14,bristol_bay,red_king_crab,2014,170,0,0,0,55,48,2,105
TR14,bristol_bay,red_king_crab,2014,171,0,0,0,45,43,1,89
TR14,bristol_bay,red_king_crab,2014,172,0,0,0,51,46,1,98
TR14,bristol_bay,red_king_crab,2014,173,0,0,0,40,33,2,75
TR14,bristol_bay,red_king_crab,2014,174,0,0,0,53,24,3,80
TR14,bristol_bay,red_king_crab,2014,175,0,0,0,37,16,1,54
TR14,bristol_bay,red_king_crab,2014,176,0,0,0,22,17,2,41
TR14,bristol_bay,red_king_crab,2014,177,0,0,0,25,16,3,44
TR14,bristol_bay,red_king_crab,2014,178,0,0,0,14,17,2,33
TR14,bristol_bay,red_king_crab,2014,179,0,0,0,26,15,1,42
TR14,bristol_bay,red_king_crab,2014,180,0,0,0,15,9,0,24
TR14,bristol_bay,red_king_crab,2014,181,0,0,0,10,5,3,18
TR14,bristol_bay,red_king_crab,2014,182,0,0,0,13,4,0,17
TR14,bristol_bay,red_king_crab,2014,183,0,0,0,4,5,0,9
TR14,bristol_bay,red_king_crab,2014,184,0,0,0,5,2,0,7
TR14,bristol_bay,red_king_crab,2014,185,0,0,0,5,2,0,7
TR14,bristol_bay,red_king_crab,2014,186,0,0,0,3,0,0,3
TR14,bristol_bay,red_king_crab,2014,187,0,0,0,3,0,0,3
TR14,bristol_bay,red_king_crab,2014,188,0,0,0,1,1,0,2
TR14,bristol_bay,red_king_crab,2014,189,0,0,0,2,0,0,2
TR14,bristol_bay,red_king_crab,2014,190,0,0,0,1,0,0,1
TR14,bristol_bay,red_king_crab,2014,191,0,0,0,0,1,0,1
TR14,bristol_bay,red_king_crab,2014,192,0,0,0,1,2,0,3
TR14,bristol_bay,red_king_crab,2014,193,0,0,0,0,1,0,1
TR14,bristol_bay,red_king_crab,2014,194,0,0,0,1,1,0,2
TR14,bristol_bay,red_king_crab,2014,195,0,0,0,1,0,0,1
TR14,bristol_bay,red_king_crab,2014,197,0,0,0,1,0,0,1
TR15,bristol_bay,red_king_crab,2015,122,0,0,0,1,0,0,1
TR15,bristol_bay,red_king_crab,2015,128,0,0,0,1,0,0,1
TR15,bristol_bay,red_king_crab,2015,129,0,0,0,1,1,0,2
TR15,bristol_bay,red_king_crab,2015,130,0,0,0,3,0,0,3
TR15,bristol_bay,red_king_crab,2015,131,0,0,0,3,0,0,3
TR15,bristol_bay,red_king_crab,2015,132,0,0,0,13,1,0,14
TR15,bristol_bay,red_king_crab,2015,133,0,0,0,21,1,0,22
TR15,bristol_bay,red_king_crab,2015,134,0,0,0,32,5,0,37
TR15,bristol_bay,red_king_crab,2015,135,0,0,0,60,4,0,64
TR15,bristol_bay,red_king_crab,2015,136,0,0,0,98,8,0,106
TR15,bristol_bay,red_king_crab,2015,137,0,0,0,129,14,0,143
TR15,bristol_bay,red_king_crab,2015,138,0,0,0,180,16,0,196
TR15,bristol_bay,red_king_crab,2015,139,0,0,0,204,21,0,225
TR15,bristol_bay,red_king_crab,2015,140,0,0,0,266,33,0,299
TR15,bristol_bay,red_king_crab,2015,141,0,0,0,267,23,0,290
TR15,bristol_bay,red_king_crab,2015,142,0,0,0,324,28,0,352
TR15,bristol_bay,red_king_crab,2015,143,0,0,0,356,41,0,397
TR15,bristol_bay,red_king_crab,2015,144,0,0,0,372,51,1,424
TR15,bristol_bay,red_king_crab,2015,145,0,0,0,403,56,0,459
TR15,bristol_bay,red_king_crab,2015,146,0,0,0,340,38,0,378
TR15,bristol_bay,red_king_crab,2015,147,0,0,0,396,49,0,445
TR15,bristol_bay,red_king_crab,2015,148,0,0,0,455,51,0,506
TR15,bristol_bay,red_king_crab,2015,149,0,0,0,388,49,0,437
TR15,bristol_bay,red_king_crab,2015,150,0,0,0,446,46,0,492
TR15,bristol_bay,red_king_crab,2015,151,0,0,0,349,48,0,397
TR15,bristol_bay,red_king_crab,2015,152,0,0,0,475,62,1,538
TR15,bristol_bay,red_king_crab,2015,153,0,0,0,407,51,0,458
TR15,bristol_bay,red_king_crab,2015,154,0,0,0,396,65,0,461
TR15,bristol_bay,red_king_crab,2015,155,0,0,0,388,47,0,435
TR15,bristol_bay,red_king_crab,2015,156,0,0,0,353,41,0,394
TR15,bristol_bay,red_king_crab,2015,157,0,0,0,371,64,0,435
TR15,bristol_bay,red_king_crab,2015,158,0,0,0,337,49,0,386
TR15,bristol_bay,red_king_crab,2015,159,0,0,0,256,51,0,307
TR15,bristol_bay,red_king_crab,2015,160,0,0,0,250,52,0,302
TR15,bristol_bay,red_king_crab,2015,161,0,0,0,216,40,0,256
TR15,bristol_bay,red_king_crab,2015,162,0,0,0,214,54,1,269
TR15,bristol_bay,red_king_crab,2015,163,0,0,0,184,45,1,230
TR15,bristol_bay,red_king_crab,2015,164,0,0,0,161,57,1,219
TR15,bristol_bay,red_king_crab,2015,165,0,0,0,150,43,0,193
TR15,bristol_bay,red_king_crab,2015,166,0,0,0,126,30,1,157
TR15,bristol_bay,red_king_crab,2015,167,0,0,0,122,38,1,161
TR15,bristol_bay,red_king_crab,2015,168,0,0,0,115,45,0,160
TR15,bristol_bay,red_king_crab,2015,169,0,0,0,96,25,0,121
TR15,bristol_bay,red_king_crab,2015,170,0,0,0,81,36,1,118
TR15,bristol_bay,red_king_crab,2015,171,0,0,0,64,22,0,86
TR15,bristol_bay,red_king_crab,2015,172,0,0,0,64,24,1,89
TR15,bristol_bay,red_king_crab,2015,173,0,0,0,50,20,0,70
TR15,bristol_bay,red_king_crab,2015,174,0,0,0,48,20,0,68
TR15,bristol_bay,red_king_crab,2015,175,0,0,0,47,21,0,68
TR15,bristol_bay,red_king_crab,2015,176,0,0,0,39,16,0,55
TR15,bristol_bay,red_king_crab,2015,177,0,0,0,32,9,0,41
TR15,bristol_bay,red_king_crab,2015,178,0,0,0,28,13,0,41
TR15,bristol_bay,red_king_crab,2015,179,0,0,0,18,7,1,26
TR15,bristol_bay,red_king_crab,2015,180,0,0,0,14,10,1,25
TR15,bristol_bay,red_king_crab,2015,181,0,0,0,11,10,1,22
TR15,bristol_bay,red_king_crab,2015,182,0,0,0,12,10,0,22
TR15,bristol_bay,red_king_crab,2015,183,0,0,0,3,4,0,7
TR15,bristol_bay,red_king_crab,2015,184,0,0,0,12,5,0,17
TR15,bristol_bay,red_king_crab,2015,185,0,0,0,7,3,0,10
TR15,bristol_bay,red_king_crab,2015,186,0,0,0,1,3,0,4
TR15,bristol_bay,red_king_crab,2015,187,0,0,0,6,1,0,7
TR15,bristol_bay,red_king_crab,2015,188,0,0,0,2,2,0,4
TR15,bristol_bay,red_king_crab,2015,189,0,0,0,2,0,0,2
TR15,bristol_bay,red_king_crab,2015,190,0,0,0,2,1,0,3
TR15,bristol_bay,red_king_crab,2015,192,0,0,0,0,2,0,2
TR15,bristol_bay,red_king_crab,2015,193,0,0,0,2,3,0,5
TR15,bristol_bay,red_king_crab,2015,194,0,0,0,0,1,0,1
TR15,bristol_bay,red_king_crab,2015,195,0,0,0,2,0,0,2
TR15,bristol_bay,red_king_crab,2015,196,0,0,0,1,0,0,1
TR16,bristol_bay,red_king_crab,2016,59,0,0,0,4,0,0,4
TR16,bristol_bay,red_king_crab,2016,129,0,0,0,2,0,0,2
TR16,bristol_bay,red_king_crab,2016,130,0,0,0,4,1,0,5
TR16,bristol_bay,red_king_crab,2016,131,0,0,0,4,0,0,4
TR16,bristol_bay,red_king_crab,2016,132,0,0,0,10,1,0,11
TR16,bristol_bay,red_king_crab,2016,133,0,0,0,18,1,0,19
TR16,bristol_bay,red_king_crab,2016,134,0,0,0,27,3,0,30
TR16,bristol_bay,red_king_crab,2016,135,0,0,0,44,2,0,46
TR16,bristol_bay,red_king_crab,2016,136,0,0,0,65,2,0,67
TR16,bristol_bay,red_king_crab,2016,137,0,0,0,104,3,0,107
TR16,bristol_bay,red_king_crab,2016,138,0,0,0,145,12,0,157
TR16,bristol_bay,red_king_crab,2016,139,0,0,0,158,10,0,168
TR16,bristol_bay,red_king_crab,2016,140,0,0,0,190,23,1,214
TR16,bristol_bay,red_king_crab,2016,141,0,0,0,215,23,0,238
TR16,bristol_bay,red_king_crab,2016,142,0,0,0,259,31,0,290
TR16,bristol_bay,red_king_crab,2016,143,0,0,0,304,28,1,333
TR16,bristol_bay,red_king_crab,2016,144,0,0,0,299,30,0,329
TR16,bristol_bay,red_king_crab,2016,145,0,0,0,295,46,1,342
TR16,bristol_bay,red_king_crab,2016,146,0,0,0,290,46,0,336
TR16,bristol_bay,red_king_crab,2016,147,0,0,0,328,58,0,386
TR16,bristol_bay,red_king_crab,2016,148,0,0,0,334,51,0,385
TR16,bristol_bay,red_king_crab,2016,149,0,0,0,299,78,1,378
TR16,bristol_bay,red_king_crab,2016,150,0,0,0,354,68,1,423
TR16,bristol_bay,red_king_crab,2016,151,0,0,0,266,54,0,320
TR16,bristol_bay,red_king_crab,2016,152,0,0,0,346,84,1,431
TR16,bristol_bay,red_king_crab,2016,153,0,0,0,339,88,1,428
TR16,bristol_bay,red_king_crab,2016,154,0,0,0,321,79,1,401
TR16,bristol_bay,red_king_crab,2016,155,0,0,0,329,109,1,439
TR16,bristol_bay,red_king_crab,2016,156,0,0,0,286,90,1,377
TR16,bristol_bay,red_king_crab,2016,157,0,0,0,279,82,1,362
TR16,bristol_bay,red_king_crab,2016,158,0,0,0,296,83,0,379
TR16,bristol_bay,red_king_crab,2016,159,0,0,0,226,76,0,302
TR16,bristol_bay,red_king_crab,2016,160,0,0,0,249,56,1,306
TR16,bristol_bay,red_king_crab,2016,161,0,0,0,243,59,1,303
TR16,bristol_bay,red_king_crab,2016,162,0,0,0,239,68,2,309
TR16,bristol_bay,red_king_crab,2016,163,0,0,0,246,54,1,301
TR16,bristol_bay,red_king_crab,2016,164,0,0,0,217,51,1,269
TR16,bristol_bay,red_king_crab,2016,165,0,0,0,180,38,0,218
TR16,bristol_bay,red_king_crab,2016,166,0,0,0,172,47,2,221
TR16,bristol_bay,red_king_crab,2016,167,0,0,0,158,36,2,196
TR16,bristol_bay,red_king_crab,2016,168,0,0,0,165,57,2,224
TR16,bristol_bay,red_king_crab,2016,169,0,0,0,100,22,2,124
TR16,bristol_bay,red_king_crab,2016,170,0,0,0,97,33,2,132
TR16,bristol_bay,red_king_crab,2016,171,0,0,0,69,29,0,98
TR16,bristol_bay,red_king_crab,2016,172,0,0,0,79,24,1,104
TR16,bristol_bay,red_king_crab,2016,173,0,0,0,64,20,1,85
TR16,bristol_bay,red_king_crab,2016,174,0,0,0,48,22,2,72
TR16,bristol_bay,red_king_crab,2016,175,0,0,0,41,14,0,55
TR16,bristol_bay,red_king_crab,2016,176,0,0,0,39,14,0,53
TR16,bristol_bay,red_king_crab,2016,177,0,0,0,31,18,0,49
TR16,bristol_bay,red_king_crab,2016,178,0,0,0,24,14,0,38
TR16,bristol_bay,red_king_crab,2016,179,0,0,0,16,4,0,20
TR16,bristol_bay,red_king_crab,2016,180,0,0,0,21,6,0,27
TR16,bristol_bay,red_king_crab,2016,181,0,0,0,15,7,1,23
TR16,bristol_bay,red_king_crab,2016,182,0,0,0,9,4,1,14
TR16,bristol_bay,red_king_crab,2016,183,0,0,0,7,8,0,15
TR16,bristol_bay,red_king_crab,2016,184,0,0,0,3,4,0,7
TR16,bristol_bay,red_king_crab,2016,185,0,0,0,3,3,0,6
TR16,bristol_bay,red_king_crab,2016,186,0,0,0,3,1,1,5
TR16,bristol_bay,red_king_crab,2016,187,0,0,0,1,2,0,3
TR16,bristol_bay,red_king_crab,2016,188,0,0,0,1,1,0,2
TR16,bristol_bay,red_king_crab,2016,189,0,0,0,2,3,0,5
TR16,bristol_bay,red_king_crab,2016,192,0,0,0,2,2,0,4
TR16,bristol_bay,red_king_crab,2016,193,0,0,0,0,1,0,1
TR16,bristol_bay,red_king_crab,2016,194,0,0,0,2,0,0,2
TR16,bristol_bay,red_king_crab,2016,196,0,0,0,2,0,0,2
TR16,bristol_bay,red_king_crab,2016,206,0,0,0,0,1,0,1
TR17,bristol_bay,red_king_crab,2017,108,0,0,0,1,0,0,1
TR17,bristol_bay,red_king_crab,2017,112,0,0,0,1,0,0,1
TR17,bristol_bay,red_king_crab,2017,130,0,0,0,1,0,0,1
TR17,bristol_bay,red_king_crab,2017,131,0,0,0,4,0,0,4
TR17,bristol_bay,red_king_crab,2017,132,0,0,0,4,1,0,5
TR17,bristol_bay,red_king_crab,2017,133,0,0,0,8,3,1,12
TR17,bristol_bay,red_king_crab,2017,134,0,0,0,20,1,1,22
TR17,bristol_bay,red_king_crab,2017,135,0,0,0,35,3,1,39
TR17,bristol_bay,red_king_crab,2017,136,0,0,0,62,8,0,70
TR17,bristol_bay,red_king_crab,2017,137,0,0,0,82,11,0,93
TR17,bristol_bay,red_king_crab,2017,138,0,0,0,88,18,0,106
TR17,bristol_bay,red_king_crab,2017,139,0,0,0,124,20,1,145
TR17,bristol_bay,red_king_crab,2017,140,0,0,0,128,31,2,161
TR17,bristol_bay,red_king_crab,2017,141,0,0,0,145,40,2,187
TR17,bristol_bay,red_king_crab,2017,142,0,0,0,186,35,2,223
TR17,bristol_bay,red_king_crab,2017,143,0,0,0,206,44,3,253
TR17,bristol_bay,red_king_crab,2017,144,0,0,0,189,48,2,239
TR17,bristol_bay,red_king_crab,2017,145,0,0,0,217,65,2,284
TR17,bristol_bay,red_king_crab,2017,146,0,0,0,208,55,2,265
TR17,bristol_bay,red_king_crab,2017,147,0,0,0,212,75,3,290
TR17,bristol_bay,red_king_crab,2017,148,0,0,0,245,62,6,313
TR17,bristol_bay,red_king_crab,2017,149,0,0,0,232,75,3,310
TR17,bristol_bay,red_king_crab,2017,150,0,0,0,309,93,6,408
TR17,bristol_bay,red_king_crab,2017,151,0,0,0,273,74,11,358
TR17,bristol_bay,red_king_crab,2017,152,0,0,0,244,85,6,335
TR17,bristol_bay,red_king_crab,2017,153,0,0,0,237,97,2,336
TR17,bristol_bay,red_king_crab,2017,154,0,0,0,269,88,0,357
TR17,bristol_bay,red_king_crab,2017,155,0,0,0,230,105,7,342
TR17,bristol_bay,red_king_crab,2017,156,0,0,0,255,99,9,363
TR17,bristol_bay,red_king_crab,2017,157,0,0,0,258,85,6,349
TR17,bristol_bay,red_king_crab,2017,158,0,0,0,203,97,3,303
TR17,bristol_bay,red_king_crab,2017,159,0,0,0,223,88,4,315
TR17,bristol_bay,red_king_crab,2017,160,0,0,0,242,104,8,354
TR17,bristol_bay,red_king_crab,2017,161,0,0,0,202,81,7,290
TR17,bristol_bay,red_king_crab,2017,162,0,0,0,212,91,8,311
TR17,bristol_bay,red_king_crab,2017,163,0,0,0,178,107,8,293
TR17,bristol_bay,red_king_crab,2017,164,0,0,0,185,82,9,276
TR17,bristol_bay,red_king_crab,2017,165,0,0,0,163,99,3,265
TR17,bristol_bay,red_king_crab,2017,166,0,0,0,147,63,11,221
TR17,bristol_bay,red_king_crab,2017,167,0,0,0,134,77,2,213
TR17,bristol_bay,red_king_crab,2017,168,0,0,0,122,68,2,192
TR17,bristol_bay,red_king_crab,2017,169,0,0,0,111,57,3,171
TR17,bristol_bay,red_king_crab,2017,170,0,0,0,115,72,2,189
TR17,bristol_bay,red_king_crab,2017,171,0,0,0,97,50,5,152
TR17,bristol_bay,red_king_crab,2017,172,0,0,0,72,38,2,112
TR17,bristol_bay,red_king_crab,2017,173,0,0,0,52,30,2,84
TR17,bristol_bay,red_king_crab,2017,174,0,0,0,59,21,4,84
TR17,bristol_bay,red_king_crab,2017,175,0,0,0,63,24,3,90
TR17,bristol_bay,red_king_crab,2017,176,0,0,0,40,9,3,52
TR17,bristol_bay,red_king_crab,2017,177,0,0,0,32,12,0,44
TR17,bristol_bay,red_king_crab,2017,178,0,0,0,31,18,0,49
TR17,bristol_bay,red_king_crab,2017,179,0,0,0,15,11,1,27
TR17,bristol_bay,red_king_crab,2017,180,0,0,0,18,9,0,27
TR17,bristol_bay,red_king_crab,2017,181,0,0,0,11,7,0,18
TR17,bristol_bay,red_king_crab,2017,182,0,0,0,10,6,0,16
TR17,bristol_bay,red_king_crab,2017,183,0,0,0,5,3,1,9
TR17,bristol_bay,red_king_crab,2017,184,0,0,0,4,5,0,9
TR17,bristol_bay,red_king_crab,2017,185,0,0,0,4,2,0,6
TR17,bristol_bay,red_king_crab,2017,186,0,0,0,5,1,0,6
TR17,bristol_bay,red_king_crab,2017,187,0,0,0,1,1,0,2
TR17,bristol_bay,red_king_crab,2017,188,0,0,0,4,0,0,4
TR17,bristol_bay,red_king_crab,2017,189,0,0,0,1,1,0,2
TR17,bristol_bay,red_king_crab,2017,190,0,0,0,0,2,1,3
TR17,bristol_bay,red_king_crab,2017,191,0,0,0,3,0,0,3
TR17,bristol_bay,red_king_crab,2017,193,0,0,0,0,1,0,1
TR17,bristol_bay,red_king_crab,2017,194,0,0,0,0,1,0,1
TR17,bristol_bay,red_king_crab,2017,199,0,0,0,0,1,0,1
TR18,bristol_bay,red_king_crab,2018,99,0,0,0,1,0,0,1
TR18,bristol_bay,red_king_crab,2018,117,0,0,0,1,0,0,1
TR18,bristol_bay,red_king_crab,2018,128,0,0,0,1,0,0,1
TR18,bristol_bay,red_king_crab,2018,131,0,0,0,4,1,0,5
TR18,bristol_bay,red_king_crab,2018,132,0,0,0,8,0,0,8
TR18,bristol_bay,red_king_crab,2018,133,0,0,0,12,0,0,12
TR18,bristol_bay,red_king_crab,2018,134,0,0,0,16,3,0,19
TR18,bristol_bay,red_king_crab,2018,135,0,0,0,39,5,0,44
TR18,bristol_bay,red_king_crab,2018,136,0,0,0,69,7,0,76
TR18,bristol_bay,red_king_crab,2018,137,0,0,0,78,12,0,90
TR18,bristol_bay,red_king_crab,2018,138,0,0,0,108,11,0,119
TR18,bristol_bay,red_king_crab,2018,139,0,0,0,131,13,0,144
TR18,bristol_bay,red_king_crab,2018,140,0,0,0,157,31,0,188
TR18,bristol_bay,red_king_crab,2018,141,0,0,0,151,27,0,178
TR18,bristol_bay,red_king_crab,2018,142,0,0,0,224,44,0,268
TR18,bristol_bay,red_king_crab,2018,143,0,0,0,163,35,0,198
TR18,bristol_bay,red_king_crab,2018,144,0,0,0,198,44,0,242
TR18,bristol_bay,red_king_crab,2018,145,0,0,0,193,43,0,236
TR18,bristol_bay,red_king_crab,2018,146,0,0,0,185,42,1,228
TR18,bristol_bay,red_king_crab,2018,147,0,0,0,167,35,0,202
TR18,bristol_bay,red_king_crab,2018,148,0,0,0,171,45,0,216
TR18,bristol_bay,red_king_crab,2018,149,0,0,0,168,47,1,216
TR18,bristol_bay,red_king_crab,2018,150,0,0,0,168,56,0,224
TR18,bristol_bay,red_king_crab,2018,151,0,0,0,141,66,1,208
TR18,bristol_bay,red_king_crab,2018,152,0,0,0,155,54,0,209
TR18,bristol_bay,red_king_crab,2018,153,0,0,0,145,59,1,205
TR18,bristol_bay,red_king_crab,2018,154,0,0,0,158,78,2,238
TR18,bristol_bay,red_king_crab,2018,155,0,0,0,135,64,1,200
TR18,bristol_bay,red_king_crab,2018,156,0,0,0,102,66,0,168
TR18,bristol_bay,red_king_crab,2018,157,0,0,0,118,64,2,184
TR18,bristol_bay,red_king_crab,2018,158,0,0,0,141,69,2,212
TR18,bristol_bay,red_king_crab,2018,159,0,0,0,120,83,2,205
TR18,bristol_bay,red_king_crab,2018,160,0,0,0,117,74,4,195
TR18,bristol_bay,red_king_crab,2018,161,0,0,0,125,88,1,214
TR18,bristol_bay,red_king_crab,2018,162,0,0,0,120,88,4,212
TR18,bristol_bay,red_king_crab,2018,163,0,0,0,124,80,4,208
TR18,bristol_bay,red_king_crab,2018,164,0,0,0,117,85,3,205
TR18,bristol_bay,red_king_crab,2018,165,0,0,0,107,83,2,192
TR18,bristol_bay,red_king_crab,2018,166,0,0,0,97,79,1,177
TR18,bristol_bay,red_king_crab,2018,167,0,0,0,107,91,4,202
TR18,bristol_bay,red_king_crab,2018,168,0,0,0,81,77,5,163
TR18,bristol_bay,red_king_crab,2018,169,0,0,0,85,81,4,170
TR18,bristol_bay,red_king_crab,2018,170,0,0,0,80,67,6,153
TR18,bristol_bay,red_king_crab,2018,171,0,0,0,74,50,2,126
TR18,bristol_bay,red_king_crab,2018,172,0,0,0,63,65,0,128
TR18,bristol_bay,red_king_crab,2018,173,0,0,0,60,42,1,103
TR18,bristol_bay,red_king_crab,2018,174,0,0,0,72,62,1,135
TR18,bristol_bay,red_king_crab,2018,175,0,0,0,55,44,5,104
TR18,bristol_bay,red_king_crab,2018,176,0,0,0,37,32,1,70
TR18,bristol_bay,red_king_crab,2018,177,0,0,0,32,27,1,60
TR18,bristol_bay,red_king_crab,2018,178,0,0,0,34,30,2,66
TR18,bristol_bay,red_king_crab,2018,179,0,0,0,27,29,0,56
TR18,bristol_bay,red_king_crab,2018,180,0,0,0,19,19,0,38
TR18,bristol_bay,red_king_crab,2018,181,0,0,0,8,8,0,16
TR18,bristol_bay,red_king_crab,2018,182,0,0,0,10,7,0,17
TR18,bristol_bay,red_king_crab,2018,183,0,0,0,6,13,0,19
TR18,bristol_bay,red_king_crab,2018,184,0,0,0,6,4,0,10
TR18,bristol_bay,red_king_crab,2018,185,0,0,0,9,3,0,12
TR18,bristol_bay,red_king_crab,2018,186,0,0,0,5,2,0,7
TR18,bristol_bay,red_king_crab,2018,187,0,0,0,1,2,0,3
TR18,bristol_bay,red_king_crab,2018,188,0,0,0,4,4,0,8
TR18,bristol_bay,red_king_crab,2018,189,0,0,0,3,2,1,6
TR18,bristol_bay,red_king_crab,2018,191,0,0,0,2,1,0,3
TR18,bristol_bay,red_king_crab,2018,195,0,0,0,0,1,0,1
TR18,bristol_bay,red_king_crab,2018,198,0,0,0,0,1,0,1
TR19,bristol_bay,red_king_crab,2019,126,0,0,0,1,0,0,1
TR19,bristol_bay,red_king_crab,2019,128,0,0,0,1,0,0,1
TR19,bristol_bay,red_king_crab,2019,129,0,0,0,1,0,0,1
TR19,bristol_bay,red_king_crab,2019,130,0,0,0,2,0,0,2
TR19,bristol_bay,red_king_crab,2019,131,0,0,0,7,0,0,7
TR19,bristol_bay,red_king_crab,2019,132,0,0,0,10,2,0,12
TR19,bristol_bay,red_king_crab,2019,133,0,0,0,14,1,0,15
TR19,bristol_bay,red_king_crab,2019,134,0,0,0,33,0,0,33
TR19,bristol_bay,red_king_crab,2019,135,0,0,0,48,3,1,52
TR19,bristol_bay,red_king_crab,2019,136,0,0,0,72,9,0,81
TR19,bristol_bay,red_king_crab,2019,137,0,0,0,115,16,0,131
TR19,bristol_bay,red_king_crab,2019,138,0,0,0,117,17,0,134
TR19,bristol_bay,red_king_crab,2019,139,0,0,0,132,19,0,151
TR19,bristol_bay,red_king_crab,2019,140,0,0,0,214,24,0,238
TR19,bristol_bay,red_king_crab,2019,141,0,0,0,188,24,2,214
TR19,bristol_bay,red_king_crab,2019,142,0,0,0,198,27,2,227
TR19,bristol_bay,red_king_crab,2019,143,0,0,0,170,32,0,202
TR19,bristol_bay,red_king_crab,2019,144,0,0,0,207,15,0,222
TR19,bristol_bay,red_king_crab,2019,145,0,0,0,207,30,3,240
TR19,bristol_bay,red_king_crab,2019,146,0,0,0,195,33,0,228
TR19,bristol_bay,red_king_crab,2019,147,0,0,0,196,30,3,229
TR19,bristol_bay,red_king_crab,2019,148,0,0,0,166,26,2,194
TR19,bristol_bay,red_king_crab,2019,149,0,0,0,181,19,1,201
TR19,bristol_bay,red_king_crab,2019,150,0,0,0,193,25,2,220
TR19,bristol_bay,red_king_crab,2019,151,0,0,0,176,43,3,222
TR19,bristol_bay,red_king_crab,2019,152,0,0,0,171,28,2,201
TR19,bristol_bay,red_king_crab,2019,153,0,0,0,180,28,4,212
TR19,bristol_bay,red_king_crab,2019,154,0,0,0,152,30,6,188
TR19,bristol_bay,red_king_crab,2019,155,0,0,0,145,36,5,186
TR19,bristol_bay,red_king_crab,2019,156,0,0,0,169,33,2,204
TR19,bristol_bay,red_king_crab,2019,157,0,0,0,130,47,3,180
TR19,bristol_bay,red_king_crab,2019,158,0,0,0,150,38,8,196
TR19,bristol_bay,red_king_crab,2019,159,0,0,0,126,35,3,164
TR19,bristol_bay,red_king_crab,2019,160,0,0,0,150,50,11,211
TR19,bristol_bay,red_king_crab,2019,161,0,0,0,123,38,5,166
TR19,bristol_bay,red_king_crab,2019,162,0,0,0,122,40,4,166
TR19,bristol_bay,red_king_crab,2019,163,0,0,0,139,48,7,194
TR19,bristol_bay,red_king_crab,2019,164,0,0,0,158,52,7,217
TR19,bristol_bay,red_king_crab,2019,165,0,0,0,151,63,15,229
TR19,bristol_bay,red_king_crab,2019,166,0,0,0,120,36,4,160
TR19,bristol_bay,red_king_crab,2019,167,0,0,0,141,61,6,208
TR19,bristol_bay,red_king_crab,2019,168,0,0,0,120,41,14,175
TR19,bristol_bay,red_king_crab,2019,169,0,0,0,116,35,3,154
TR19,bristol_bay,red_king_crab,2019,170,0,0,0,145,56,20,221
TR19,bristol_bay,red_king_crab,2019,171,0,0,0,115,36,11,162
TR19,bristol_bay,red_king_crab,2019,172,0,0,0,86,46,6,138
TR19,bristol_bay,red_king_crab,2019,173,0,0,0,85,28,8,121
TR19,bristol_bay,red_king_crab,2019,174,0,0,0,91,34,3,128
TR19,bristol_bay,red_king_crab,2019,175,0,0,0,88,25,10,123
TR19,bristol_bay,red_king_crab,2019,176,0,0,0,67,22,3,92
TR19,bristol_bay,red_king_crab,2019,177,0,0,0,44,17,1,62
TR19,bristol_bay,red_king_crab,2019,178,0,0,0,58,17,2,77
TR19,bristol_bay,red_king_crab,2019,179,0,0,0,49,14,1,64
TR19,bristol_bay,red_king_crab,2019,180,0,0,0,49,12,5,66
TR19,bristol_bay,red_king_crab,2019,181,0,0,0,28,11,2,41
TR19,bristol_bay,red_king_crab,2019,182,0,0,0,26,9,2,37
TR19,bristol_bay,red_king_crab,2019,183,0,0,0,23,9,0,32
TR19,bristol_bay,red_king_crab,2019,184,0,0,0,16,10,0,26
TR19,bristol_bay,red_king_crab,2019,185,0,0,0,17,8,1,26
TR19,bristol_bay,red_king_crab,2019,186,0,0,0,10,1,0,11
TR19,bristol_bay,red_king_crab,2019,187,0,0,0,9,3,0,12
TR19,bristol_bay,red_king_crab,2019,188,0,0,0,8,1,0,9
TR19,bristol_bay,red_king_crab,2019,189,0,0,0,4,1,0,5
TR19,bristol_bay,red_king_crab,2019,191,0,0,0,3,0,0,3
TR19,bristol_bay,red_king_crab,2019,192,0,0,0,4,0,0,4
TR19,bristol_bay,red_king_crab,2019,193,0,0,0,1,0,0,1
TR19,bristol_bay,red_king_crab,2019,194,0,0,0,1,0,0,1
TR19,bristol_bay,red_king_crab,2019,195,0,0,0,2,0,0,2
TR19,bristol_bay,red_king_crab,2019,198,0,0,0,1,0,0,1
TR20,bristol_bay,red_king_crab,2020,130,0,0,0,3,0,0,3
TR20,bristol_bay,red_king_crab,2020,131,0,0,0,2,1,0,3
TR20,bristol_bay,red_king_crab,2020,132,0,0,0,4,0,0,4
TR20,bristol_bay,red_king_crab,2020,133,0,0,0,5,2,0,7
TR20,bristol_bay,red_king_crab,2020,134,0,0,0,11,2,0,13
TR20,bristol_bay,red_king_crab,2020,135,0,0,0,24,4,0,28
TR20,bristol_bay,red_king_crab,2020,136,0,0,0,43,5,0,48
TR20,bristol_bay,red_king_crab,2020,137,0,0,0,65,8,0,73
TR20,bristol_bay,red_king_crab,2020,138,0,0,0,102,12,0,114
TR20,bristol_bay,red_king_crab,2020,139,0,0,0,89,13,0,102
TR20,bristol_bay,red_king_crab,2020,140,0,0,0,137,22,0,159
TR20,bristol_bay,red_king_crab,2020,141,0,0,0,140,22,0,162
TR20,bristol_bay,red_king_crab,2020,142,0,0,0,192,15,0,207
TR20,bristol_bay,red_king_crab,2020,143,0,0,0,139,13,0,152
TR20,bristol_bay,red_king_crab,2020,144,0,0,0,172,13,0,185
TR20,bristol_bay,red_king_crab,2020,145,0,0,0,171,12,0,183
TR20,bristol_bay,red_king_crab,2020,146,0,0,0,181,15,1,197
TR20,bristol_bay,red_king_crab,2020,147,0,0,0,156,18,0,174
TR20,bristol_bay,red_king_crab,2020,148,0,0,0,156,19,0,175
TR20,bristol_bay,red_king_crab,2020,149,0,0,0,153,13,0,166
TR20,bristol_bay,red_king_crab,2020,150,0,0,0,141,21,0,162
TR20,bristol_bay,red_king_crab,2020,151,0,0,0,132,9,0,141
TR20,bristol_bay,red_king_crab,2020,152,0,0,0,141,17,1,159
TR20,bristol_bay,red_king_crab,2020,153,0,0,0,122,14,0,136
TR20,bristol_bay,red_king_crab,2020,154,0,0,0,99,17,0,116
TR20,bristol_bay,red_king_crab,2020,155,0,0,0,91,13,1,105
TR20,bristol_bay,red_king_crab,2020,156,0,0,0,99,14,0,113
TR20,bristol_bay,red_king_crab,2020,157,0,0,0,80,8,2,90
TR20,bristol_bay,red_king_crab,2020,158,0,0,0,75,6,0,81
TR20,bristol_bay,red_king_crab,2020,159,0,0,0,52,10,1,63
TR20,bristol_bay,red_king_crab,2020,160,0,0,0,54,7,1,62
TR20,bristol_bay,red_king_crab,2020,161,0,0,0,45,7,1,53
TR20,bristol_bay,red_king_crab,2020,162,0,0,0,36,5,0,41
TR20,bristol_bay,red_king_crab,2020,163,0,0,0,28,8,1,37
TR20,bristol_bay,red_king_crab,2020,164,0,0,0,39,8,0,47
TR20,bristol_bay,red_king_crab,2020,165,0,0,0,16,10,3,29
TR20,bristol_bay,red_king_crab,2020,166,0,0,0,21,13,0,34
TR20,bristol_bay,red_king_crab,2020,167,0,0,0,15,5,2,22
TR20,bristol_bay,red_king_crab,2020,168,0,0,0,13,15,3,31
TR20,bristol_bay,red_king_crab,2020,169,0,0,0,8,4,2,14
TR20,bristol_bay,red_king_crab,2020,170,0,0,0,9,9,0,18
TR20,bristol_bay,red_king_crab,2020,171,0,0,0,9,8,1,18
TR20,bristol_bay,red_king_crab,2020,172,0,0,0,10,8,1,19
TR20,bristol_bay,red_king_crab,2020,173,0,0,0,7,5,3,15
TR20,bristol_bay,red_king_crab,2020,174,0,0,0,2,12,2,16
TR20,bristol_bay,red_king_crab,2020,175,0,0,0,3,6,1,10
TR20,bristol_bay,red_king_crab,2020,176,0,0,0,2,4,1,7
TR20,bristol_bay,red_king_crab,2020,177,0,0,0,4,7,2,13
TR20,bristol_bay,red_king_crab,2020,178,0,0,0,3,7,0,10
TR20,bristol_bay,red_king_crab,2020,179,0,0,0,1,2,0,3
TR20,bristol_bay,red_king_crab,2020,180,0,0,0,2,2,0,4
TR20,bristol_bay,red_king_crab,2020,181,0,0,0,1,1,0,2
TR20,bristol_bay,red_king_crab,2020,182,0,0,0,2,5,0,7
TR20,bristol_bay,red_king_crab,2020,183,0,0,0,2,3,0,5
TR20,bristol_bay,red_king_crab,2020,184,0,0,0,1,3,0,4
TR20,bristol_bay,red_king_crab,2020,185,0,0,0,1,1,0,2
TR20,bristol_bay,red_king_crab,2020,187,0,0,0,1,0,0,1
TR20,bristol_bay,red_king_crab,2020,188,0,0,0,1,1,1,3
TR20,bristol_bay,red_king_crab,2020,190,0,0,0,1,0,0,1
TR20,bristol_bay,red_king_crab,2020,193,0,0,0,0,1,0,1
TR21,bristol_bay,red_king_crab,2021,133,0,0,0,0,1,0,1
TR21,bristol_bay,red_king_crab,2021,138,0,0,0,2,0,1,3
TR21,bristol_bay,red_king_crab,2021,139,0,0,0,2,0,0,2
TR21,bristol_bay,red_king_crab,2021,140,0,0,0,3,0,0,3
TR21,bristol_bay,red_king_crab,2021,141,0,0,0,1,2,2,5
TR21,bristol_bay,red_king_crab,2021,142,0,0,0,2,0,1,3
TR21,bristol_bay,red_king_crab,2021,143,0,0,0,7,0,0,7
TR21,bristol_bay,red_king_crab,2021,144,0,0,0,1,1,1,3
TR21,bristol_bay,red_king_crab,2021,145,0,0,0,5,1,1,7
TR21,bristol_bay,red_king_crab,2021,146,0,0,0,3,0,0,3
TR21,bristol_bay,red_king_crab,2021,147,0,0,0,6,2,1,9
TR21,bristol_bay,red_king_crab,2021,148,0,0,0,4,0,1,5
TR21,bristol_bay,red_king_crab,2021,149,0,0,0,3,2,0,5
TR21,bristol_bay,red_king_crab,2021,150,0,0,0,2,0,2,4
TR21,bristol_bay,red_king_crab,2021,152,0,0,0,4,1,0,5
TR21,bristol_bay,red_king_crab,2021,153,0,0,0,4,2,1,7
TR21,bristol_bay,red_king_crab,2021,154,0,0,0,4,0,0,4
TR21,bristol_bay,red_king_crab,2021,155,0,0,0,2,0,0,2
TR21,bristol_bay,red_king_crab,2021,156,0,0,0,1,0,0,1
TR21,bristol_bay,red_king_crab,2021,157,0,0,0,1,0,0,1
TR21,bristol_bay,red_king_crab,2021,158,0,0,0,2,0,0,2
TR21,bristol_bay,red_king_crab,2021,159,0,0,0,3,1,0,4
TR21,bristol_bay,red_king_crab,2021,160,0,0,0,1,0,0,1
TR21,bristol_bay,red_king_crab,2021,161,0,0,0,1,1,0,2
TR21,bristol_bay,red_king_crab,2021,162,0,0,0,1,0,0,1
TR21,bristol_bay,red_king_crab,2021,163,0,0,0,0,1,0,1
TR21,bristol_bay,red_king_crab,2021,165,0,0,0,1,0,0,1
TR21,bristol_bay,red_king_crab,2021,166,0,0,0,1,0,0,1
TR21,bristol_bay,red_king_crab,2021,167,0,0,0,1,0,1,2
TR21,bristol_bay,red_king_crab,2021,169,0,0,0,1,0,0,1
TR21,bristol_bay,red_king_crab,2021,173,0,0,0,0,0,1,1
TR21,bristol_bay,red_king_crab,2021,174,0,0,0,1,0,0,1
TR21,bristol_bay,red_king_crab,2021,175,0,0,0,1,0,0,1
TR21,bristol_bay,red_king_crab,2021,177,0,0,0,0,0,1,1
TR21,bristol_bay,red_king_crab,2021,178,0,0,0,1,0,0,1
TR22,bristol_bay,red_king_crab,2022,134,0,0,0,1,0,0,1
TR22,bristol_bay,red_king_crab,2022,135,0,0,0,1,0,0,1
TR22,bristol_bay,red_king_crab,2022,136,0,0,0,1,0,0,1
TR22,bristol_bay,red_king_crab,2022,137,0,0,0,1,0,0,1
TR22,bristol_bay,red_king_crab,2022,138,0,0,0,1,0,0,1
TR22,bristol_bay,red_king_crab,2022,140,0,0,0,3,0,0,3
TR22,bristol_bay,red_king_crab,2022,141,0,0,0,1,0,0,1
TR22,bristol_bay,red_king_crab,2022,142,0,0,0,3,1,1,5
TR22,bristol_bay,red_king_crab,2022,143,0,0,0,6,0,0,6
TR22,bristol_bay,red_king_crab,2022,144,0,0,0,0,0,1,1
TR22,bristol_bay,red_king_crab,2022,145,0,0,0,3,0,0,3
TR22,bristol_bay,red_king_crab,2022,146,0,0,0,3,0,0,3
TR22,bristol_bay,red_king_crab,2022,147,0,0,0,3,2,0,5
TR22,bristol_bay,red_king_crab,2022,148,0,0,0,2,0,0,2
TR22,bristol_bay,red_king_crab,2022,149,0,0,0,3,2,0,5
TR22,bristol_bay,red_king_crab,2022,150,0,0,0,4,0,0,4
TR22,bristol_bay,red_king_crab,2022,151,0,0,0,5,0,0,5
TR22,bristol_bay,red_king_crab,2022,152,0,0,0,4,0,0,4
TR22,bristol_bay,red_king_crab,2022,153,0,0,0,1,1,1,3
TR22,bristol_bay,red_king_crab,2022,154,0,0,0,4,1,1,6
TR22,bristol_bay,red_king_crab,2022,155,0,0,0,2,0,0,2
TR22,bristol_bay,red_king_crab,2022,156,0,0,0,3,0,1,4
TR22,bristol_bay,red_king_crab,2022,157,0,0,0,2,1,1,4
TR22,bristol_bay,red_king_crab,2022,158,0,0,0,1,0,0,1
TR22,bristol_bay,red_king_crab,2022,159,0,0,0,2,0,2,4
TR22,bristol_bay,red_king_crab,2022,160,0,0,0,2,1,0,3
TR22,bristol_bay,red_king_crab,2022,161,0,0,0,1,0,0,1
TR22,bristol_bay,red_king_crab,2022,162,0,0,0,1,0,1,2
TR22,bristol_bay,red_king_crab,2022,163,0,0,0,3,0,0,3
TR22,bristol_bay,red_king_crab,2022,164,0,0,0,3,0,0,3
TR22,bristol_bay,red_king_crab,2022,165,0,0,0,1,0,0,1
TR22,bristol_bay,red_king_crab,2022,166,0,0,0,1,1,0,2
TR22,bristol_bay,red_king_crab,2022,168,0,0,0,2,0,0,2
TR22,bristol_bay,red_king_crab,2022,169,0,0,0,1,0,0,1
TR22,bristol_bay,red_king_crab,2022,171,0,0,0,1,0,0,1
TR22,bristol_bay,red_king_crab,2022,172,0,0,0,0,1,0,1
TR22,bristol_bay,red_king_crab,2022,174,0,0,0,0,1,1,2
TR22,bristol_bay,red_king_crab,2022,184,0,0,0,0,0,1,1
TR22,bristol_bay,red_king_crab,2022,188,0,0,0,1,0,0,1
TR23,bristol_bay,red_king_crab,2023,131,0,0,0,2,0,0,2
TR23,bristol_bay,red_king_crab,2023,133,0,0,0,3,0,0,3
TR23,bristol_bay,red_king_crab,2023,134,0,0,0,6,1,0,7
TR23,bristol_bay,red_king_crab,2023,135,0,0,0,14,2,1,17
TR23,bristol_bay,red_king_crab,2023,136,0,0,0,21,4,0,25
TR23,bristol_bay,red_king_crab,2023,137,0,0,0,34,8,0,42
TR23,bristol_bay,red_king_crab,2023,138,0,0,0,53,8,0,61
TR23,bristol_bay,red_king_crab,2023,139,0,0,0,58,5,1,64
TR23,bristol_bay,red_king_crab,2023,140,0,0,0,81,6,0,87
TR23,bristol_bay,red_king_crab,2023,141,0,0,0,87,11,0,98
TR23,bristol_bay,red_king_crab,2023,142,0,0,0,92,12,0,104
TR23,bristol_bay,red_king_crab,2023,143,0,0,0,123,11,2,136
TR23,bristol_bay,red_king_crab,2023,144,0,0,0,133,14,1,148
TR23,bristol_bay,red_king_crab,2023,145,0,0,0,120,16,2,138
TR23,bristol_bay,red_king_crab,2023,146,0,0,0,115,24,2,141
TR23,bristol_bay,red_king_crab,2023,147,0,0,0,120,18,2,140
TR23,bristol_bay,red_king_crab,2023,148,0,0,0,116,22,0,138
TR23,bristol_bay,red_king_crab,2023,149,0,0,0,123,16,4,143
TR23,bristol_bay,red_king_crab,2023,150,0,0,0,122,13,3,138
TR23,bristol_bay,red_king_crab,2023,151,0,0,0,134,19,1,154
TR23,bristol_bay,red_king_crab,2023,152,0,0,0,118,21,3,142
TR23,bristol_bay,red_king_crab,2023,153,0,0,0,120,22,4,146
TR23,bristol_bay,red_king_crab,2023,154,0,0,0,132,18,3,153
TR23,bristol_bay,red_king_crab,2023,155,0,0,0,102,20,3,125
TR23,bristol_bay,red_king_crab,2023,156,0,0,0,104,22,2,128
TR23,bristol_bay,red_king_crab,2023,157,0,0,0,88,29,5,122
TR23,bristol_bay,red_king_crab,2023,158,0,0,0,74,13,3,90
TR23,bristol_bay,red_king_crab,2023,159,0,0,0,88,18,6,112
TR23,bristol_bay,red_king_crab,2023,160,0,0,0,71,9,5,85
TR23,bristol_bay,red_king_crab,2023,161,0,0,0,60,19,3,82
TR23,bristol_bay,red_king_crab,2023,162,0,0,0,74,19,0,93
TR23,bristol_bay,red_king_crab,2023,163,0,0,0,47,19,5,71
TR23,bristol_bay,red_king_crab,2023,164,0,0,0,51,17,5,73
TR23,bristol_bay,red_king_crab,2023,165,0,0,0,47,11,4,62
TR23,bristol_bay,red_king_crab,2023,166,0,0,0,40,15,4,59
TR23,bristol_bay,red_king_crab,2023,167,0,0,0,41,12,2,55
TR23,bristol_bay,red_king_crab,2023,168,0,0,0,29,10,3,42
TR23,bristol_bay,red_king_crab,2023,169,0,0,0,22,8,5,35
TR23,bristol_bay,red_king_crab,2023,170,0,0,0,21,6,2,29
TR23,bristol_bay,red_king_crab,2023,171,0,0,0,16,6,1,23
TR23,bristol_bay,red_king_crab,2023,172,0,0,0,25,3,2,30
TR23,bristol_bay,red_king_crab,2023,173,0,0,0,13,6,0,19
TR23,bristol_bay,red_king_crab,2023,174,0,0,0,20,2,2,24
TR23,bristol_bay,red_king_crab,2023,175,0,0,0,1,6,1,8
TR23,bristol_bay,red_king_crab,2023,176,0,0,0,11,6,1,18
TR23,bristol_bay,red_king_crab,2023,177,0,0,0,7,4,1,12
TR23,bristol_bay,red_king_crab,2023,178,0,0,0,6,2,2,10
TR23,bristol_bay,red_king_crab,2023,179,0,0,0,3,1,1,5
TR23,bristol_bay,red_king_crab,2023,180,0,0,0,3,1,1,5
TR23,bristol_bay,red_king_crab,2023,181,0,0,0,2,1,0,3
TR23,bristol_bay,red_king_crab,2023,183,0,0,0,3,0,0,3
TR23,bristol_bay,red_king_crab,2023,184,0,0,0,1,0,0,1
TR90,bristol_bay,red_king_crab,1990,121,0,0,0,1,0,0,1
TR90,bristol_bay,red_king_crab,1990,122,0,0,0,1,0,0,1
TR90,bristol_bay,red_king_crab,1990,128,0,0,0,1,0,0,1
TR90,bristol_bay,red_king_crab,1990,129,0,0,0,1,0,0,1
TR90,bristol_bay,red_king_crab,1990,131,0,0,0,2,1,0,3
TR90,bristol_bay,red_king_crab,1990,132,0,0,0,12,2,0,14
TR90,bristol_bay,red_king_crab,1990,133,0,0,0,23,4,0,27
TR90,bristol_bay,red_king_crab,1990,134,0,0,0,55,3,1,59
TR90,bristol_bay,red_king_crab,1990,135,0,0,0,63,8,0,71
TR90,bristol_bay,red_king_crab,1990,136,0,0,0,95,14,0,109
TR90,bristol_bay,red_king_crab,1990,137,0,0,0,133,17,0,150
TR90,bristol_bay,red_king_crab,1990,138,0,0,0,125,16,0,141
TR90,bristol_bay,red_king_crab,1990,139,0,0,0,155,12,0,167
TR90,bristol_bay,red_king_crab,1990,140,0,0,0,197,20,1,218
TR90,bristol_bay,red_king_crab,1990,141,0,0,0,204,13,1,218
TR90,bristol_bay,red_king_crab,1990,142,0,0,0,258,34,1,293
TR90,bristol_bay,red_king_crab,1990,143,0,0,0,306,31,0,337
TR90,bristol_bay,red_king_crab,1990,144,0,0,0,196,22,3,221
TR90,bristol_bay,red_king_crab,1990,145,0,0,0,212,23,3,238
TR90,bristol_bay,red_king_crab,1990,146,0,0,0,224,29,6,259
TR90,bristol_bay,red_king_crab,1990,147,0,0,0,221,28,3,252
TR90,bristol_bay,red_king_crab,1990,148,0,0,0,205,43,4,252
TR90,bristol_bay,red_king_crab,1990,149,0,0,0,197,24,4,225
TR90,bristol_bay,red_king_crab,1990,150,0,0,0,228,48,1,277
TR90,bristol_bay,red_king_crab,1990,151,0,0,0,159,32,9,200
TR90,bristol_bay,red_king_crab,1990,152,0,0,0,256,39,3,298
TR90,bristol_bay,red_king_crab,1990,153,0,0,0,237,49,5,291
TR90,bristol_bay,red_king_crab,1990,154,0,0,0,153,29,6,188
TR90,bristol_bay,red_king_crab,1990,155,0,0,0,148,38,7,193
TR90,bristol_bay,red_king_crab,1990,156,0,0,0,174,37,6,217
TR90,bristol_bay,red_king_crab,1990,157,0,0,0,170,39,6,215
TR90,bristol_bay,red_king_crab,1990,158,0,0,0,198,31,3,232
TR90,bristol_bay,red_king_crab,1990,159,0,0,0,152,25,4,181
TR90,bristol_bay,red_king_crab,1990,160,0,0,0,182,34,5,221
TR90,bristol_bay,red_king_crab,1990,161,0,0,0,120,18,4,142
TR90,bristol_bay,red_king_crab,1990,162,0,0,0,132,25,4,161
TR90,bristol_bay,red_king_crab,1990,163,0,0,0,178,24,3,205
TR90,bristol_bay,red_king_crab,1990,164,0,0,0,92,18,3,113
TR90,bristol_bay,red_king_crab,1990,165,0,0,0,104,30,5,139
TR90,bristol_bay,red_king_crab,1990,166,0,0,0,83,19,1,103
TR90,bristol_bay,red_king_crab,1990,167,0,0,0,84,13,3,100
TR90,bristol_bay,red_king_crab,1990,168,0,0,0,92,9,1,102
TR90,bristol_bay,red_king_crab,1990,169,0,0,0,70,12,0,82
TR90,bristol_bay,red_king_crab,1990,170,0,0,0,64,12,1,77
TR90,bristol_bay,red_king_crab,1990,171,0,0,0,42,6,2,50
TR90,bristol_bay,red_king_crab,1990,172,0,0,0,34,7,0,41
TR90,bristol_bay,red_king_crab,1990,173,0,0,0,34,4,0,38
TR90,bristol_bay,red_king_crab,1990,174,0,0,0,18,3,0,21
TR90,bristol_bay,red_king_crab,1990,175,0,0,0,12,2,0,14
TR90,bristol_bay,red_king_crab,1990,176,0,0,0,14,1,0,15
TR90,bristol_bay,red_king_crab,1990,177,0,0,0,9,1,1,11
TR90,bristol_bay,red_king_crab,1990,178,0,0,0,4,1,0,5
TR90,bristol_bay,red_king_crab,1990,179,0,0,0,4,2,0,6
TR90,bristol_bay,red_king_crab,1990,180,0,0,0,5,0,0,5
TR90,bristol_bay,red_king_crab,1990,181,0,0,0,4,1,0,5
TR90,bristol_bay,red_king_crab,1990,182,0,0,0,5,1,0,6
TR90,bristol_bay,red_king_crab,1990,183,0,0,0,2,0,0,2
TR90,bristol_bay,red_king_crab,1990,184,0,0,0,1,0,0,1
TR90,bristol_bay,red_king_crab,1990,185,0,0,0,2,0,0,2
TR90,bristol_bay,red_king_crab,1990,186,0,0,0,1,0,0,1
TR91,bristol_bay,red_king_crab,1991,88,0,0,0,1,0,0,1
TR91,bristol_bay,red_king_crab,1991,93,0,0,0,1,0,0,1
TR91,bristol_bay,red_king_crab,1991,103,0,0,0,1,0,0,1
TR91,bristol_bay,red_king_crab,1991,108,0,0,0,2,0,0,2
TR91,bristol_bay,red_king_crab,1991,110,0,0,0,0,1,0,1
TR91,bristol_bay,red_king_crab,1991,117,0,0,0,1,0,0,1
TR91,bristol_bay,red_king_crab,1991,120,0,0,0,1,0,0,1
TR91,bristol_bay,red_king_crab,1991,121,0,0,0,2,0,0,2
TR91,bristol_bay,red_king_crab,1991,122,0,0,0,2,0,0,2
TR91,bristol_bay,red_king_crab,1991,125,0,0,0,4,0,0,4
TR91,bristol_bay,red_king_crab,1991,126,0,0,0,4,0,0,4
TR91,bristol_bay,red_king_crab,1991,127,0,0,0,5,0,0,5
TR91,bristol_bay,red_king_crab,1991,128,0,0,0,3,1,0,4
TR91,bristol_bay,red_king_crab,1991,129,0,0,0,1,1,0,2
TR91,bristol_bay,red_king_crab,1991,130,0,0,0,21,0,0,21
TR91,bristol_bay,red_king_crab,1991,131,0,0,0,46,0,0,46
TR91,bristol_bay,red_king_crab,1991,132,0,0,0,76,2,0,78
TR91,bristol_bay,red_king_crab,1991,133,0,0,0,123,7,0,130
TR91,bristol_bay,red_king_crab,1991,134,0,0,0,223,13,0,236
TR91,bristol_bay,red_king_crab,1991,135,0,0,0,314,18,0,332
TR91,bristol_bay,red_king_crab,1991,136,0,0,0,447,36,4,487
TR91,bristol_bay,red_king_crab,1991,137,0,0,0,584,36,1,621
TR91,bristol_bay,red_king_crab,1991,138,0,1,0,691,56,0,748
TR91,bristol_bay,red_king_crab,1991,139,0,1,0,807,67,2,877
TR91,bristol_bay,red_king_crab,1991,140,0,0,0,1038,109,3,1150
TR91,bristol_bay,red_king_crab,1991,141,0,0,0,996,94,3,1093
TR91,bristol_bay,red_king_crab,1991,142,0,0,0,1063,103,6,1172
TR91,bristol_bay,red_king_crab,1991,143,0,0,0,1167,109,4,1280
TR91,bristol_bay,red_king_crab,1991,144,0,4,0,1130,115,12,1261
TR91,bristol_bay,red_king_crab,1991,145,0,2,0,1212,110,11,1335
TR91,bristol_bay,red_king_crab,1991,146,0,0,0,1565,114,8,1687
TR91,bristol_bay,red_king_crab,1991,147,0,1,0,1179,112,6,1298
TR91,bristol_bay,red_king_crab,1991,148,0,0,0,1148,103,11,1262
TR91,bristol_bay,red_king_crab,1991,149,0,0,0,1120,135,11,1266
TR91,bristol_bay,red_king_crab,1991,150,0,0,0,1327,120,17,1464
TR91,bristol_bay,red_king_crab,1991,151,0,0,0,1049,121,5,1175
TR91,bristol_bay,red_king_crab,1991,152,0,0,0,1088,139,18,1245
TR91,bristol_bay,red_king_crab,1991,153,0,0,0,1113,140,10,1263
TR91,bristol_bay,red_king_crab,1991,154,0,0,0,1057,130,21,1208
TR91,bristol_bay,red_king_crab,1991,155,0,0,0,999,146,11,1156
TR91,bristol_bay,red_king_crab,1991,156,0,0,0,966,145,11,1122
TR91,bristol_bay,red_king_crab,1991,157,0,0,0,943,147,17,1107
TR91,bristol_bay,red_king_crab,1991,158,0,0,0,886,138,14,1038
TR91,bristol_bay,red_king_crab,1991,159,0,1,0,720,127,15,863
TR91,bristol_bay,red_king_crab,1991,160,0,0,0,858,131,20,1009
TR91,bristol_bay,red_king_crab,1991,161,0,0,0,683,111,19,813
TR91,bristol_bay,red_king_crab,1991,162,0,0,0,721,133,10,864
TR91,bristol_bay,red_king_crab,1991,163,0,0,0,663,128,13,804
TR91,bristol_bay,red_king_crab,1991,164,0,0,0,626,101,13,740
TR91,bristol_bay,red_king_crab,1991,165,0,0,0,566,103,13,682
TR91,bristol_bay,red_king_crab,1991,166,0,0,0,489,82,7,578
TR91,bristol_bay,red_king_crab,1991,167,0,0,0,399,94,12,505
TR91,bristol_bay,red_king_crab,1991,168,0,0,0,398,94,11,503
TR91,bristol_bay,red_king_crab,1991,169,0,0,0,309,70,7,386
TR91,bristol_bay,red_king_crab,1991,170,0,0,0,280,74,7,361
TR91,bristol_bay,red_king_crab,1991,171,0,0,0,235,57,10,302
TR91,bristol_bay,red_king_crab,1991,172,0,0,0,207,51,5,263
TR91,bristol_bay,red_king_crab,1991,173,0,0,0,200,39,7,246
TR91,bristol_bay,red_king_crab,1991,174,0,0,0,144,26,2,172
TR91,bristol_bay,red_king_crab,1991,175,0,0,0,148,28,4,180
TR91,bristol_bay,red_king_crab,1991,176,0,0,0,86,22,1,109
TR91,bristol_bay,red_king_crab,1991,177,0,0,0,69,11,1,81
TR91,bristol_bay,red_king_crab,1991,178,0,0,0,64,10,3,77
TR91,bristol_bay,red_king_crab,1991,179,0,0,0,42,9,0,51
TR91,bristol_bay,red_king_crab,1991,180,0,0,0,31,6,1,38
TR91,bristol_bay,red_king_crab,1991,181,0,0,0,22,4,0,26
TR91,bristol_bay,red_king_crab,1991,182,0,0,0,15,2,0,17
TR91,bristol_bay,red_king_crab,1991,183,0,0,0,12,4,1,17
TR91,bristol_bay,red_king_crab,1991,184,0,0,0,26,1,0,27
TR91,bristol_bay,red_king_crab,1991,185,0,0,0,9,0,0,9
TR91,bristol_bay,red_king_crab,1991,186,0,0,0,7,0,2,9
TR91,bristol_bay,red_king_crab,1991,187,0,0,0,2,0,0,2
TR91,bristol_bay,red_king_crab,1991,188,0,0,0,1,0,0,1
TR91,bristol_bay,red_king_crab,1991,189,0,0,0,1,0,0,1
TR91,bristol_bay,red_king_crab,1991,191,0,0,0,2,0,0,2
TR91,bristol_bay,red_king_crab,1991,195,0,0,0,0,1,0,1
TR92,bristol_bay,red_king_crab,1992,88,0,0,0,1,0,0,1
TR92,bristol_bay,red_king_crab,1992,93,0,0,0,1,0,0,1
TR92,bristol_bay,red_king_crab,1992,95,0,0,0,2,0,0,2
TR92,bristol_bay,red_king_crab,1992,96,0,0,0,1,0,0,1
TR92,bristol_bay,red_king_crab,1992,97,0,0,0,1,0,0,1
TR92,bristol_bay,red_king_crab,1992,98,0,0,0,1,0,0,1
TR92,bristol_bay,red_king_crab,1992,101,0,0,0,1,0,0,1
TR92,bristol_bay,red_king_crab,1992,104,0,0,0,1,0,0,1
TR92,bristol_bay,red_king_crab,1992,105,0,0,0,1,0,0,1
TR92,bristol_bay,red_king_crab,1992,106,0,0,0,2,0,0,2
TR92,bristol_bay,red_king_crab,1992,110,0,0,0,1,0,0,1
TR92,bristol_bay,red_king_crab,1992,114,0,0,0,2,0,0,2
TR92,bristol_bay,red_king_crab,1992,117,0,0,0,2,1,0,3
TR92,bristol_bay,red_king_crab,1992,118,0,0,0,1,0,0,1
TR92,bristol_bay,red_king_crab,1992,120,0,0,0,1,0,0,1
TR92,bristol_bay,red_king_crab,1992,123,0,0,0,2,1,0,3
TR92,bristol_bay,red_king_crab,1992,124,0,0,0,2,0,0,2
TR92,bristol_bay,red_king_crab,1992,125,0,0,0,3,0,0,3
TR92,bristol_bay,red_king_crab,1992,126,0,0,0,1,0,0,1
TR92,bristol_bay,red_king_crab,1992,127,0,0,0,1,0,0,1
TR92,bristol_bay,red_king_crab,1992,128,0,0,0,4,1,0,5
TR92,bristol_bay,red_king_crab,1992,129,0,0,0,6,0,0,6
TR92,bristol_bay,red_king_crab,1992,130,0,0,0,21,1,0,22
TR92,bristol_bay,red_king_crab,1992,131,0,0,0,32,5,0,37
TR92,bristol_bay,red_king_crab,1992,132,0,0,0,50,5,1,56
TR92,bristol_bay,red_king_crab,1992,133,0,0,0,94,14,1,109
TR92,bristol_bay,red_king_crab,1992,134,0,0,0,128,29,1,158
TR92,bristol_bay,red_king_crab,1992,135,0,0,0,198,48,4,250
TR92,bristol_bay,red_king_crab,1992,136,0,0,0,234,30,5,269
TR92,bristol_bay,red_king_crab,1992,137,0,0,0,343,61,6,410
TR92,bristol_bay,red_king_crab,1992,138,0,0,0,395,56,5,456
TR92,bristol_bay,red_king_crab,1992,139,0,1,0,333,62,6,402
TR92,bristol_bay,red_king_crab,1992,140,0,0,0,576,111,8,695
TR92,bristol_bay,red_king_crab,1992,141,0,0,0,430,79,9,518
TR92,bristol_bay,red_king_crab,1992,142,0,0,0,633,97,7,737
TR92,bristol_bay,red_king_crab,1992,143,0,1,0,690,125,14,830
TR92,bristol_bay,red_king_crab,1992,144,0,0,0,642,110,14,766
TR92,bristol_bay,red_king_crab,1992,145,0,0,0,720,143,13,876
TR92,bristol_bay,red_king_crab,1992,146,0,0,0,622,113,13,748
TR92,bristol_bay,red_king_crab,1992,147,0,1,0,760,150,21,932
TR92,bristol_bay,red_king_crab,1992,148,0,0,0,674,134,16,824
TR92,bristol_bay,red_king_crab,1992,149,0,0,0,589,121,13,723
TR92,bristol_bay,red_king_crab,1992,150,0,0,0,793,177,22,992
TR92,bristol_bay,red_king_crab,1992,151,0,0,0,596,141,12,749
TR92,bristol_bay,red_king_crab,1992,152,0,0,0,849,168,25,1042
TR92,bristol_bay,red_king_crab,1992,153,0,0,0,756,198,12,966
TR92,bristol_bay,red_king_crab,1992,154,0,0,0,710,152,31,893
TR92,bristol_bay,red_king_crab,1992,155,0,0,0,701,171,22,894
TR92,bristol_bay,red_king_crab,1992,156,0,0,0,649,154,29,832
TR92,bristol_bay,red_king_crab,1992,157,0,0,0,689,153,23,865
TR92,bristol_bay,red_king_crab,1992,158,0,0,0,640,153,30,823
TR92,bristol_bay,red_king_crab,1992,159,0,0,0,494,143,16,653
TR92,bristol_bay,red_king_crab,1992,160,0,0,0,533,146,21,700
TR92,bristol_bay,red_king_crab,1992,161,0,0,0,438,113,21,572
TR92,bristol_bay,red_king_crab,1992,162,0,0,0,513,156,22,691
TR92,bristol_bay,red_king_crab,1992,163,0,0,0,470,150,22,642
TR92,bristol_bay,red_king_crab,1992,164,0,0,0,409,111,27,547
TR92,bristol_bay,red_king_crab,1992,165,0,0,0,404,110,14,528
TR92,bristol_bay,red_king_crab,1992,166,0,0,0,341,75,16,432
TR92,bristol_bay,red_king_crab,1992,167,0,0,0,315,102,23,440
TR92,bristol_bay,red_king_crab,1992,168,0,0,0,288,109,14,411
TR92,bristol_bay,red_king_crab,1992,169,0,0,0,216,72,13,301
TR92,bristol_bay,red_king_crab,1992,170,0,0,0,244,89,11,344
TR92,bristol_bay,red_king_crab,1992,171,0,1,0,164,55,10,230
TR92,bristol_bay,red_king_crab,1992,172,0,0,0,167,64,12,243
TR92,bristol_bay,red_king_crab,1992,173,0,0,0,138,52,11,201
TR92,bristol_bay,red_king_crab,1992,174,0,1,0,106,48,5,160
TR92,bristol_bay,red_king_crab,1992,175,0,0,0,77,37,8,122
TR92,bristol_bay,red_king_crab,1992,176,0,0,0,76,23,5,104
TR92,bristol_bay,red_king_crab,1992,177,0,0,0,57,23,3,83
TR92,bristol_bay,red_king_crab,1992,178,0,0,0,44,24,3,71
TR92,bristol_bay,red_king_crab,1992,179,0,0,0,28,10,3,41
TR92,bristol_bay,red_king_crab,1992,180,0,0,0,22,11,3,36
TR92,bristol_bay,red_king_crab,1992,181,0,0,0,14,5,0,19
TR92,bristol_bay,red_king_crab,1992,182,0,0,0,7,6,0,13
TR92,bristol_bay,red_king_crab,1992,183,0,0,0,11,5,0,16
TR92,bristol_bay,red_king_crab,1992,184,0,0,0,6,3,0,9
TR92,bristol_bay,red_king_crab,1992,185,0,0,0,4,3,0,7
TR92,bristol_bay,red_king_crab,1992,186,0,0,0,3,1,0,4
TR92,bristol_bay,red_king_crab,1992,187,0,0,0,4,2,0,6
TR92,bristol_bay,red_king_crab,1992,188,0,0,0,2,1,0,3
TR92,bristol_bay,red_king_crab,1992,189,0,0,0,2,0,0,2
TR92,bristol_bay,red_king_crab,1992,190,0,0,0,1,0,1,2
TR92,bristol_bay,red_king_crab,1992,195,0,0,0,0,0,1,1
TR92,bristol_bay,red_king_crab,1992,197,0,0,0,1,0,0,1
TR93,bristol_bay,red_king_crab,1993,106,0,0,0,1,0,0,1
TR93,bristol_bay,red_king_crab,1993,107,0,0,0,1,0,0,1
TR93,bristol_bay,red_king_crab,1993,110,0,0,0,1,0,0,1
TR93,bristol_bay,red_king_crab,1993,113,0,0,0,2,0,0,2
TR93,bristol_bay,red_king_crab,1993,114,0,0,0,1,0,0,1
TR93,bristol_bay,red_king_crab,1993,116,0,0,0,1,0,0,1
TR93,bristol_bay,red_king_crab,1993,117,0,0,0,2,0,0,2
TR93,bristol_bay,red_king_crab,1993,118,0,0,0,2,0,0,2
TR93,bristol_bay,red_king_crab,1993,121,0,0,0,3,0,0,3
TR93,bristol_bay,red_king_crab,1993,123,0,0,0,3,0,0,3
TR93,bristol_bay,red_king_crab,1993,124,0,0,0,1,0,0,1
TR93,bristol_bay,red_king_crab,1993,125,0,0,0,3,0,0,3
TR93,bristol_bay,red_king_crab,1993,126,0,0,0,2,0,0,2
TR93,bristol_bay,red_king_crab,1993,127,0,0,0,3,0,0,3
TR93,bristol_bay,red_king_crab,1993,128,0,0,0,5,0,0,5
TR93,bristol_bay,red_king_crab,1993,129,0,0,0,16,1,0,17
TR93,bristol_bay,red_king_crab,1993,130,0,0,0,27,0,0,27
TR93,bristol_bay,red_king_crab,1993,131,0,0,0,27,0,0,27
TR93,bristol_bay,red_king_crab,1993,132,0,0,0,80,3,0,83
TR93,bristol_bay,red_king_crab,1993,133,0,0,0,121,2,0,123
TR93,bristol_bay,red_king_crab,1993,134,0,0,0,197,4,0,201
TR93,bristol_bay,red_king_crab,1993,135,0,0,0,326,25,1,352
TR93,bristol_bay,red_king_crab,1993,136,0,0,0,494,18,3,515
TR93,bristol_bay,red_king_crab,1993,137,0,0,0,586,26,1,613
TR93,bristol_bay,red_king_crab,1993,138,0,0,0,783,31,3,817
TR93,bristol_bay,red_king_crab,1993,139,0,0,0,764,48,1,813
TR93,bristol_bay,red_king_crab,1993,140,0,0,0,1047,83,3,1133
TR93,bristol_bay,red_king_crab,1993,141,0,1,0,990,91,1,1083
TR93,bristol_bay,red_king_crab,1993,142,0,1,0,1185,91,5,1282
TR93,bristol_bay,red_king_crab,1993,143,0,1,0,1093,111,4,1209
TR93,bristol_bay,red_king_crab,1993,144,0,0,0,1078,106,4,1188
TR93,bristol_bay,red_king_crab,1993,145,0,3,0,1171,126,4,1304
TR93,bristol_bay,red_king_crab,1993,146,0,0,0,1015,106,5,1126
TR93,bristol_bay,red_king_crab,1993,147,0,0,0,1059,136,3,1198
TR93,bristol_bay,red_king_crab,1993,148,0,0,0,897,122,10,1029
TR93,bristol_bay,red_king_crab,1993,149,0,0,0,892,172,13,1077
TR93,bristol_bay,red_king_crab,1993,150,0,0,0,999,184,10,1193
TR93,bristol_bay,red_king_crab,1993,151,0,0,0,844,160,12,1016
TR93,bristol_bay,red_king_crab,1993,152,0,0,0,860,177,20,1057
TR93,bristol_bay,red_king_crab,1993,153,0,0,0,821,204,7,1032
TR93,bristol_bay,red_king_crab,1993,154,0,0,0,758,189,16,963
TR93,bristol_bay,red_king_crab,1993,155,0,0,0,772,181,23,976
TR93,bristol_bay,red_king_crab,1993,156,0,0,0,706,166,16,888
TR93,bristol_bay,red_king_crab,1993,157,0,0,0,684,185,16,885
TR93,bristol_bay,red_king_crab,1993,158,0,0,0,617,171,23,811
TR93,bristol_bay,red_king_crab,1993,159,0,0,0,618,173,21,812
TR93,bristol_bay,red_king_crab,1993,160,0,0,0,631,172,20,823
TR93,bristol_bay,red_king_crab,1993,161,0,0,0,531,157,16,704
TR93,bristol_bay,red_king_crab,1993,162,0,0,0,545,155,21,721
TR93,bristol_bay,red_king_crab,1993,163,0,0,0,486,161,18,665
TR93,bristol_bay,red_king_crab,1993,164,0,0,0,456,137,22,615
TR93,bristol_bay,red_king_crab,1993,165,0,0,0,438,142,13,593
TR93,bristol_bay,red_king_crab,1993,166,0,0,0,318,86,21,425
TR93,bristol_bay,red_king_crab,1993,167,0,0,0,326,112,7,445
TR93,bristol_bay,red_king_crab,1993,168,0,0,0,338,109,21,468
TR93,bristol_bay,red_king_crab,1993,169,0,0,0,253,102,12,367
TR93,bristol_bay,red_king_crab,1993,170,0,0,0,289,120,18,427
TR93,bristol_bay,red_king_crab,1993,171,0,0,0,214,70,12,296
TR93,bristol_bay,red_king_crab,1993,172,0,0,0,208,75,9,292
TR93,bristol_bay,red_king_crab,1993,173,0,0,0,167,58,15,240
TR93,bristol_bay,red_king_crab,1993,174,0,1,0,143,46,8,198
TR93,bristol_bay,red_king_crab,1993,175,0,0,0,120,49,9,178
TR93,bristol_bay,red_king_crab,1993,176,0,0,0,95,34,5,134
TR93,bristol_bay,red_king_crab,1993,177,0,0,0,73,26,6,105
TR93,bristol_bay,red_king_crab,1993,178,0,0,0,66,23,4,93
TR93,bristol_bay,red_king_crab,1993,179,0,0,0,57,23,3,83
TR93,bristol_bay,red_king_crab,1993,180,0,0,0,43,16,3,62
TR93,bristol_bay,red_king_crab,1993,181,0,0,0,20,7,3,30
TR93,bristol_bay,red_king_crab,1993,182,0,0,0,18,4,5,27
TR93,bristol_bay,red_king_crab,1993,183,0,0,0,15,4,1,20
TR93,bristol_bay,red_king_crab,1993,184,0,0,0,10,3,0,13
TR93,bristol_bay,red_king_crab,1993,185,0,0,0,6,3,2,11
TR93,bristol_bay,red_king_crab,1993,186,0,0,0,5,3,2,10
TR93,bristol_bay,red_king_crab,1993,187,0,0,0,2,1,0,3
TR93,bristol_bay,red_king_crab,1993,188,0,0,0,2,1,0,3
TR93,bristol_bay,red_king_crab,1993,189,0,0,0,3,1,0,4
TR93,bristol_bay,red_king_crab,1993,190,0,0,0,1,1,0,2
TR93,bristol_bay,red_king_crab,1993,191,0,0,0,2,0,0,2
TR93,bristol_bay,red_king_crab,1993,192,0,0,0,0,1,0,1
TR93,bristol_bay,red_king_crab,1993,198,0,0,0,1,0,0,1
TR96,bristol_bay,red_king_crab,1996,76,0,0,0,1,0,0,1
TR96,bristol_bay,red_king_crab,1996,87,0,0,0,1,0,0,1
TR96,bristol_bay,red_king_crab,1996,102,0,0,0,1,0,0,1
TR96,bristol_bay,red_king_crab,1996,107,0,0,0,1,0,0,1
TR96,bristol_bay,red_king_crab,1996,110,0,0,0,1,0,0,1
TR96,bristol_bay,red_king_crab,1996,114,0,0,0,1,0,0,1
TR96,bristol_bay,red_king_crab,1996,123,0,0,0,1,0,0,1
TR96,bristol_bay,red_king_crab,1996,125,0,0,0,2,0,0,2
TR96,bristol_bay,red_king_crab,1996,126,0,0,0,0,1,0,1
TR96,bristol_bay,red_king_crab,1996,128,0,0,0,1,0,0,1
TR96,bristol_bay,red_king_crab,1996,129,0,0,0,1,0,0,1
TR96,bristol_bay,red_king_crab,1996,130,0,0,0,2,1,0,3
TR96,bristol_bay,red_king_crab,1996,131,0,0,0,13,0,0,13
TR96,bristol_bay,red_king_crab,1996,132,0,0,0,14,3,0,17
TR96,bristol_bay,red_king_crab,1996,133,0,0,0,31,2,0,33
TR96,bristol_bay,red_king_crab,1996,134,0,0,0,37,12,0,49
TR96,bristol_bay,red_king_crab,1996,135,0,0,0,66,23,0,89
TR96,bristol_bay,red_king_crab,1996,136,0,0,0,87,16,0,103
TR96,bristol_bay,red_king_crab,1996,137,0,0,0,102,32,0,134
TR96,bristol_bay,red_king_crab,1996,138,0,0,0,140,42,1,183
TR96,bristol_bay,red_king_crab,1996,139,0,0,0,141,49,0,190
TR96,bristol_bay,red_king_crab,1996,140,0,0,0,185,47,0,232
TR96,bristol_bay,red_king_crab,1996,141,0,0,0,178,49,2,229
TR96,bristol_bay,red_king_crab,1996,142,0,0,0,231,67,1,299
TR96,bristol_bay,red_king_crab,1996,143,0,0,0,201,41,1,243
TR96,bristol_bay,red_king_crab,1996,144,0,0,0,202,56,1,259
TR96,bristol_bay,red_king_crab,1996,145,0,0,0,213,56,3,272
TR96,bristol_bay,red_king_crab,1996,146,0,0,0,209,50,2,261
TR96,bristol_bay,red_king_crab,1996,147,0,0,0,257,61,8,326
TR96,bristol_bay,red_king_crab,1996,148,0,0,0,229,56,2,287
TR96,bristol_bay,red_king_crab,1996,149,0,0,0,229,71,2,302
TR96,bristol_bay,red_king_crab,1996,150,0,0,0,267,65,3,335
TR96,bristol_bay,red_king_crab,1996,151,0,0,0,209,62,2,273
TR96,bristol_bay,red_king_crab,1996,152,0,0,0,280,63,6,349
TR96,bristol_bay,red_king_crab,1996,153,0,0,0,256,64,5,325
TR96,bristol_bay,red_king_crab,1996,154,0,0,0,214,73,4,291
TR96,bristol_bay,red_king_crab,1996,155,0,0,0,256,71,7,334
TR96,bristol_bay,red_king_crab,1996,156,0,0,0,226,53,2,281
TR96,bristol_bay,red_king_crab,1996,157,0,0,0,220,60,5,285
TR96,bristol_bay,red_king_crab,1996,158,0,0,0,265,65,2,332
TR96,bristol_bay,red_king_crab,1996,159,0,0,0,187,63,6,256
TR96,bristol_bay,red_king_crab,1996,160,0,0,0,202,63,8,273
TR96,bristol_bay,red_king_crab,1996,161,0,0,0,185,56,7,248
TR96,bristol_bay,red_king_crab,1996,162,0,0,0,156,57,10,223
TR96,bristol_bay,red_king_crab,1996,163,0,0,0,161,53,3,217
TR96,bristol_bay,red_king_crab,1996,164,0,0,0,125,52,6,183
TR96,bristol_bay,red_king_crab,1996,165,0,0,0,119,54,5,178
TR96,bristol_bay,red_king_crab,1996,166,0,0,0,114,36,3,153
TR96,bristol_bay,red_king_crab,1996,167,0,0,0,84,38,5,127
TR96,bristol_bay,red_king_crab,1996,168,0,0,0,80,41,8,129
TR96,bristol_bay,red_king_crab,1996,169,0,0,0,71,28,2,101
TR96,bristol_bay,red_king_crab,1996,170,0,0,0,56,20,5,81
TR96,bristol_bay,red_king_crab,1996,171,0,0,0,35,22,5,62
TR96,bristol_bay,red_king_crab,1996,172,0,0,0,41,17,5,63
TR96,bristol_bay,red_king_crab,1996,173,0,0,0,35,19,6,60
TR96,bristol_bay,red_king_crab,1996,174,0,0,0,28,13,1,42
TR96,bristol_bay,red_king_crab,1996,175,0,0,0,26,10,3,39
TR96,bristol_bay,red_king_crab,1996,176,0,0,0,9,8,0,17
TR96,bristol_bay,red_king_crab,1996,177,0,0,0,17,8,1,26
TR96,bristol_bay,red_king_crab,1996,178,0,0,0,9,8,2,19
TR96,bristol_bay,red_king_crab,1996,179,0,0,0,10,6,0,16
TR96,bristol_bay,red_king_crab,1996,180,0,0,0,6,5,1,12
TR96,bristol_bay,red_king_crab,1996,181,0,0,0,2,4,0,6
TR96,bristol_bay,red_king_crab,1996,182,0,0,0,1,1,2,4
TR96,bristol_bay,red_king_crab,1996,183,0,0,0,1,3,0,4
TR96,bristol_bay,red_king_crab,1996,184,0,0,0,2,1,0,3
TR96,bristol_bay,red_king_crab,1996,185,0,0,0,3,2,0,5
TR96,bristol_bay,red_king_crab,1996,186,0,0,0,1,4,0,5
TR96,bristol_bay,red_king_crab,1996,191,0,0,0,2,0,0,2
TR96,bristol_bay,red_king_crab,1996,192,0,0,0,0,1,0,1
TR97,bristol_bay,red_king_crab,1997,101,0,0,0,1,0,0,1
TR97,bristol_bay,red_king_crab,1997,103,0,0,0,1,0,0,1
TR97,bristol_bay,red_king_crab,1997,105,0,0,0,1,0,0,1
TR97,bristol_bay,red_king_crab,1997,110,0,0,0,1,0,0,1
TR97,bristol_bay,red_king_crab,1997,123,0,0,0,2,0,0,2
TR97,bristol_bay,red_king_crab,1997,125,0,0,0,2,0,0,2
TR97,bristol_bay,red_king_crab,1997,126,0,0,0,1,0,0,1
TR97,bristol_bay,red_king_crab,1997,128,0,0,0,1,0,0,1
TR97,bristol_bay,red_king_crab,1997,129,0,0,0,1,0,0,1
TR97,bristol_bay,red_king_crab,1997,130,0,0,0,11,1,0,12
TR97,bristol_bay,red_king_crab,1997,131,0,0,0,19,0,0,19
TR97,bristol_bay,red_king_crab,1997,132,0,0,0,26,1,1,28
TR97,bristol_bay,red_king_crab,1997,133,0,0,0,49,1,1,51
TR97,bristol_bay,red_king_crab,1997,134,0,0,0,106,2,0,108
TR97,bristol_bay,red_king_crab,1997,135,0,0,0,195,6,0,201
TR97,bristol_bay,red_king_crab,1997,136,0,0,0,212,5,0,217
TR97,bristol_bay,red_king_crab,1997,137,0,0,0,251,5,1,257
TR97,bristol_bay,red_king_crab,1997,138,0,0,0,364,17,0,381
TR97,bristol_bay,red_king_crab,1997,139,0,0,0,375,10,1,386
TR97,bristol_bay,red_king_crab,1997,140,0,0,0,466,24,1,491
TR97,bristol_bay,red_king_crab,1997,141,0,0,0,442,18,0,460
TR97,bristol_bay,red_king_crab,1997,142,0,0,0,407,33,1,441
TR97,bristol_bay,red_king_crab,1997,143,0,0,0,532,23,4,559
TR97,bristol_bay,red_king_crab,1997,144,0,0,0,422,29,2,453
TR97,bristol_bay,red_king_crab,1997,145,0,0,0,493,35,2,530
TR97,bristol_bay,red_king_crab,1997,146,0,0,0,456,28,5,489
TR97,bristol_bay,red_king_crab,1997,147,0,0,0,501,40,3,544
TR97,bristol_bay,red_king_crab,1997,148,0,0,0,513,38,8,559
TR97,bristol_bay,red_king_crab,1997,149,0,0,0,427,41,9,477
TR97,bristol_bay,red_king_crab,1997,150,0,0,0,476,60,8,544
TR97,bristol_bay,red_king_crab,1997,151,0,0,0,486,43,8,537
TR97,bristol_bay,red_king_crab,1997,152,0,0,0,482,56,5,543
TR97,bristol_bay,red_king_crab,1997,153,0,0,0,505,58,6,569
TR97,bristol_bay,red_king_crab,1997,154,0,0,0,471,75,9,555
TR97,bristol_bay,red_king_crab,1997,155,0,0,0,463,66,5,534
TR97,bristol_bay,red_king_crab,1997,156,0,0,0,478,58,10,546
TR97,bristol_bay,red_king_crab,1997,157,0,0,0,447,63,9,519
TR97,bristol_bay,red_king_crab,1997,158,0,0,0,444,54,9,507
TR97,bristol_bay,red_king_crab,1997,159,0,0,0,389,60,3,452
TR97,bristol_bay,red_king_crab,1997,160,0,0,0,421,59,7,487
TR97,bristol_bay,red_king_crab,1997,161,0,0,0,329,55,3,387
TR97,bristol_bay,red_king_crab,1997,162,0,0,0,350,56,4,410
TR97,bristol_bay,red_king_crab,1997,163,0,0,0,322,64,9,395
TR97,bristol_bay,red_king_crab,1997,164,0,0,0,270,55,2,327
TR97,bristol_bay,red_king_crab,1997,165,0,0,0,277,39,4,320
TR97,bristol_bay,red_king_crab,1997,166,0,0,0,213,41,3,257
TR97,bristol_bay,red_king_crab,1997,167,0,0,0,217,43,4,264
TR97,bristol_bay,red_king_crab,1997,168,0,0,0,233,47,6,286
TR97,bristol_bay,red_king_crab,1997,169,0,0,0,155,23,4,182
TR97,bristol_bay,red_king_crab,1997,170,0,0,0,147,29,4,180
TR97,bristol_bay,red_king_crab,1997,171,0,0,0,111,19,1,131
TR97,bristol_bay,red_king_crab,1997,172,0,0,0,80,22,1,103
TR97,bristol_bay,red_king_crab,1997,173,0,0,0,76,17,0,93
TR97,bristol_bay,red_king_crab,1997,174,0,0,0,62,11,2,75
TR97,bristol_bay,red_king_crab,1997,175,0,0,0,57,11,4,72
TR97,bristol_bay,red_king_crab,1997,176,0,0,0,29,7,0,36
TR97,bristol_bay,red_king_crab,1997,177,0,0,0,29,6,4,39
TR97,bristol_bay,red_king_crab,1997,178,0,0,0,27,8,2,37
TR97,bristol_bay,red_king_crab,1997,179,0,0,0,13,6,1,20
TR97,bristol_bay,red_king_crab,1997,180,0,0,0,17,7,2,26
TR97,bristol_bay,red_king_crab,1997,181,0,0,0,8,0,0,8
TR97,bristol_bay,red_king_crab,1997,182,0,0,0,4,2,0,6
TR97,bristol_bay,red_king_crab,1997,183,0,0,0,6,2,0,8
TR97,bristol_bay,red_king_crab,1997,184,0,0,0,4,2,0,6
TR97,bristol_bay,red_king_crab,1997,185,0,0,0,1,2,0,3
TR97,bristol_bay,red_king_crab,1997,186,0,0,0,1,0,0,1
TR97,bristol_bay,red_king_crab,1997,187,0,0,0,1,0,0,1
TR97,bristol_bay,red_king_crab,1997,188,0,0,0,1,1,0,2
TR97,bristol_bay,red_king_crab,1997,190,0,0,0,1,0,0,1
TR98,bristol_bay,red_king_crab,1998,92,0,0,0,1,0,0,1
TR98,bristol_bay,red_king_crab,1998,103,0,0,0,1,0,0,1
TR98,bristol_bay,red_king_crab,1998,105,0,0,0,1,0,0,1
TR98,bristol_bay,red_king_crab,1998,109,0,0,0,1,0,0,1
TR98,bristol_bay,red_king_crab,1998,111,0,0,0,1,0,0,1
TR98,bristol_bay,red_king_crab,1998,115,0,0,0,1,0,0,1
TR98,bristol_bay,red_king_crab,1998,117,0,0,0,4,0,0,4
TR98,bristol_bay,red_king_crab,1998,118,0,0,0,1,0,0,1
TR98,bristol_bay,red_king_crab,1998,121,0,0,0,2,0,0,2
TR98,bristol_bay,red_king_crab,1998,123,0,0,0,1,0,0,1
TR98,bristol_bay,red_king_crab,1998,125,0,0,0,2,0,0,2
TR98,bristol_bay,red_king_crab,1998,126,0,0,0,2,0,0,2
TR98,bristol_bay,red_king_crab,1998,127,0,0,0,2,0,0,2
TR98,bristol_bay,red_king_crab,1998,128,0,0,0,2,0,0,2
TR98,bristol_bay,red_king_crab,1998,129,0,0,0,5,0,0,5
TR98,bristol_bay,red_king_crab,1998,130,0,0,0,16,1,0,17
TR98,bristol_bay,red_king_crab,1998,131,0,0,0,21,3,0,24
TR98,bristol_bay,red_king_crab,1998,132,0,0,0,58,3,0,61
TR98,bristol_bay,red_king_crab,1998,133,0,0,0,90,6,0,96
TR98,bristol_bay,red_king_crab,1998,134,0,0,0,173,5,0,178
TR98,bristol_bay,red_king_crab,1998,135,0,0,0,255,23,1,279
TR98,bristol_bay,red_king_crab,1998,136,0,0,0,297,16,1,314
TR98,bristol_bay,red_king_crab,1998,137,0,0,0,384,37,0,421
TR98,bristol_bay,red_king_crab,1998,138,0,0,0,498,41,0,539
TR98,bristol_bay,red_king_crab,1998,139,0,0,0,402,48,1,451
TR98,bristol_bay,red_king_crab,1998,140,0,0,0,598,44,3,645
TR98,bristol_bay,red_king_crab,1998,141,0,0,0,429,29,4,462
TR98,bristol_bay,red_king_crab,1998,142,0,0,0,479,60,4,543
TR98,bristol_bay,red_king_crab,1998,143,0,0,0,482,74,8,564
TR98,bristol_bay,red_king_crab,1998,144,0,0,0,452,44,5,501
TR98,bristol_bay,red_king_crab,1998,145,0,0,0,467,68,5,540
TR98,bristol_bay,red_king_crab,1998,146,0,0,0,407,72,8,487
TR98,bristol_bay,red_king_crab,1998,147,0,0,0,436,80,9,525
TR98,bristol_bay,red_king_crab,1998,148,0,0,0,462,72,8,542
TR98,bristol_bay,red_king_crab,1998,149,0,0,0,361,70,12,443
TR98,bristol_bay,red_king_crab,1998,150,0,0,0,449,73,8,530
TR98,bristol_bay,red_king_crab,1998,151,0,0,0,342,79,10,431
TR98,bristol_bay,red_king_crab,1998,152,0,0,0,416,75,15,506
TR98,bristol_bay,red_king_crab,1998,153,0,0,0,392,100,17,509
TR98,bristol_bay,red_king_crab,1998,154,0,0,0,348,123,10,481
TR98,bristol_bay,red_king_crab,1998,155,0,0,0,409,99,16,524
TR98,bristol_bay,red_king_crab,1998,156,0,0,0,352,97,15,464
TR98,bristol_bay,red_king_crab,1998,157,0,0,0,378,110,9,497
TR98,bristol_bay,red_king_crab,1998,158,0,0,0,371,100,28,499
TR98,bristol_bay,red_king_crab,1998,159,0,0,0,324,87,10,421
TR98,bristol_bay,red_king_crab,1998,160,0,0,0,374,112,16,502
TR98,bristol_bay,red_king_crab,1998,161,0,0,0,241,88,11,340
TR98,bristol_bay,red_king_crab,1998,162,0,0,0,312,117,14,443
TR98,bristol_bay,red_king_crab,1998,163,0,0,0,316,93,21,430
TR98,bristol_bay,red_king_crab,1998,164,0,0,0,280,80,17,377
TR98,bristol_bay,red_king_crab,1998,165,0,0,0,230,104,16,350
TR98,bristol_bay,red_king_crab,1998,166,0,0,0,207,73,9,289
TR98,bristol_bay,red_king_crab,1998,167,0,0,0,226,67,11,304
TR98,bristol_bay,red_king_crab,1998,168,0,0,0,223,70,14,307
TR98,bristol_bay,red_king_crab,1998,169,0,0,0,131,51,6,188
TR98,bristol_bay,red_king_crab,1998,170,0,0,0,144,52,8,204
TR98,bristol_bay,red_king_crab,1998,171,0,0,0,93,42,7,142
TR98,bristol_bay,red_king_crab,1998,172,0,0,0,103,38,5,146
TR98,bristol_bay,red_king_crab,1998,173,0,0,0,93,42,6,141
TR98,bristol_bay,red_king_crab,1998,174,0,0,0,68,23,8,99
TR98,bristol_bay,red_king_crab,1998,175,0,0,0,53,17,6,76
TR98,bristol_bay,red_king_crab,1998,176,0,0,0,45,14,5,64
TR98,bristol_bay,red_king_crab,1998,177,0,0,0,28,12,0,40
TR98,bristol_bay,red_king_crab,1998,178,0,0,0,29,11,2,42
TR98,bristol_bay,red_king_crab,1998,179,0,0,0,22,5,1,28
TR98,bristol_bay,red_king_crab,1998,180,0,0,0,16,2,2,20
TR98,bristol_bay,red_king_crab,1998,181,0,0,0,11,6,0,17
TR98,bristol_bay,red_king_crab,1998,182,0,0,0,2,4,0,6
TR98,bristol_bay,red_king_crab,1998,183,0,0,0,2,8,0,10
TR98,bristol_bay,red_king_crab,1998,184,0,0,0,3,1,0,4
TR98,bristol_bay,red_king_crab,1998,185,0,0,0,5,2,1,8
TR98,bristol_bay,red_king_crab,1998,186,0,0,0,3,0,0,3
TR98,bristol_bay,red_king_crab,1998,187,0,0,0,4,1,0,5
TR98,bristol_bay,red_king_crab,1998,188,0,0,0,1,0,1,2
TR98,bristol_bay,red_king_crab,1998,189,0,0,0,0,3,0,3
TR98,bristol_bay,red_king_crab,1998,190,0,0,0,1,1,0,2
TR98,bristol_bay,red_king_crab,1998,191,0,0,0,2,0,0,2
TR98,bristol_bay,red_king_crab,1998,195,0,0,0,1,0,0,1
TR99,bristol_bay,red_king_crab,1999,117,0,0,0,1,0,0,1
TR99,bristol_bay,red_king_crab,1999,127,0,0,0,1,0,0,1
TR99,bristol_bay,red_king_crab,1999,128,0,0,0,1,0,0,1
TR99,bristol_bay,red_king_crab,1999,129,0,0,0,0,1,0,1
TR99,bristol_bay,red_king_crab,1999,130,0,0,0,7,1,0,8
TR99,bristol_bay,red_king_crab,1999,131,0,0,0,11,1,0,12
TR99,bristol_bay,red_king_crab,1999,132,0,0,0,40,5,0,45
TR99,bristol_bay,red_king_crab,1999,133,0,0,0,55,0,0,55
TR99,bristol_bay,red_king_crab,1999,134,0,0,0,136,5,0,141
TR99,bristol_bay,red_king_crab,1999,135,0,0,0,233,6,0,239
TR99,bristol_bay,red_king_crab,1999,136,0,0,0,330,7,5,342
TR99,bristol_bay,red_king_crab,1999,137,0,0,0,447,14,0,461
TR99,bristol_bay,red_king_crab,1999,138,0,0,0,667,14,2,683
TR99,bristol_bay,red_king_crab,1999,139,0,0,0,630,17,4,651
TR99,bristol_bay,red_king_crab,1999,140,0,0,0,951,34,2,987
TR99,bristol_bay,red_king_crab,1999,141,0,0,0,801,35,9,845
TR99,bristol_bay,red_king_crab,1999,142,0,0,0,992,23,6,1021
TR99,bristol_bay,red_king_crab,1999,143,0,0,0,986,37,3,1026
TR99,bristol_bay,red_king_crab,1999,144,0,0,0,827,20,4,851
TR99,bristol_bay,red_king_crab,1999,145,0,0,0,926,30,2,958
TR99,bristol_bay,red_king_crab,1999,146,0,0,0,860,29,7,896
TR99,bristol_bay,red_king_crab,1999,147,0,0,0,793,35,5,833
TR99,bristol_bay,red_king_crab,1999,148,0,0,0,806,40,7,853
TR99,bristol_bay,red_king_crab,1999,149,0,0,0,660,37,6,703
TR99,bristol_bay,red_king_crab,1999,150,0,0,1,669,24,8,702
TR99,bristol_bay,red_king_crab,1999,151,0,0,0,560,29,2,591
TR99,bristol_bay,red_king_crab,1999,152,0,0,0,628,26,10,664
TR99,bristol_bay,red_king_crab,1999,153,0,0,0,549,32,6,587
TR99,bristol_bay,red_king_crab,1999,154,0,0,0,475,41,7,523
TR99,bristol_bay,red_king_crab,1999,155,0,0,0,440,38,3,481
TR99,bristol_bay,red_king_crab,1999,156,0,0,0,378,34,8,420
TR99,bristol_bay,red_king_crab,1999,157,0,0,0,306,30,6,342
TR99,bristol_bay,red_king_crab,1999,158,0,0,0,306,28,6,340
TR99,bristol_bay,red_king_crab,1999,159,0,0,0,219,33,5,257
TR99,bristol_bay,red_king_crab,1999,160,0,0,0,227,31,5,263
TR99,bristol_bay,red_king_crab,1999,161,0,0,0,165,30,9,204
TR99,bristol_bay,red_king_crab,1999,162,0,0,0,205,23,5,233
TR99,bristol_bay,red_king_crab,1999,163,0,0,0,158,24,9,191
TR99,bristol_bay,red_king_crab,1999,164,0,0,0,134,20,6,160
TR99,bristol_bay,red_king_crab,1999,165,0,0,0,118,18,5,141
TR99,bristol_bay,red_king_crab,1999,166,0,0,0,102,13,3,118
TR99,bristol_bay,red_king_crab,1999,167,0,0,0,100,22,6,128
TR99,bristol_bay,red_king_crab,1999,168,0,0,0,112,18,5,135
TR99,bristol_bay,red_king_crab,1999,169,0,0,0,65,11,4,80
TR99,bristol_bay,red_king_crab,1999,170,0,0,0,79,17,5,101
TR99,bristol_bay,red_king_crab,1999,171,0,0,0,58,13,5,76
TR99,bristol_bay,red_king_crab,1999,172,0,0,0,47,9,1,57
TR99,bristol_bay,red_king_crab,1999,173,0,0,0,46,3,2,51
TR99,bristol_bay,red_king_crab,1999,174,0,0,0,38,8,3,49
TR99,bristol_bay,red_king_crab,1999,175,0,0,0,25,3,0,28
TR99,bristol_bay,red_king_crab,1999,176,0,0,0,31,6,3,40
TR99,bristol_bay,red_king_crab,1999,177,0,0,0,20,7,0,27
TR99,bristol_bay,red_king_crab,1999,178,0,0,0,20,4,0,24
TR99,bristol_bay,red_king_crab,1999,179,0,0,0,8,3,1,12
TR99,bristol_bay,red_king_crab,1999,180,0,0,0,9,0,0,9
TR99,bristol_bay,red_king_crab,1999,181,0,0,0,8,1,0,9
TR99,bristol_bay,red_king_crab,1999,182,0,0,0,6,1,1,8
TR99,bristol_bay,red_king_crab,1999,183,0,0,0,2,0,0,2
TR99,bristol_bay,red_king_crab,1999,184,0,0,0,3,1,0,4
TR99,bristol_bay,red_king_crab,1999,185,0,0,0,4,1,0,5
TR99,bristol_bay,red_king_crab,1999,186,0,0,0,2,1,1,4
TR99,bristol_bay,red_king_crab,1999,187,0,0,0,1,0,0,1
TR99,bristol_bay,red_king_crab,1999,188,0,0,0,1,0,0,1
TR99,bristol_bay,red_king_crab,1999,190,0,0,0,1,0,0,1
TR99,bristol_bay,red_king_crab,1999,191,0,0,0,1,0,0,1
TR99,bristol_bay,red_king_crab,1999,194,0,0,0,1,0,0,1
