fishery,management_area,target,crab_year,sex,size,molting,soft,new_pliable,new,old,very_old,very_very_old,unknown,total
TR00,bristol_bay,red_king_crab,2000,male,62,0,0,0,2,0,0,0,0,2
TR00,bristol_bay,red_king_crab,2000,male,66,0,0,0,1,1,0,0,0,2
TR00,bristol_bay,red_king_crab,2000,male,67,0,0,0,1,0,0,0,0,1
TR00,bristol_bay,red_king_crab,2000,male,69,0,0,0,3,0,0,0,0,3
TR00,bristol_bay,red_king_crab,2000,male,70,0,0,0,3,0,0,0,0,3
TR00,bristol_bay,red_king_crab,2000,male,71,0,0,0,8,0,0,0,0,8
TR00,bristol_bay,red_king_crab,2000,male,72,0,0,0,14,0,0,0,0,14
TR00,bristol_bay,red_king_crab,2000,male,73,0,0,0,17,0,0,0,0,17
TR00,bristol_bay,red_king_crab,2000,male,74,0,0,0,24,0,0,0,0,24
TR00,bristol_bay,red_king_crab,2000,male,75,0,0,0,33,0,0,0,0,33
TR00,bristol_bay,red_king_crab,2000,male,76,0,0,0,24,0,0,0,0,24
TR00,bristol_bay,red_king_crab,2000,male,77,0,0,0,48,0,0,0,0,48
TR00,bristol_bay,red_king_crab,2000,male,78,0,0,0,60,0,0,0,0,60
TR00,bristol_bay,red_king_crab,2000,male,79,0,0,0,68,0,0,0,0,68
TR00,bristol_bay,red_king_crab,2000,male,80,0,0,0,87,0,0,0,0,87
TR00,bristol_bay,red_king_crab,2000,male,81,0,0,0,86,0,0,0,0,86
TR00,bristol_bay,red_king_crab,2000,male,82,0,0,0,172,0,0,0,0,172
TR00,bristol_bay,red_king_crab,2000,male,83,0,0,0,123,0,0,0,0,123
TR00,bristol_bay,red_king_crab,2000,male,84,0,0,0,137,0,0,0,0,137
TR00,bristol_bay,red_king_crab,2000,male,85,0,0,0,152,0,0,0,0,152
TR00,bristol_bay,red_king_crab,2000,male,86,0,0,0,126,0,0,0,0,126
TR00,bristol_bay,red_king_crab,2000,male,87,0,0,0,172,0,0,0,0,172
TR00,bristol_bay,red_king_crab,2000,male,88,0,0,0,152,0,0,0,0,152
TR00,bristol_bay,red_king_crab,2000,male,89,0,0,0,163,0,0,0,0,163
TR00,bristol_bay,red_king_crab,2000,male,90,0,0,0,190,1,0,0,0,191
TR00,bristol_bay,red_king_crab,2000,male,91,0,0,0,129,0,0,0,0,129
TR00,bristol_bay,red_king_crab,2000,male,92,0,0,0,206,0,0,0,0,206
TR00,bristol_bay,red_king_crab,2000,male,93,0,0,0,147,0,0,0,0,147
TR00,bristol_bay,red_king_crab,2000,male,94,0,0,0,117,1,0,0,0,118
TR00,bristol_bay,red_king_crab,2000,male,95,0,0,0,186,0,0,0,0,186
TR00,bristol_bay,red_king_crab,2000,male,96,0,0,0,134,3,0,0,0,137
TR00,bristol_bay,red_king_crab,2000,male,97,0,0,0,171,0,0,0,0,171
TR00,bristol_bay,red_king_crab,2000,male,98,0,0,0,190,0,0,0,0,190
TR00,bristol_bay,red_king_crab,2000,male,99,0,0,0,152,1,0,0,0,153
TR00,bristol_bay,red_king_crab,2000,male,100,0,0,0,164,2,0,0,0,166
TR00,bristol_bay,red_king_crab,2000,male,101,0,0,0,139,2,0,0,0,141
TR00,bristol_bay,red_king_crab,2000,male,102,0,0,0,205,3,0,0,0,208
TR00,bristol_bay,red_king_crab,2000,male,103,0,0,0,188,1,0,0,0,189
TR00,bristol_bay,red_king_crab,2000,male,104,0,0,0,151,1,0,0,0,152
TR00,bristol_bay,red_king_crab,2000,male,105,0,0,0,170,2,1,0,0,173
TR00,bristol_bay,red_king_crab,2000,male,106,0,0,0,152,0,0,0,0,152
TR00,bristol_bay,red_king_crab,2000,male,107,0,0,0,170,1,0,0,0,171
TR00,bristol_bay,red_king_crab,2000,male,108,0,0,0,169,2,0,0,0,171
TR00,bristol_bay,red_king_crab,2000,male,109,0,0,0,160,3,0,0,0,163
TR00,bristol_bay,red_king_crab,2000,male,110,0,0,0,192,3,0,0,0,195
TR00,bristol_bay,red_king_crab,2000,male,111,0,0,0,167,2,0,0,0,169
TR00,bristol_bay,red_king_crab,2000,male,112,0,0,0,222,4,0,0,0,226
TR00,bristol_bay,red_king_crab,2000,male,113,0,0,0,185,3,0,0,0,188
TR00,bristol_bay,red_king_crab,2000,male,114,0,0,0,164,9,0,0,0,173
TR00,bristol_bay,red_king_crab,2000,male,115,0,0,0,219,15,0,0,0,234
TR00,bristol_bay,red_king_crab,2000,male,116,0,0,1,190,8,0,0,0,199
TR00,bristol_bay,red_king_crab,2000,male,117,0,0,0,210,12,1,0,0,223
TR00,bristol_bay,red_king_crab,2000,male,118,0,0,0,227,25,0,0,0,252
TR00,bristol_bay,red_king_crab,2000,male,119,0,0,0,222,12,0,0,0,234
TR00,bristol_bay,red_king_crab,2000,male,120,0,0,0,306,19,0,0,0,325
TR00,bristol_bay,red_king_crab,2000,male,121,0,0,0,272,20,0,0,0,292
TR00,bristol_bay,red_king_crab,2000,male,122,0,0,0,349,37,0,0,0,386
TR00,bristol_bay,red_king_crab,2000,male,123,0,0,1,320,38,0,0,0,359
TR00,bristol_bay,red_king_crab,2000,male,124,0,0,0,252,43,1,0,0,296
TR00,bristol_bay,red_king_crab,2000,male,125,0,0,0,419,63,2,0,0,484
TR00,bristol_bay,red_king_crab,2000,male,126,0,0,0,331,65,1,0,0,397
TR00,bristol_bay,red_king_crab,2000,male,127,0,0,0,439,83,0,0,0,522
TR00,bristol_bay,red_king_crab,2000,male,128,0,0,0,380,103,1,0,0,484
TR00,bristol_bay,red_king_crab,2000,male,129,0,0,1,373,86,1,0,0,461
TR00,bristol_bay,red_king_crab,2000,male,130,0,0,0,432,117,3,0,0,552
TR00,bristol_bay,red_king_crab,2000,male,131,0,0,0,374,97,0,0,0,471
TR00,bristol_bay,red_king_crab,2000,male,132,0,0,0,459,150,1,0,0,610
TR00,bristol_bay,red_king_crab,2000,male,133,0,0,0,384,143,3,0,0,530
TR00,bristol_bay,red_king_crab,2000,male,134,0,0,1,425,166,2,0,0,594
TR00,bristol_bay,red_king_crab,2000,male,135,0,0,0,491,194,2,0,0,687
TR00,bristol_bay,red_king_crab,2000,male,136,0,0,1,462,165,4,0,0,632
TR00,bristol_bay,red_king_crab,2000,male,137,0,0,0,516,157,8,0,0,681
TR00,bristol_bay,red_king_crab,2000,male,138,0,0,0,448,202,5,0,0,655
TR00,bristol_bay,red_king_crab,2000,male,139,0,0,1,448,162,10,0,0,621
TR00,bristol_bay,red_king_crab,2000,male,140,0,0,1,548,230,4,0,0,783
TR00,bristol_bay,red_king_crab,2000,male,141,0,0,0,425,187,11,0,0,623
TR00,bristol_bay,red_king_crab,2000,male,142,0,0,0,572,225,10,0,0,807
TR00,bristol_bay,red_king_crab,2000,male,143,0,0,1,512,184,15,0,0,712
TR00,bristol_bay,red_king_crab,2000,male,144,0,0,0,431,176,10,0,0,617
TR00,bristol_bay,red_king_crab,2000,male,145,0,0,0,542,219,18,0,0,779
TR00,bristol_bay,red_king_crab,2000,male,146,0,0,0,478,178,11,0,0,667
TR00,bristol_bay,red_king_crab,2000,male,147,0,0,0,578,199,19,0,0,796
TR00,bristol_bay,red_king_crab,2000,male,148,0,0,0,542,212,16,0,0,770
TR00,bristol_bay,red_king_crab,2000,male,149,0,0,0,419,198,13,0,0,630
TR00,bristol_bay,red_king_crab,2000,male,150,0,0,1,506,181,21,0,0,709
TR00,bristol_bay,red_king_crab,2000,male,151,0,0,0,393,177,13,0,0,583
TR00,bristol_bay,red_king_crab,2000,male,152,0,0,0,479,178,37,0,0,694
TR00,bristol_bay,red_king_crab,2000,male,153,0,0,0,393,150,28,0,0,571
TR00,bristol_bay,red_king_crab,2000,male,154,0,0,1,333,170,24,0,0,528
TR00,bristol_bay,red_king_crab,2000,male,155,0,0,0,320,168,17,0,0,505
TR00,bristol_bay,red_king_crab,2000,male,156,0,0,0,260,135,21,0,0,416
TR00,bristol_bay,red_king_crab,2000,male,157,0,0,0,286,155,29,0,0,470
TR00,bristol_bay,red_king_crab,2000,male,158,0,0,0,229,138,31,0,0,398
TR00,bristol_bay,red_king_crab,2000,male,159,0,0,0,170,100,29,0,0,299
TR00,bristol_bay,red_king_crab,2000,male,160,0,0,0,189,128,32,0,0,349
TR00,bristol_bay,red_king_crab,2000,male,161,0,0,0,127,80,26,0,0,233
TR00,bristol_bay,red_king_crab,2000,male,162,0,0,0,165,98,37,0,0,300
TR00,bristol_bay,red_king_crab,2000,male,163,0,0,0,129,93,27,0,0,249
TR00,bristol_bay,red_king_crab,2000,male,164,0,0,1,101,82,44,0,0,228
TR00,bristol_bay,red_king_crab,2000,male,165,0,0,0,126,105,34,0,0,265
TR00,bristol_bay,red_king_crab,2000,male,166,0,0,0,68,68,35,0,0,171
TR00,bristol_bay,red_king_crab,2000,male,167,0,0,0,101,74,24,0,0,199
TR00,bristol_bay,red_king_crab,2000,male,168,0,0,0,59,78,35,0,0,172
TR00,bristol_bay,red_king_crab,2000,male,169,0,0,0,40,68,28,0,0,136
TR00,bristol_bay,red_king_crab,2000,male,170,0,0,0,59,60,25,0,0,144
TR00,bristol_bay,red_king_crab,2000,male,171,0,0,0,38,52,15,0,0,105
TR00,bristol_bay,red_king_crab,2000,male,172,0,0,0,35,51,20,0,0,106
TR00,bristol_bay,red_king_crab,2000,male,173,0,0,0,41,49,22,0,0,112
TR00,bristol_bay,red_king_crab,2000,male,174,0,0,0,25,31,20,0,0,76
TR00,bristol_bay,red_king_crab,2000,male,175,0,0,0,39,34,13,0,0,86
TR00,bristol_bay,red_king_crab,2000,male,176,0,0,0,16,27,18,0,0,61
TR00,bristol_bay,red_king_crab,2000,male,177,0,0,0,10,26,9,0,0,45
TR00,bristol_bay,red_king_crab,2000,male,178,0,0,0,17,13,10,0,0,40
TR00,bristol_bay,red_king_crab,2000,male,179,0,0,0,6,12,12,0,0,30
TR00,bristol_bay,red_king_crab,2000,male,180,0,0,0,11,11,3,0,0,25
TR00,bristol_bay,red_king_crab,2000,male,181,0,0,0,9,7,5,0,0,21
TR00,bristol_bay,red_king_crab,2000,male,182,0,0,0,6,6,1,0,0,13
TR00,bristol_bay,red_king_crab,2000,male,183,0,0,0,8,1,2,0,0,11
TR00,bristol_bay,red_king_crab,2000,male,184,0,0,0,5,8,1,0,0,14
TR00,bristol_bay,red_king_crab,2000,male,185,0,0,0,4,5,2,0,0,11
TR00,bristol_bay,red_king_crab,2000,male,186,0,0,0,0,5,3,0,0,8
TR00,bristol_bay,red_king_crab,2000,male,187,0,0,0,7,0,0,0,0,7
TR00,bristol_bay,red_king_crab,2000,male,188,0,0,0,3,5,0,0,0,8
TR00,bristol_bay,red_king_crab,2000,male,189,0,0,0,0,0,2,0,0,2
TR00,bristol_bay,red_king_crab,2000,male,190,0,0,0,0,1,2,0,0,3
TR00,bristol_bay,red_king_crab,2000,male,192,0,0,0,0,1,0,0,0,1
TR00,bristol_bay,red_king_crab,2000,female,70,0,0,0,4,0,0,0,0,4
TR00,bristol_bay,red_king_crab,2000,female,71,0,0,0,4,0,0,0,0,4
TR00,bristol_bay,red_king_crab,2000,female,72,0,0,0,7,0,0,0,0,7
TR00,bristol_bay,red_king_crab,2000,female,73,0,0,0,9,0,0,0,0,9
TR00,bristol_bay,red_king_crab,2000,female,74,0,0,0,13,0,0,0,0,13
TR00,bristol_bay,red_king_crab,2000,female,75,0,0,0,27,0,0,0,0,27
TR00,bristol_bay,red_king_crab,2000,female,76,0,0,0,23,0,0,0,0,23
TR00,bristol_bay,red_king_crab,2000,female,77,0,0,0,41,0,0,0,0,41
TR00,bristol_bay,red_king_crab,2000,female,78,0,0,0,57,0,0,0,0,57
TR00,bristol_bay,red_king_crab,2000,female,79,0,0,0,69,0,0,0,0,69
TR00,bristol_bay,red_king_crab,2000,female,80,0,0,0,88,0,0,0,0,88
TR00,bristol_bay,red_king_crab,2000,female,81,0,0,0,81,1,1,0,0,83
TR00,bristol_bay,red_king_crab,2000,female,82,0,0,0,120,0,0,0,0,120
TR00,bristol_bay,red_king_crab,2000,female,83,0,0,0,109,0,0,0,0,109
TR00,bristol_bay,red_king_crab,2000,female,84,0,0,0,113,1,0,0,0,114
TR00,bristol_bay,red_king_crab,2000,female,85,0,0,0,139,0,0,0,0,139
TR00,bristol_bay,red_king_crab,2000,female,86,0,0,0,113,0,0,0,0,113
TR00,bristol_bay,red_king_crab,2000,female,87,0,0,0,140,1,0,0,0,141
TR00,bristol_bay,red_king_crab,2000,female,88,0,0,0,120,0,0,0,0,120
TR00,bristol_bay,red_king_crab,2000,female,89,0,0,0,115,2,0,0,0,117
TR00,bristol_bay,red_king_crab,2000,female,90,0,0,0,150,0,0,0,0,150
TR00,bristol_bay,red_king_crab,2000,female,91,0,0,0,125,0,0,0,0,125
TR00,bristol_bay,red_king_crab,2000,female,92,0,0,0,153,0,0,0,0,153
TR00,bristol_bay,red_king_crab,2000,female,93,0,0,0,140,0,0,0,0,140
TR00,bristol_bay,red_king_crab,2000,female,94,0,0,0,122,1,0,0,0,123
TR00,bristol_bay,red_king_crab,2000,female,95,0,0,0,134,0,0,0,0,134
TR00,bristol_bay,red_king_crab,2000,female,96,0,0,0,114,0,0,0,0,114
TR00,bristol_bay,red_king_crab,2000,female,97,0,0,0,137,0,0,0,0,137
TR00,bristol_bay,red_king_crab,2000,female,98,0,0,0,116,0,0,0,0,116
TR00,bristol_bay,red_king_crab,2000,female,99,0,0,0,93,0,0,0,0,93
TR00,bristol_bay,red_king_crab,2000,female,100,0,0,0,111,1,0,0,0,112
TR00,bristol_bay,red_king_crab,2000,female,101,0,0,0,75,0,0,0,0,75
TR00,bristol_bay,red_king_crab,2000,female,102,0,0,0,105,0,0,0,0,105
TR00,bristol_bay,red_king_crab,2000,female,103,0,0,0,95,0,0,0,0,95
TR00,bristol_bay,red_king_crab,2000,female,104,0,0,0,73,0,0,0,0,73
TR00,bristol_bay,red_king_crab,2000,female,105,0,0,1,95,0,0,0,0,96
TR00,bristol_bay,red_king_crab,2000,female,106,0,0,0,80,0,0,0,0,80
TR00,bristol_bay,red_king_crab,2000,female,107,0,0,0,83,0,0,0,0,83
TR00,bristol_bay,red_king_crab,2000,female,108,0,0,0,115,0,0,0,0,115
TR00,bristol_bay,red_king_crab,2000,female,109,0,0,0,92,0,0,0,0,92
TR00,bristol_bay,red_king_crab,2000,female,110,0,0,0,166,0,0,0,0,166
TR00,bristol_bay,red_king_crab,2000,female,111,0,0,0,95,0,0,0,0,95
TR00,bristol_bay,red_king_crab,2000,female,112,0,0,0,222,0,0,0,0,222
TR00,bristol_bay,red_king_crab,2000,female,113,0,0,0,161,0,0,0,0,161
TR00,bristol_bay,red_king_crab,2000,female,114,0,0,0,201,0,0,0,0,201
TR00,bristol_bay,red_king_crab,2000,female,115,0,0,0,266,0,0,0,0,266
TR00,bristol_bay,red_king_crab,2000,female,116,0,0,0,255,0,0,0,0,255
TR00,bristol_bay,red_king_crab,2000,female,117,0,0,0,240,0,0,0,0,240
TR00,bristol_bay,red_king_crab,2000,female,118,0,0,0,316,0,0,0,0,316
TR00,bristol_bay,red_king_crab,2000,female,119,0,0,0,228,0,0,0,0,228
TR00,bristol_bay,red_king_crab,2000,female,120,0,0,0,326,0,0,0,0,326
TR00,bristol_bay,red_king_crab,2000,female,121,0,0,0,214,0,0,0,0,214
TR00,bristol_bay,red_king_crab,2000,female,122,0,0,0,265,1,0,0,0,266
TR00,bristol_bay,red_king_crab,2000,female,123,0,0,0,224,0,0,0,0,224
TR00,bristol_bay,red_king_crab,2000,female,124,0,0,0,207,0,0,0,0,207
TR00,bristol_bay,red_king_crab,2000,female,125,0,0,0,239,0,0,0,0,239
TR00,bristol_bay,red_king_crab,2000,female,126,0,0,0,116,0,0,0,0,116
TR00,bristol_bay,red_king_crab,2000,female,127,0,0,0,145,0,0,0,0,145
TR00,bristol_bay,red_king_crab,2000,female,128,0,0,0,109,0,0,0,0,109
TR00,bristol_bay,red_king_crab,2000,female,129,0,0,0,68,0,0,0,0,68
TR00,bristol_bay,red_king_crab,2000,female,130,0,0,0,113,0,0,0,0,113
TR00,bristol_bay,red_king_crab,2000,female,131,0,0,0,50,0,0,0,0,50
TR00,bristol_bay,red_king_crab,2000,female,132,0,0,0,99,0,0,0,0,99
TR00,bristol_bay,red_king_crab,2000,female,133,0,0,0,34,0,0,0,0,34
TR00,bristol_bay,red_king_crab,2000,female,134,0,0,0,60,0,0,0,0,60
TR00,bristol_bay,red_king_crab,2000,female,135,0,0,0,44,0,0,0,0,44
TR00,bristol_bay,red_king_crab,2000,female,136,0,0,0,33,0,0,0,0,33
TR00,bristol_bay,red_king_crab,2000,female,137,0,0,0,48,0,0,0,0,48
TR00,bristol_bay,red_king_crab,2000,female,138,0,0,0,41,0,0,0,0,41
TR00,bristol_bay,red_king_crab,2000,female,139,0,0,0,24,0,0,0,0,24
TR00,bristol_bay,red_king_crab,2000,female,140,0,0,0,30,0,0,0,0,30
TR00,bristol_bay,red_king_crab,2000,female,141,0,0,0,19,0,0,0,0,19
TR00,bristol_bay,red_king_crab,2000,female,142,0,0,0,40,0,0,0,0,40
TR00,bristol_bay,red_king_crab,2000,female,143,0,0,0,11,0,0,0,0,11
TR00,bristol_bay,red_king_crab,2000,female,144,0,0,0,14,0,0,0,0,14
TR00,bristol_bay,red_king_crab,2000,female,145,0,0,0,27,0,0,0,0,27
TR00,bristol_bay,red_king_crab,2000,female,146,0,0,0,10,0,0,0,0,10
TR00,bristol_bay,red_king_crab,2000,female,147,0,0,0,23,0,0,0,0,23
TR00,bristol_bay,red_king_crab,2000,female,148,0,0,0,13,0,0,0,0,13
TR00,bristol_bay,red_king_crab,2000,female,149,0,0,0,8,0,0,0,0,8
TR00,bristol_bay,red_king_crab,2000,female,150,0,0,0,9,0,0,0,0,9
TR00,bristol_bay,red_king_crab,2000,female,151,0,0,0,7,0,0,0,0,7
TR00,bristol_bay,red_king_crab,2000,female,152,0,0,0,9,0,0,0,0,9
TR00,bristol_bay,red_king_crab,2000,female,153,0,0,0,3,0,0,0,0,3
TR00,bristol_bay,red_king_crab,2000,female,154,0,0,0,3,0,0,0,0,3
TR00,bristol_bay,red_king_crab,2000,female,155,0,0,0,1,0,0,0,0,1
TR00,bristol_bay,red_king_crab,2000,female,156,0,0,0,6,0,0,0,0,6
TR00,bristol_bay,red_king_crab,2000,female,157,0,0,0,4,0,0,0,0,4
TR00,bristol_bay,red_king_crab,2000,female,158,0,0,0,2,0,0,0,0,2
TR00,bristol_bay,red_king_crab,2000,female,159,0,0,0,3,0,0,0,0,3
TR00,bristol_bay,red_king_crab,2000,female,160,0,0,0,3,0,0,0,0,3
TR00,bristol_bay,red_king_crab,2000,female,161,0,0,0,2,0,0,0,0,2
TR00,bristol_bay,red_king_crab,2000,female,163,0,0,0,1,0,0,0,0,1
TR00,bristol_bay,red_king_crab,2000,female,165,0,0,0,2,0,0,0,0,2
TR00,bristol_bay,red_king_crab,2000,female,168,0,0,0,1,0,0,0,0,1
TR01,bristol_bay,red_king_crab,2001,male,57,0,0,0,1,0,0,0,0,1
TR01,bristol_bay,red_king_crab,2001,male,61,0,0,0,3,0,0,0,0,3
TR01,bristol_bay,red_king_crab,2001,male,63,0,0,0,1,0,0,0,0,1
TR01,bristol_bay,red_king_crab,2001,male,64,0,0,0,1,0,0,0,0,1
TR01,bristol_bay,red_king_crab,2001,male,65,0,0,0,2,0,0,0,0,2
TR01,bristol_bay,red_king_crab,2001,male,67,0,0,0,1,0,0,0,0,1
TR01,bristol_bay,red_king_crab,2001,male,68,0,0,0,3,0,0,0,0,3
TR01,bristol_bay,red_king_crab,2001,male,69,0,0,0,4,0,0,0,0,4
TR01,bristol_bay,red_king_crab,2001,male,70,0,0,0,9,0,0,0,0,9
TR01,bristol_bay,red_king_crab,2001,male,71,0,0,0,10,0,0,0,0,10
TR01,bristol_bay,red_king_crab,2001,male,72,0,0,0,9,0,0,0,0,9
TR01,bristol_bay,red_king_crab,2001,male,73,0,0,0,15,0,0,0,0,15
TR01,bristol_bay,red_king_crab,2001,male,74,0,0,0,14,0,0,0,0,14
TR01,bristol_bay,red_king_crab,2001,male,75,0,0,0,12,0,0,0,0,12
TR01,bristol_bay,red_king_crab,2001,male,76,0,0,0,16,0,0,0,0,16
TR01,bristol_bay,red_king_crab,2001,male,77,0,0,0,24,0,0,0,0,24
TR01,bristol_bay,red_king_crab,2001,male,78,0,0,0,15,0,0,0,0,15
TR01,bristol_bay,red_king_crab,2001,male,79,0,0,0,25,0,0,0,0,25
TR01,bristol_bay,red_king_crab,2001,male,80,0,0,0,29,0,0,0,0,29
TR01,bristol_bay,red_king_crab,2001,male,81,0,0,0,26,0,0,0,0,26
TR01,bristol_bay,red_king_crab,2001,male,82,0,0,0,25,0,0,0,0,25
TR01,bristol_bay,red_king_crab,2001,male,83,0,0,0,21,0,0,0,0,21
TR01,bristol_bay,red_king_crab,2001,male,84,0,0,0,24,0,0,0,0,24
TR01,bristol_bay,red_king_crab,2001,male,85,0,0,0,31,1,0,0,0,32
TR01,bristol_bay,red_king_crab,2001,male,86,0,0,0,39,0,0,0,0,39
TR01,bristol_bay,red_king_crab,2001,male,87,0,0,0,29,0,0,0,0,29
TR01,bristol_bay,red_king_crab,2001,male,88,0,0,0,38,0,0,0,0,38
TR01,bristol_bay,red_king_crab,2001,male,89,0,0,0,28,0,0,0,0,28
TR01,bristol_bay,red_king_crab,2001,male,90,0,0,0,58,0,0,0,0,58
TR01,bristol_bay,red_king_crab,2001,male,91,0,0,0,48,0,1,0,0,49
TR01,bristol_bay,red_king_crab,2001,male,92,0,0,0,73,1,0,0,0,74
TR01,bristol_bay,red_king_crab,2001,male,93,0,0,0,78,1,0,0,0,79
TR01,bristol_bay,red_king_crab,2001,male,94,0,0,0,88,2,0,0,0,90
TR01,bristol_bay,red_king_crab,2001,male,95,0,0,0,118,2,0,0,0,120
TR01,bristol_bay,red_king_crab,2001,male,96,0,0,0,111,1,0,0,0,112
TR01,bristol_bay,red_king_crab,2001,male,97,0,0,0,120,3,1,0,0,124
TR01,bristol_bay,red_king_crab,2001,male,98,0,0,0,124,2,0,0,0,126
TR01,bristol_bay,red_king_crab,2001,male,99,0,0,0,142,1,1,0,0,144
TR01,bristol_bay,red_king_crab,2001,male,100,0,0,0,171,4,0,0,0,175
TR01,bristol_bay,red_king_crab,2001,male,101,0,0,0,149,3,0,0,0,152
TR01,bristol_bay,red_king_crab,2001,male,102,0,0,0,199,4,2,0,0,205
TR01,bristol_bay,red_king_crab,2001,male,103,0,0,0,207,6,0,0,0,213
TR01,bristol_bay,red_king_crab,2001,male,104,0,0,0,205,8,0,0,0,213
TR01,bristol_bay,red_king_crab,2001,male,105,0,0,0,219,10,1,0,0,230
TR01,bristol_bay,red_king_crab,2001,male,106,0,0,0,195,11,0,0,0,206
TR01,bristol_bay,red_king_crab,2001,male,107,0,0,0,213,5,0,0,0,218
TR01,bristol_bay,red_king_crab,2001,male,108,0,0,0,229,8,0,0,0,237
TR01,bristol_bay,red_king_crab,2001,male,109,0,0,0,222,9,1,0,0,232
TR01,bristol_bay,red_king_crab,2001,male,110,0,0,0,263,12,1,0,0,276
TR01,bristol_bay,red_king_crab,2001,male,111,0,0,0,217,6,0,0,0,223
TR01,bristol_bay,red_king_crab,2001,male,112,0,0,0,300,21,0,0,0,321
TR01,bristol_bay,red_king_crab,2001,male,113,0,0,0,233,13,1,0,0,247
TR01,bristol_bay,red_king_crab,2001,male,114,0,0,0,267,19,2,0,0,288
TR01,bristol_bay,red_king_crab,2001,male,115,0,0,0,303,20,2,0,0,325
TR01,bristol_bay,red_king_crab,2001,male,116,0,0,0,254,24,0,0,0,278
TR01,bristol_bay,red_king_crab,2001,male,117,0,0,0,289,33,1,0,0,323
TR01,bristol_bay,red_king_crab,2001,male,118,0,0,0,295,29,2,0,0,326
TR01,bristol_bay,red_king_crab,2001,male,119,0,0,0,241,24,4,0,0,269
TR01,bristol_bay,red_king_crab,2001,male,120,0,0,0,335,46,5,0,0,386
TR01,bristol_bay,red_king_crab,2001,male,121,0,0,0,287,37,0,0,0,324
TR01,bristol_bay,red_king_crab,2001,male,122,0,1,0,331,44,4,0,0,380
TR01,bristol_bay,red_king_crab,2001,male,123,0,0,0,278,43,4,0,0,325
TR01,bristol_bay,red_king_crab,2001,male,124,0,0,0,294,38,2,0,0,334
TR01,bristol_bay,red_king_crab,2001,male,125,0,0,0,298,57,5,0,0,360
TR01,bristol_bay,red_king_crab,2001,male,126,0,0,0,288,53,3,0,0,344
TR01,bristol_bay,red_king_crab,2001,male,127,0,0,0,273,60,8,0,0,341
TR01,bristol_bay,red_king_crab,2001,male,128,0,0,0,257,54,2,0,0,313
TR01,bristol_bay,red_king_crab,2001,male,129,0,0,1,242,54,2,0,0,299
TR01,bristol_bay,red_king_crab,2001,male,130,0,0,0,296,57,9,0,0,362
TR01,bristol_bay,red_king_crab,2001,male,131,0,0,0,223,57,5,0,0,285
TR01,bristol_bay,red_king_crab,2001,male,132,0,0,0,288,54,12,0,0,354
TR01,bristol_bay,red_king_crab,2001,male,133,0,0,0,239,64,5,0,0,308
TR01,bristol_bay,red_king_crab,2001,male,134,0,0,0,249,63,6,0,0,318
TR01,bristol_bay,red_king_crab,2001,male,135,0,0,0,253,67,7,0,0,327
TR01,bristol_bay,red_king_crab,2001,male,136,0,0,0,225,68,8,0,0,301
TR01,bristol_bay,red_king_crab,2001,male,137,0,0,0,266,50,10,0,0,326
TR01,bristol_bay,red_king_crab,2001,male,138,0,0,0,297,71,10,0,0,378
TR01,bristol_bay,red_king_crab,2001,male,139,0,0,0,241,52,15,0,0,308
TR01,bristol_bay,red_king_crab,2001,male,140,0,0,0,303,68,10,0,0,381
TR01,bristol_bay,red_king_crab,2001,male,141,0,0,0,287,68,14,0,0,369
TR01,bristol_bay,red_king_crab,2001,male,142,0,0,0,344,103,11,0,0,458
TR01,bristol_bay,red_king_crab,2001,male,143,0,0,0,341,105,27,0,0,473
TR01,bristol_bay,red_king_crab,2001,male,144,0,0,0,351,75,13,0,0,439
TR01,bristol_bay,red_king_crab,2001,male,145,0,0,0,382,94,22,0,0,498
TR01,bristol_bay,red_king_crab,2001,male,146,0,0,0,354,83,28,0,0,465
TR01,bristol_bay,red_king_crab,2001,male,147,0,0,0,372,106,25,0,0,503
TR01,bristol_bay,red_king_crab,2001,male,148,0,0,0,403,96,28,0,0,527
TR01,bristol_bay,red_king_crab,2001,male,149,0,0,0,373,84,19,0,0,476
TR01,bristol_bay,red_king_crab,2001,male,150,0,0,0,373,112,36,0,0,521
TR01,bristol_bay,red_king_crab,2001,male,151,0,0,0,415,74,32,0,0,521
TR01,bristol_bay,red_king_crab,2001,male,152,0,0,0,433,95,33,0,0,561
TR01,bristol_bay,red_king_crab,2001,male,153,0,0,0,397,94,34,0,0,525
TR01,bristol_bay,red_king_crab,2001,male,154,0,0,0,348,75,20,0,0,443
TR01,bristol_bay,red_king_crab,2001,male,155,0,0,0,393,77,26,0,0,496
TR01,bristol_bay,red_king_crab,2001,male,156,0,0,0,284,74,25,0,0,383
TR01,bristol_bay,red_king_crab,2001,male,157,0,0,0,343,70,35,0,0,448
TR01,bristol_bay,red_king_crab,2001,male,158,0,0,0,302,62,27,0,0,391
TR01,bristol_bay,red_king_crab,2001,male,159,0,0,0,271,56,25,0,0,352
TR01,bristol_bay,red_king_crab,2001,male,160,0,0,0,282,51,23,0,0,356
TR01,bristol_bay,red_king_crab,2001,male,161,0,0,0,244,57,19,0,0,320
TR01,bristol_bay,red_king_crab,2001,male,162,0,0,0,278,59,22,0,0,359
TR01,bristol_bay,red_king_crab,2001,male,163,0,0,0,205,42,20,0,0,267
TR01,bristol_bay,red_king_crab,2001,male,164,0,0,0,188,37,14,0,0,239
TR01,bristol_bay,red_king_crab,2001,male,165,0,0,0,160,34,22,0,0,216
TR01,bristol_bay,red_king_crab,2001,male,166,0,0,0,126,31,11,0,0,168
TR01,bristol_bay,red_king_crab,2001,male,167,0,0,0,103,34,16,0,0,153
TR01,bristol_bay,red_king_crab,2001,male,168,0,0,0,109,21,15,0,0,145
TR01,bristol_bay,red_king_crab,2001,male,169,0,0,0,75,17,9,0,0,101
TR01,bristol_bay,red_king_crab,2001,male,170,0,0,0,74,22,12,0,0,108
TR01,bristol_bay,red_king_crab,2001,male,171,0,0,0,47,17,6,0,0,70
TR01,bristol_bay,red_king_crab,2001,male,172,0,0,0,53,13,6,0,0,72
TR01,bristol_bay,red_king_crab,2001,male,173,0,0,0,26,19,7,0,0,52
TR01,bristol_bay,red_king_crab,2001,male,174,0,0,0,30,9,7,0,0,46
TR01,bristol_bay,red_king_crab,2001,male,175,0,0,0,30,14,4,0,0,48
TR01,bristol_bay,red_king_crab,2001,male,176,0,0,0,17,5,3,0,0,25
TR01,bristol_bay,red_king_crab,2001,male,177,0,0,0,17,0,4,0,0,21
TR01,bristol_bay,red_king_crab,2001,male,178,0,0,0,15,7,2,0,0,24
TR01,bristol_bay,red_king_crab,2001,male,179,0,0,0,7,3,0,0,0,10
TR01,bristol_bay,red_king_crab,2001,male,180,0,0,0,5,1,6,0,0,12
TR01,bristol_bay,red_king_crab,2001,male,181,0,0,0,4,2,3,0,0,9
TR01,bristol_bay,red_king_crab,2001,male,182,0,0,0,4,3,1,0,0,8
TR01,bristol_bay,red_king_crab,2001,male,183,0,0,0,2,3,1,0,0,6
TR01,bristol_bay,red_king_crab,2001,male,184,0,0,0,2,3,0,0,0,5
TR01,bristol_bay,red_king_crab,2001,male,185,0,0,0,2,1,1,0,0,4
TR01,bristol_bay,red_king_crab,2001,male,186,0,0,0,0,1,1,0,0,2
TR01,bristol_bay,red_king_crab,2001,male,187,0,0,0,1,0,0,0,0,1
TR01,bristol_bay,red_king_crab,2001,male,190,0,0,0,1,0,0,0,0,1
TR01,bristol_bay,red_king_crab,2001,male,199,0,0,0,1,0,0,0,0,1
TR01,bristol_bay,red_king_crab,2001,female,56,0,0,0,2,0,0,0,0,2
TR01,bristol_bay,red_king_crab,2001,female,58,0,0,0,1,0,0,0,0,1
TR01,bristol_bay,red_king_crab,2001,female,60,0,0,0,3,0,0,0,0,3
TR01,bristol_bay,red_king_crab,2001,female,61,0,0,0,1,0,0,0,0,1
TR01,bristol_bay,red_king_crab,2001,female,64,0,0,0,1,0,0,0,0,1
TR01,bristol_bay,red_king_crab,2001,female,65,0,0,0,1,0,0,0,0,1
TR01,bristol_bay,red_king_crab,2001,female,68,0,0,0,1,0,0,0,0,1
TR01,bristol_bay,red_king_crab,2001,female,69,0,0,0,2,0,0,0,0,2
TR01,bristol_bay,red_king_crab,2001,female,70,0,0,0,2,0,0,0,0,2
TR01,bristol_bay,red_king_crab,2001,female,71,0,0,0,4,0,0,0,0,4
TR01,bristol_bay,red_king_crab,2001,female,72,0,0,0,4,0,0,0,0,4
TR01,bristol_bay,red_king_crab,2001,female,73,0,0,0,10,0,0,0,0,10
TR01,bristol_bay,red_king_crab,2001,female,74,0,0,0,3,0,0,0,0,3
TR01,bristol_bay,red_king_crab,2001,female,75,0,0,0,7,0,0,0,0,7
TR01,bristol_bay,red_king_crab,2001,female,76,0,0,0,10,0,0,0,0,10
TR01,bristol_bay,red_king_crab,2001,female,77,0,0,0,18,0,0,0,0,18
TR01,bristol_bay,red_king_crab,2001,female,78,0,0,0,16,0,0,0,0,16
TR01,bristol_bay,red_king_crab,2001,female,79,0,0,0,19,0,0,0,0,19
TR01,bristol_bay,red_king_crab,2001,female,80,0,0,0,23,0,0,0,0,23
TR01,bristol_bay,red_king_crab,2001,female,81,0,0,0,26,0,0,0,0,26
TR01,bristol_bay,red_king_crab,2001,female,82,0,0,0,28,0,0,0,0,28
TR01,bristol_bay,red_king_crab,2001,female,83,0,0,0,46,1,0,0,0,47
TR01,bristol_bay,red_king_crab,2001,female,84,0,0,0,42,1,0,0,0,43
TR01,bristol_bay,red_king_crab,2001,female,85,0,0,0,59,0,0,0,0,59
TR01,bristol_bay,red_king_crab,2001,female,86,0,0,0,47,0,0,0,0,47
TR01,bristol_bay,red_king_crab,2001,female,87,0,0,0,53,1,0,0,0,54
TR01,bristol_bay,red_king_crab,2001,female,88,0,0,0,79,2,0,0,0,81
TR01,bristol_bay,red_king_crab,2001,female,89,0,0,0,68,0,0,0,0,68
TR01,bristol_bay,red_king_crab,2001,female,90,0,0,0,71,4,0,0,0,75
TR01,bristol_bay,red_king_crab,2001,female,91,0,0,0,74,0,0,0,0,74
TR01,bristol_bay,red_king_crab,2001,female,92,0,0,0,103,0,0,0,0,103
TR01,bristol_bay,red_king_crab,2001,female,93,0,0,0,103,0,0,0,0,103
TR01,bristol_bay,red_king_crab,2001,female,94,0,0,0,104,0,0,0,0,104
TR01,bristol_bay,red_king_crab,2001,female,95,0,0,0,108,0,0,0,0,108
TR01,bristol_bay,red_king_crab,2001,female,96,0,0,0,119,0,0,0,0,119
TR01,bristol_bay,red_king_crab,2001,female,97,0,0,0,117,0,0,0,0,117
TR01,bristol_bay,red_king_crab,2001,female,98,0,0,0,98,0,0,0,0,98
TR01,bristol_bay,red_king_crab,2001,female,99,0,0,0,94,0,0,0,0,94
TR01,bristol_bay,red_king_crab,2001,female,100,0,0,0,101,1,0,0,0,102
TR01,bristol_bay,red_king_crab,2001,female,101,0,0,0,108,0,0,0,0,108
TR01,bristol_bay,red_king_crab,2001,female,102,0,0,0,103,0,0,0,0,103
TR01,bristol_bay,red_king_crab,2001,female,103,0,0,0,91,0,0,0,1,92
TR01,bristol_bay,red_king_crab,2001,female,104,0,0,0,89,0,0,0,0,89
TR01,bristol_bay,red_king_crab,2001,female,105,0,0,0,73,0,0,0,0,73
TR01,bristol_bay,red_king_crab,2001,female,106,0,0,0,69,0,0,0,0,69
TR01,bristol_bay,red_king_crab,2001,female,107,0,0,0,62,0,0,0,0,62
TR01,bristol_bay,red_king_crab,2001,female,108,0,0,0,70,0,0,0,0,70
TR01,bristol_bay,red_king_crab,2001,female,109,0,0,0,77,0,0,0,0,77
TR01,bristol_bay,red_king_crab,2001,female,110,0,0,0,55,0,0,0,0,55
TR01,bristol_bay,red_king_crab,2001,female,111,0,0,0,56,0,0,0,0,56
TR01,bristol_bay,red_king_crab,2001,female,112,0,0,0,68,0,0,0,0,68
TR01,bristol_bay,red_king_crab,2001,female,113,0,0,0,62,0,0,0,0,62
TR01,bristol_bay,red_king_crab,2001,female,114,0,0,0,68,0,0,0,0,68
TR01,bristol_bay,red_king_crab,2001,female,115,0,0,0,83,0,0,0,0,83
TR01,bristol_bay,red_king_crab,2001,female,116,0,0,0,93,0,0,0,0,93
TR01,bristol_bay,red_king_crab,2001,female,117,0,0,0,86,0,0,0,0,86
TR01,bristol_bay,red_king_crab,2001,female,118,0,0,0,113,0,0,0,0,113
TR01,bristol_bay,red_king_crab,2001,female,119,0,0,0,105,0,0,0,0,105
TR01,bristol_bay,red_king_crab,2001,female,120,0,0,0,139,1,0,0,0,140
TR01,bristol_bay,red_king_crab,2001,female,121,0,0,0,144,0,0,0,0,144
TR01,bristol_bay,red_king_crab,2001,female,122,0,0,0,172,0,0,0,0,172
TR01,bristol_bay,red_king_crab,2001,female,123,0,0,0,171,0,0,0,0,171
TR01,bristol_bay,red_king_crab,2001,female,124,0,0,0,137,1,0,0,0,138
TR01,bristol_bay,red_king_crab,2001,female,125,0,0,0,194,0,0,0,0,194
TR01,bristol_bay,red_king_crab,2001,female,126,0,0,0,147,0,0,0,0,147
TR01,bristol_bay,red_king_crab,2001,female,127,0,0,0,156,0,0,0,0,156
TR01,bristol_bay,red_king_crab,2001,female,128,0,0,0,161,0,0,0,0,161
TR01,bristol_bay,red_king_crab,2001,female,129,0,0,0,103,0,0,0,0,103
TR01,bristol_bay,red_king_crab,2001,female,130,0,0,0,89,0,0,0,0,89
TR01,bristol_bay,red_king_crab,2001,female,131,0,0,0,83,0,0,0,0,83
TR01,bristol_bay,red_king_crab,2001,female,132,0,0,0,84,0,0,0,0,84
TR01,bristol_bay,red_king_crab,2001,female,133,0,0,0,52,0,0,0,0,52
TR01,bristol_bay,red_king_crab,2001,female,134,0,0,0,38,1,0,0,0,39
TR01,bristol_bay,red_king_crab,2001,female,135,0,0,0,46,0,0,0,0,46
TR01,bristol_bay,red_king_crab,2001,female,136,0,0,0,29,0,0,0,0,29
TR01,bristol_bay,red_king_crab,2001,female,137,0,0,0,20,0,0,0,0,20
TR01,bristol_bay,red_king_crab,2001,female,138,0,0,0,27,0,0,0,0,27
TR01,bristol_bay,red_king_crab,2001,female,139,0,0,0,24,0,0,0,0,24
TR01,bristol_bay,red_king_crab,2001,female,140,0,0,0,21,0,0,0,0,21
TR01,bristol_bay,red_king_crab,2001,female,141,0,0,0,20,0,0,0,0,20
TR01,bristol_bay,red_king_crab,2001,female,142,0,0,0,18,0,0,0,0,18
TR01,bristol_bay,red_king_crab,2001,female,143,0,0,0,18,0,0,0,0,18
TR01,bristol_bay,red_king_crab,2001,female,144,0,0,0,14,0,0,0,0,14
TR01,bristol_bay,red_king_crab,2001,female,145,0,0,0,16,0,0,0,0,16
TR01,bristol_bay,red_king_crab,2001,female,146,0,0,0,7,0,0,0,0,7
TR01,bristol_bay,red_king_crab,2001,female,147,0,0,0,7,0,0,0,0,7
TR01,bristol_bay,red_king_crab,2001,female,148,0,0,0,12,0,0,0,0,12
TR01,bristol_bay,red_king_crab,2001,female,149,0,0,0,9,0,0,0,0,9
TR01,bristol_bay,red_king_crab,2001,female,150,0,0,0,11,0,0,0,0,11
TR01,bristol_bay,red_king_crab,2001,female,151,0,0,0,8,0,0,0,0,8
TR01,bristol_bay,red_king_crab,2001,female,152,0,0,0,9,0,0,0,0,9
TR01,bristol_bay,red_king_crab,2001,female,153,0,0,0,9,0,0,0,0,9
TR01,bristol_bay,red_king_crab,2001,female,154,0,0,0,10,0,0,0,0,10
TR01,bristol_bay,red_king_crab,2001,female,155,0,0,0,2,0,0,0,0,2
TR01,bristol_bay,red_king_crab,2001,female,156,0,0,0,6,0,0,0,0,6
TR01,bristol_bay,red_king_crab,2001,female,157,0,0,0,6,0,0,0,0,6
TR01,bristol_bay,red_king_crab,2001,female,158,0,0,0,2,0,0,0,0,2
TR01,bristol_bay,red_king_crab,2001,female,159,0,0,0,2,0,0,0,0,2
TR01,bristol_bay,red_king_crab,2001,female,160,0,0,0,1,0,0,0,0,1
TR01,bristol_bay,red_king_crab,2001,female,161,0,0,0,2,0,0,0,0,2
TR01,bristol_bay,red_king_crab,2001,female,162,0,0,0,2,0,0,0,0,2
TR01,bristol_bay,red_king_crab,2001,female,163,0,0,0,2,0,0,0,0,2
TR01,bristol_bay,red_king_crab,2001,female,164,0,0,0,1,0,0,0,0,1
TR02,bristol_bay,red_king_crab,2002,male,54,0,0,0,1,0,0,0,0,1
TR02,bristol_bay,red_king_crab,2002,male,61,0,0,0,1,0,0,0,0,1
TR02,bristol_bay,red_king_crab,2002,male,63,0,0,0,2,0,0,0,0,2
TR02,bristol_bay,red_king_crab,2002,male,64,0,0,0,4,0,0,0,0,4
TR02,bristol_bay,red_king_crab,2002,male,65,0,0,0,1,0,0,0,0,1
TR02,bristol_bay,red_king_crab,2002,male,66,0,0,0,12,0,0,0,0,12
TR02,bristol_bay,red_king_crab,2002,male,67,0,0,0,8,0,0,0,0,8
TR02,bristol_bay,red_king_crab,2002,male,68,0,0,0,17,0,0,0,0,17
TR02,bristol_bay,red_king_crab,2002,male,69,0,0,0,17,0,0,0,0,17
TR02,bristol_bay,red_king_crab,2002,male,70,0,0,0,12,0,0,0,0,12
TR02,bristol_bay,red_king_crab,2002,male,71,0,0,0,35,0,0,0,0,35
TR02,bristol_bay,red_king_crab,2002,male,72,0,0,0,44,0,0,0,0,44
TR02,bristol_bay,red_king_crab,2002,male,73,0,0,0,28,0,0,0,0,28
TR02,bristol_bay,red_king_crab,2002,male,74,0,0,0,31,0,0,0,0,31
TR02,bristol_bay,red_king_crab,2002,male,75,0,0,0,31,0,0,0,0,31
TR02,bristol_bay,red_king_crab,2002,male,76,0,0,0,22,0,0,0,0,22
TR02,bristol_bay,red_king_crab,2002,male,77,0,0,0,32,0,0,0,0,32
TR02,bristol_bay,red_king_crab,2002,male,78,0,0,0,25,0,0,0,0,25
TR02,bristol_bay,red_king_crab,2002,male,79,0,0,0,33,0,0,0,0,33
TR02,bristol_bay,red_king_crab,2002,male,80,0,0,0,39,0,0,0,0,39
TR02,bristol_bay,red_king_crab,2002,male,81,0,0,0,28,0,0,0,0,28
TR02,bristol_bay,red_king_crab,2002,male,82,0,0,0,30,0,0,0,0,30
TR02,bristol_bay,red_king_crab,2002,male,83,0,0,0,31,0,0,0,0,31
TR02,bristol_bay,red_king_crab,2002,male,84,0,0,0,35,1,0,0,0,36
TR02,bristol_bay,red_king_crab,2002,male,85,0,0,0,30,0,0,0,0,30
TR02,bristol_bay,red_king_crab,2002,male,86,0,0,0,20,0,0,0,0,20
TR02,bristol_bay,red_king_crab,2002,male,87,0,0,0,34,0,0,0,0,34
TR02,bristol_bay,red_king_crab,2002,male,88,0,0,0,27,0,0,0,0,27
TR02,bristol_bay,red_king_crab,2002,male,89,0,0,0,27,0,0,0,0,27
TR02,bristol_bay,red_king_crab,2002,male,90,0,0,0,31,0,0,0,0,31
TR02,bristol_bay,red_king_crab,2002,male,91,0,0,0,26,1,0,0,0,27
TR02,bristol_bay,red_king_crab,2002,male,92,0,0,0,33,0,0,0,0,33
TR02,bristol_bay,red_king_crab,2002,male,93,0,0,0,44,0,0,0,0,44
TR02,bristol_bay,red_king_crab,2002,male,94,0,0,0,40,0,0,0,0,40
TR02,bristol_bay,red_king_crab,2002,male,95,0,0,0,36,0,0,0,0,36
TR02,bristol_bay,red_king_crab,2002,male,96,0,0,0,40,0,0,0,0,40
TR02,bristol_bay,red_king_crab,2002,male,97,0,0,0,46,0,1,0,0,47
TR02,bristol_bay,red_king_crab,2002,male,98,0,0,0,41,2,0,0,0,43
TR02,bristol_bay,red_king_crab,2002,male,99,0,0,0,46,0,0,0,0,46
TR02,bristol_bay,red_king_crab,2002,male,100,0,0,0,71,0,0,0,0,71
TR02,bristol_bay,red_king_crab,2002,male,101,0,0,0,65,0,1,0,0,66
TR02,bristol_bay,red_king_crab,2002,male,102,0,0,0,99,1,0,0,0,100
TR02,bristol_bay,red_king_crab,2002,male,103,0,0,0,114,2,0,0,0,116
TR02,bristol_bay,red_king_crab,2002,male,104,0,0,0,134,0,0,0,0,134
TR02,bristol_bay,red_king_crab,2002,male,105,0,0,0,123,1,0,0,0,124
TR02,bristol_bay,red_king_crab,2002,male,106,0,0,0,144,1,0,0,0,145
TR02,bristol_bay,red_king_crab,2002,male,107,0,0,0,180,2,0,0,0,182
TR02,bristol_bay,red_king_crab,2002,male,108,0,0,0,227,2,0,0,1,230
TR02,bristol_bay,red_king_crab,2002,male,109,0,0,0,196,1,0,0,0,197
TR02,bristol_bay,red_king_crab,2002,male,110,0,0,0,275,2,0,0,0,277
TR02,bristol_bay,red_king_crab,2002,male,111,0,0,0,268,1,0,0,0,269
TR02,bristol_bay,red_king_crab,2002,male,112,0,0,0,352,2,0,0,0,354
TR02,bristol_bay,red_king_crab,2002,male,113,0,0,0,377,3,1,0,0,381
TR02,bristol_bay,red_king_crab,2002,male,114,0,0,0,344,4,1,0,0,349
TR02,bristol_bay,red_king_crab,2002,male,115,0,0,0,425,7,0,0,0,432
TR02,bristol_bay,red_king_crab,2002,male,116,0,0,0,384,11,0,0,0,395
TR02,bristol_bay,red_king_crab,2002,male,117,0,0,0,420,4,0,0,0,424
TR02,bristol_bay,red_king_crab,2002,male,118,0,0,0,488,3,0,0,0,491
TR02,bristol_bay,red_king_crab,2002,male,119,0,0,0,462,6,1,0,0,469
TR02,bristol_bay,red_king_crab,2002,male,120,0,0,0,495,5,0,0,0,500
TR02,bristol_bay,red_king_crab,2002,male,121,0,0,0,500,5,0,0,0,505
TR02,bristol_bay,red_king_crab,2002,male,122,0,0,0,537,16,1,0,0,554
TR02,bristol_bay,red_king_crab,2002,male,123,0,0,0,532,8,0,0,0,540
TR02,bristol_bay,red_king_crab,2002,male,124,0,0,0,539,17,2,0,0,558
TR02,bristol_bay,red_king_crab,2002,male,125,0,0,1,519,13,0,0,0,533
TR02,bristol_bay,red_king_crab,2002,male,126,0,0,0,484,18,1,0,0,503
TR02,bristol_bay,red_king_crab,2002,male,127,0,0,0,500,16,2,0,0,518
TR02,bristol_bay,red_king_crab,2002,male,128,0,0,0,537,25,0,0,0,562
TR02,bristol_bay,red_king_crab,2002,male,129,0,0,0,534,28,3,0,0,565
TR02,bristol_bay,red_king_crab,2002,male,130,0,0,0,517,22,3,0,0,542
TR02,bristol_bay,red_king_crab,2002,male,131,0,0,0,496,21,0,0,0,517
TR02,bristol_bay,red_king_crab,2002,male,132,0,0,0,636,34,3,0,0,673
TR02,bristol_bay,red_king_crab,2002,male,133,0,0,0,564,27,1,0,0,592
TR02,bristol_bay,red_king_crab,2002,male,134,0,0,0,557,26,4,0,0,587
TR02,bristol_bay,red_king_crab,2002,male,135,0,0,0,598,24,3,0,0,625
TR02,bristol_bay,red_king_crab,2002,male,136,0,0,0,552,38,1,0,1,592
TR02,bristol_bay,red_king_crab,2002,male,137,0,0,0,549,46,5,0,0,600
TR02,bristol_bay,red_king_crab,2002,male,138,0,0,0,609,58,9,0,0,676
TR02,bristol_bay,red_king_crab,2002,male,139,0,0,0,494,44,3,0,0,541
TR02,bristol_bay,red_king_crab,2002,male,140,0,0,0,594,63,12,0,0,669
TR02,bristol_bay,red_king_crab,2002,male,141,0,0,0,487,50,8,0,0,545
TR02,bristol_bay,red_king_crab,2002,male,142,0,0,0,587,81,16,0,0,684
TR02,bristol_bay,red_king_crab,2002,male,143,0,0,0,563,89,6,0,0,658
TR02,bristol_bay,red_king_crab,2002,male,144,0,0,0,543,79,6,0,0,628
TR02,bristol_bay,red_king_crab,2002,male,145,0,0,0,542,93,7,0,0,642
TR02,bristol_bay,red_king_crab,2002,male,146,0,0,0,455,79,15,0,0,549
TR02,bristol_bay,red_king_crab,2002,male,147,0,0,0,490,101,15,0,0,606
TR02,bristol_bay,red_king_crab,2002,male,148,0,0,0,478,120,20,0,0,618
TR02,bristol_bay,red_king_crab,2002,male,149,0,0,0,407,105,23,0,0,535
TR02,bristol_bay,red_king_crab,2002,male,150,0,0,0,464,126,27,0,0,617
TR02,bristol_bay,red_king_crab,2002,male,151,0,0,0,369,109,28,0,0,506
TR02,bristol_bay,red_king_crab,2002,male,152,0,0,0,482,153,25,0,0,660
TR02,bristol_bay,red_king_crab,2002,male,153,0,0,0,380,136,21,0,0,537
TR02,bristol_bay,red_king_crab,2002,male,154,0,0,0,371,135,21,0,0,527
TR02,bristol_bay,red_king_crab,2002,male,155,0,0,0,335,146,31,0,0,512
TR02,bristol_bay,red_king_crab,2002,male,156,0,0,0,259,151,31,0,0,441
TR02,bristol_bay,red_king_crab,2002,male,157,0,0,0,249,154,35,0,0,438
TR02,bristol_bay,red_king_crab,2002,male,158,0,0,0,305,151,27,0,0,483
TR02,bristol_bay,red_king_crab,2002,male,159,0,0,0,223,110,21,0,0,354
TR02,bristol_bay,red_king_crab,2002,male,160,0,0,0,262,162,34,0,0,458
TR02,bristol_bay,red_king_crab,2002,male,161,0,0,0,194,106,27,0,0,327
TR02,bristol_bay,red_king_crab,2002,male,162,0,0,0,212,115,28,0,0,355
TR02,bristol_bay,red_king_crab,2002,male,163,0,0,0,177,125,30,0,0,332
TR02,bristol_bay,red_king_crab,2002,male,164,0,0,0,168,107,39,0,0,314
TR02,bristol_bay,red_king_crab,2002,male,165,0,0,0,153,98,27,0,0,278
TR02,bristol_bay,red_king_crab,2002,male,166,0,0,0,111,54,24,0,0,189
TR02,bristol_bay,red_king_crab,2002,male,167,0,0,0,112,83,20,0,0,215
TR02,bristol_bay,red_king_crab,2002,male,168,0,0,0,108,72,22,0,0,202
TR02,bristol_bay,red_king_crab,2002,male,169,0,0,0,96,54,19,0,0,169
TR02,bristol_bay,red_king_crab,2002,male,170,0,0,0,77,42,22,0,0,141
TR02,bristol_bay,red_king_crab,2002,male,171,0,0,0,53,33,18,0,0,104
TR02,bristol_bay,red_king_crab,2002,male,172,0,0,0,53,35,23,0,0,111
TR02,bristol_bay,red_king_crab,2002,male,173,0,0,0,38,27,14,0,0,79
TR02,bristol_bay,red_king_crab,2002,male,174,0,0,0,34,23,12,0,0,69
TR02,bristol_bay,red_king_crab,2002,male,175,0,0,0,29,17,11,0,0,57
TR02,bristol_bay,red_king_crab,2002,male,176,0,0,0,17,7,8,0,0,32
TR02,bristol_bay,red_king_crab,2002,male,177,0,0,0,20,14,8,0,0,42
TR02,bristol_bay,red_king_crab,2002,male,178,0,0,0,17,9,6,0,0,32
TR02,bristol_bay,red_king_crab,2002,male,179,0,0,0,4,7,4,0,0,15
TR02,bristol_bay,red_king_crab,2002,male,180,0,0,0,7,3,1,0,0,11
TR02,bristol_bay,red_king_crab,2002,male,181,0,0,0,1,2,3,0,0,6
TR02,bristol_bay,red_king_crab,2002,male,182,0,0,0,3,4,3,0,0,10
TR02,bristol_bay,red_king_crab,2002,male,183,0,0,0,6,2,1,0,0,9
TR02,bristol_bay,red_king_crab,2002,male,184,0,0,0,6,2,1,0,0,9
TR02,bristol_bay,red_king_crab,2002,male,185,0,0,0,0,3,2,0,0,5
TR02,bristol_bay,red_king_crab,2002,male,186,0,0,0,3,0,1,0,0,4
TR02,bristol_bay,red_king_crab,2002,male,188,0,0,0,0,1,0,0,0,1
TR02,bristol_bay,red_king_crab,2002,male,189,0,0,0,0,0,1,0,0,1
TR02,bristol_bay,red_king_crab,2002,male,190,0,0,0,0,1,0,0,0,1
TR02,bristol_bay,red_king_crab,2002,male,191,0,0,0,0,0,1,0,0,1
TR02,bristol_bay,red_king_crab,2002,male,192,0,0,0,1,0,2,0,0,3
TR02,bristol_bay,red_king_crab,2002,female,61,0,0,0,1,0,0,0,0,1
TR02,bristol_bay,red_king_crab,2002,female,62,0,0,0,1,0,0,0,0,1
TR02,bristol_bay,red_king_crab,2002,female,64,0,1,0,3,0,0,0,0,4
TR02,bristol_bay,red_king_crab,2002,female,65,0,0,0,4,0,0,0,0,4
TR02,bristol_bay,red_king_crab,2002,female,66,0,0,0,5,1,0,0,0,6
TR02,bristol_bay,red_king_crab,2002,female,67,0,0,0,6,1,0,0,0,7
TR02,bristol_bay,red_king_crab,2002,female,68,0,0,0,12,2,0,0,0,14
TR02,bristol_bay,red_king_crab,2002,female,69,0,0,0,11,0,0,0,0,11
TR02,bristol_bay,red_king_crab,2002,female,70,0,0,0,18,2,0,0,0,20
TR02,bristol_bay,red_king_crab,2002,female,71,0,0,0,23,2,0,0,0,25
TR02,bristol_bay,red_king_crab,2002,female,72,0,0,0,22,1,0,0,0,23
TR02,bristol_bay,red_king_crab,2002,female,73,0,0,0,21,5,0,0,0,26
TR02,bristol_bay,red_king_crab,2002,female,74,0,0,0,22,5,0,0,0,27
TR02,bristol_bay,red_king_crab,2002,female,75,0,0,0,16,4,0,0,0,20
TR02,bristol_bay,red_king_crab,2002,female,76,0,0,0,27,4,0,0,0,31
TR02,bristol_bay,red_king_crab,2002,female,77,0,0,0,20,3,0,0,0,23
TR02,bristol_bay,red_king_crab,2002,female,78,0,0,0,13,2,0,0,0,15
TR02,bristol_bay,red_king_crab,2002,female,79,0,0,0,17,6,0,0,1,24
TR02,bristol_bay,red_king_crab,2002,female,80,0,0,0,15,3,0,0,0,18
TR02,bristol_bay,red_king_crab,2002,female,81,0,0,0,15,2,0,0,0,17
TR02,bristol_bay,red_king_crab,2002,female,82,0,0,0,16,2,0,0,0,18
TR02,bristol_bay,red_king_crab,2002,female,83,0,0,0,18,6,0,0,0,24
TR02,bristol_bay,red_king_crab,2002,female,84,0,0,0,17,4,0,0,0,21
TR02,bristol_bay,red_king_crab,2002,female,85,0,0,0,17,4,0,0,0,21
TR02,bristol_bay,red_king_crab,2002,female,86,0,0,0,17,4,0,0,0,21
TR02,bristol_bay,red_king_crab,2002,female,87,0,0,0,13,1,0,0,0,14
TR02,bristol_bay,red_king_crab,2002,female,88,0,0,0,10,2,0,0,0,12
TR02,bristol_bay,red_king_crab,2002,female,89,0,0,0,7,2,0,0,0,9
TR02,bristol_bay,red_king_crab,2002,female,90,0,0,0,2,2,0,0,0,4
TR02,bristol_bay,red_king_crab,2002,female,91,0,0,0,12,1,0,0,0,13
TR02,bristol_bay,red_king_crab,2002,female,92,0,0,0,7,1,0,0,0,8
TR02,bristol_bay,red_king_crab,2002,female,93,0,0,0,4,3,0,0,0,7
TR02,bristol_bay,red_king_crab,2002,female,94,0,0,0,8,1,0,0,0,9
TR02,bristol_bay,red_king_crab,2002,female,95,0,0,0,4,2,0,0,0,6
TR02,bristol_bay,red_king_crab,2002,female,96,0,0,0,1,0,0,0,0,1
TR02,bristol_bay,red_king_crab,2002,female,97,0,0,0,4,1,0,0,0,5
TR02,bristol_bay,red_king_crab,2002,female,98,0,0,0,5,0,0,0,0,5
TR02,bristol_bay,red_king_crab,2002,female,99,0,0,0,3,1,0,0,0,4
TR02,bristol_bay,red_king_crab,2002,female,100,0,0,0,3,0,0,0,0,3
TR02,bristol_bay,red_king_crab,2002,female,101,0,0,0,3,0,0,0,0,3
TR02,bristol_bay,red_king_crab,2002,female,102,0,0,0,6,0,0,0,0,6
TR02,bristol_bay,red_king_crab,2002,female,103,0,0,0,7,0,0,0,0,7
TR02,bristol_bay,red_king_crab,2002,female,104,0,0,0,4,0,0,0,0,4
TR02,bristol_bay,red_king_crab,2002,female,105,0,0,0,6,0,0,0,0,6
TR02,bristol_bay,red_king_crab,2002,female,106,0,0,0,8,0,0,0,0,8
TR02,bristol_bay,red_king_crab,2002,female,107,0,0,0,5,0,0,0,0,5
TR02,bristol_bay,red_king_crab,2002,female,108,0,0,0,8,0,0,0,0,8
TR02,bristol_bay,red_king_crab,2002,female,110,0,0,0,6,0,0,0,0,6
TR02,bristol_bay,red_king_crab,2002,female,111,0,0,0,5,1,0,0,0,6
TR02,bristol_bay,red_king_crab,2002,female,112,0,0,0,2,0,0,0,0,2
TR02,bristol_bay,red_king_crab,2002,female,113,0,0,0,5,1,0,0,0,6
TR02,bristol_bay,red_king_crab,2002,female,114,0,0,0,3,0,0,0,0,3
TR02,bristol_bay,red_king_crab,2002,female,115,0,0,0,3,0,0,0,0,3
TR02,bristol_bay,red_king_crab,2002,female,116,0,0,0,2,0,0,0,0,2
TR02,bristol_bay,red_king_crab,2002,female,117,0,0,0,4,0,0,0,0,4
TR02,bristol_bay,red_king_crab,2002,female,118,0,0,0,5,0,0,0,0,5
TR02,bristol_bay,red_king_crab,2002,female,119,0,0,0,3,0,0,0,0,3
TR02,bristol_bay,red_king_crab,2002,female,120,0,0,0,3,0,0,0,0,3
TR02,bristol_bay,red_king_crab,2002,female,121,0,0,0,3,0,0,0,0,3
TR02,bristol_bay,red_king_crab,2002,female,122,0,0,0,4,0,0,0,0,4
TR02,bristol_bay,red_king_crab,2002,female,123,0,0,0,6,0,0,0,0,6
TR02,bristol_bay,red_king_crab,2002,female,124,0,0,0,1,0,0,0,0,1
TR02,bristol_bay,red_king_crab,2002,female,126,0,0,0,2,0,0,0,0,2
TR02,bristol_bay,red_king_crab,2002,female,127,0,0,0,4,0,0,0,0,4
TR02,bristol_bay,red_king_crab,2002,female,128,0,0,0,5,0,0,0,0,5
TR02,bristol_bay,red_king_crab,2002,female,129,0,0,0,3,0,0,0,0,3
TR02,bristol_bay,red_king_crab,2002,female,130,0,0,0,3,0,0,0,0,3
TR02,bristol_bay,red_king_crab,2002,female,131,0,0,0,1,0,0,0,0,1
TR02,bristol_bay,red_king_crab,2002,female,132,0,0,0,8,0,0,0,0,8
TR02,bristol_bay,red_king_crab,2002,female,133,0,0,0,4,0,0,0,0,4
TR02,bristol_bay,red_king_crab,2002,female,134,0,0,0,3,0,0,0,0,3
TR02,bristol_bay,red_king_crab,2002,female,135,0,0,0,6,0,0,0,0,6
TR02,bristol_bay,red_king_crab,2002,female,136,0,0,0,3,0,0,0,0,3
TR02,bristol_bay,red_king_crab,2002,female,137,0,0,0,2,0,0,0,0,2
TR02,bristol_bay,red_king_crab,2002,female,138,0,0,0,6,0,0,0,0,6
TR02,bristol_bay,red_king_crab,2002,female,139,0,0,0,3,0,0,0,0,3
TR02,bristol_bay,red_king_crab,2002,female,140,0,0,0,6,0,0,0,0,6
TR02,bristol_bay,red_king_crab,2002,female,141,0,0,0,3,0,0,0,0,3
TR02,bristol_bay,red_king_crab,2002,female,142,0,0,0,2,0,0,0,0,2
TR02,bristol_bay,red_king_crab,2002,female,143,0,0,0,3,0,0,0,0,3
TR02,bristol_bay,red_king_crab,2002,female,144,0,0,0,1,1,0,0,0,2
TR02,bristol_bay,red_king_crab,2002,female,145,0,0,0,2,0,0,0,0,2
TR02,bristol_bay,red_king_crab,2002,female,146,0,0,0,2,0,0,0,0,2
TR02,bristol_bay,red_king_crab,2002,female,147,0,0,0,2,0,0,0,0,2
TR02,bristol_bay,red_king_crab,2002,female,148,0,0,0,2,0,0,0,0,2
TR02,bristol_bay,red_king_crab,2002,female,149,0,0,0,1,0,0,0,0,1
TR02,bristol_bay,red_king_crab,2002,female,153,0,0,0,2,0,0,0,0,2
TR02,bristol_bay,red_king_crab,2002,female,154,0,0,0,1,0,0,0,0,1
TR02,bristol_bay,red_king_crab,2002,female,155,0,0,0,1,0,0,0,0,1
TR02,bristol_bay,red_king_crab,2002,female,158,0,0,0,1,0,0,0,0,1
TR02,bristol_bay,red_king_crab,2002,female,160,0,0,0,2,0,0,0,0,2
TR02,bristol_bay,red_king_crab,2002,female,169,0,0,0,1,0,0,0,0,1
TR03,bristol_bay,red_king_crab,2003,male,18,0,0,0,2,0,0,0,0,2
TR03,bristol_bay,red_king_crab,2003,male,21,0,0,0,1,0,0,0,0,1
TR03,bristol_bay,red_king_crab,2003,male,22,0,0,0,1,0,0,0,0,1
TR03,bristol_bay,red_king_crab,2003,male,25,0,0,0,1,0,0,0,0,1
TR03,bristol_bay,red_king_crab,2003,male,27,0,0,0,1,0,0,0,0,1
TR03,bristol_bay,red_king_crab,2003,male,34,0,0,0,1,0,0,0,0,1
TR03,bristol_bay,red_king_crab,2003,male,54,0,0,0,1,0,0,0,0,1
TR03,bristol_bay,red_king_crab,2003,male,57,0,0,0,2,0,0,0,0,2
TR03,bristol_bay,red_king_crab,2003,male,58,0,0,0,3,0,0,0,0,3
TR03,bristol_bay,red_king_crab,2003,male,59,0,0,0,4,0,0,0,0,4
TR03,bristol_bay,red_king_crab,2003,male,60,0,0,0,6,0,0,0,0,6
TR03,bristol_bay,red_king_crab,2003,male,61,0,0,0,10,0,0,0,0,10
TR03,bristol_bay,red_king_crab,2003,male,62,0,0,0,8,0,0,0,0,8
TR03,bristol_bay,red_king_crab,2003,male,63,0,0,0,12,0,0,0,0,12
TR03,bristol_bay,red_king_crab,2003,male,64,0,0,0,19,0,0,0,0,19
TR03,bristol_bay,red_king_crab,2003,male,65,0,0,0,16,0,0,0,0,16
TR03,bristol_bay,red_king_crab,2003,male,66,0,0,0,24,0,0,0,0,24
TR03,bristol_bay,red_king_crab,2003,male,67,0,0,0,30,0,0,0,0,30
TR03,bristol_bay,red_king_crab,2003,male,68,0,0,0,32,0,0,0,0,32
TR03,bristol_bay,red_king_crab,2003,male,69,0,0,0,50,0,0,0,0,50
TR03,bristol_bay,red_king_crab,2003,male,70,0,0,0,51,0,0,0,0,51
TR03,bristol_bay,red_king_crab,2003,male,71,0,0,0,44,0,0,0,0,44
TR03,bristol_bay,red_king_crab,2003,male,72,0,0,0,52,0,0,0,0,52
TR03,bristol_bay,red_king_crab,2003,male,73,0,0,0,44,0,0,0,0,44
TR03,bristol_bay,red_king_crab,2003,male,74,0,0,0,45,0,0,0,0,45
TR03,bristol_bay,red_king_crab,2003,male,75,0,0,0,50,0,1,0,0,51
TR03,bristol_bay,red_king_crab,2003,male,76,0,0,0,48,0,0,0,0,48
TR03,bristol_bay,red_king_crab,2003,male,77,0,0,0,44,0,0,0,0,44
TR03,bristol_bay,red_king_crab,2003,male,78,0,0,0,79,1,0,0,0,80
TR03,bristol_bay,red_king_crab,2003,male,79,0,0,0,67,0,0,0,0,67
TR03,bristol_bay,red_king_crab,2003,male,80,0,0,0,80,1,0,0,0,81
TR03,bristol_bay,red_king_crab,2003,male,81,0,0,0,107,0,0,0,0,107
TR03,bristol_bay,red_king_crab,2003,male,82,0,0,0,133,1,0,0,0,134
TR03,bristol_bay,red_king_crab,2003,male,83,0,0,0,141,0,0,0,0,141
TR03,bristol_bay,red_king_crab,2003,male,84,0,0,0,178,0,0,0,0,178
TR03,bristol_bay,red_king_crab,2003,male,85,0,0,0,178,0,0,0,0,178
TR03,bristol_bay,red_king_crab,2003,male,86,0,0,0,201,0,0,0,0,201
TR03,bristol_bay,red_king_crab,2003,male,87,0,0,0,281,0,0,0,0,281
TR03,bristol_bay,red_king_crab,2003,male,88,0,0,0,249,1,0,0,0,250
TR03,bristol_bay,red_king_crab,2003,male,89,0,0,0,235,0,0,0,0,235
TR03,bristol_bay,red_king_crab,2003,male,90,0,0,0,263,2,0,0,0,265
TR03,bristol_bay,red_king_crab,2003,male,91,0,0,0,233,1,0,0,0,234
TR03,bristol_bay,red_king_crab,2003,male,92,0,0,0,310,0,0,0,0,310
TR03,bristol_bay,red_king_crab,2003,male,93,0,0,0,303,0,0,0,0,303
TR03,bristol_bay,red_king_crab,2003,male,94,0,0,0,330,0,0,0,0,330
TR03,bristol_bay,red_king_crab,2003,male,95,0,0,0,294,1,0,0,0,295
TR03,bristol_bay,red_king_crab,2003,male,96,0,0,0,344,2,0,0,0,346
TR03,bristol_bay,red_king_crab,2003,male,97,0,0,0,346,2,0,0,0,348
TR03,bristol_bay,red_king_crab,2003,male,98,0,1,0,325,0,0,0,0,326
TR03,bristol_bay,red_king_crab,2003,male,99,0,0,0,269,1,0,0,0,270
TR03,bristol_bay,red_king_crab,2003,male,100,0,0,0,304,7,0,0,0,311
TR03,bristol_bay,red_king_crab,2003,male,101,0,0,0,262,0,1,0,0,263
TR03,bristol_bay,red_king_crab,2003,male,102,0,0,0,283,6,1,0,0,290
TR03,bristol_bay,red_king_crab,2003,male,103,0,0,0,295,4,0,0,0,299
TR03,bristol_bay,red_king_crab,2003,male,104,0,0,0,329,3,0,0,0,332
TR03,bristol_bay,red_king_crab,2003,male,105,0,0,0,271,5,0,0,0,276
TR03,bristol_bay,red_king_crab,2003,male,106,0,0,0,278,4,0,0,0,282
TR03,bristol_bay,red_king_crab,2003,male,107,0,0,0,257,4,0,0,0,261
TR03,bristol_bay,red_king_crab,2003,male,108,0,1,0,318,1,0,0,0,320
TR03,bristol_bay,red_king_crab,2003,male,109,0,0,0,259,7,1,0,0,267
TR03,bristol_bay,red_king_crab,2003,male,110,0,0,0,276,19,0,0,0,295
TR03,bristol_bay,red_king_crab,2003,male,111,0,0,0,248,7,0,0,0,255
TR03,bristol_bay,red_king_crab,2003,male,112,0,1,0,286,16,1,0,0,304
TR03,bristol_bay,red_king_crab,2003,male,113,0,0,0,290,18,2,0,0,310
TR03,bristol_bay,red_king_crab,2003,male,114,0,1,0,260,11,0,0,0,272
TR03,bristol_bay,red_king_crab,2003,male,115,0,0,0,281,17,0,0,0,298
TR03,bristol_bay,red_king_crab,2003,male,116,0,0,0,312,11,2,0,0,325
TR03,bristol_bay,red_king_crab,2003,male,117,0,1,0,309,16,1,0,0,327
TR03,bristol_bay,red_king_crab,2003,male,118,0,0,0,320,14,2,0,0,336
TR03,bristol_bay,red_king_crab,2003,male,119,0,0,0,310,10,1,0,0,321
TR03,bristol_bay,red_king_crab,2003,male,120,0,0,0,355,30,3,0,0,388
TR03,bristol_bay,red_king_crab,2003,male,121,0,1,0,372,35,0,0,0,408
TR03,bristol_bay,red_king_crab,2003,male,122,0,1,0,433,37,1,0,0,472
TR03,bristol_bay,red_king_crab,2003,male,123,0,0,0,469,36,0,0,0,505
TR03,bristol_bay,red_king_crab,2003,male,124,0,2,0,517,54,1,0,0,574
TR03,bristol_bay,red_king_crab,2003,male,125,0,0,1,546,55,5,0,0,607
TR03,bristol_bay,red_king_crab,2003,male,126,0,1,0,581,71,2,0,0,655
TR03,bristol_bay,red_king_crab,2003,male,127,0,0,0,577,68,10,0,0,655
TR03,bristol_bay,red_king_crab,2003,male,128,0,0,0,643,90,5,0,0,738
TR03,bristol_bay,red_king_crab,2003,male,129,0,0,0,616,96,3,0,0,715
TR03,bristol_bay,red_king_crab,2003,male,130,0,0,0,728,128,7,0,0,863
TR03,bristol_bay,red_king_crab,2003,male,131,0,1,0,666,100,6,0,0,773
TR03,bristol_bay,red_king_crab,2003,male,132,0,1,0,861,124,8,0,0,994
TR03,bristol_bay,red_king_crab,2003,male,133,0,1,0,771,132,9,0,0,913
TR03,bristol_bay,red_king_crab,2003,male,134,0,0,0,845,159,5,0,0,1009
TR03,bristol_bay,red_king_crab,2003,male,135,0,1,0,807,131,9,0,0,948
TR03,bristol_bay,red_king_crab,2003,male,136,0,3,0,867,155,6,0,0,1031
TR03,bristol_bay,red_king_crab,2003,male,137,0,0,0,809,130,16,0,0,955
TR03,bristol_bay,red_king_crab,2003,male,138,0,2,0,903,147,20,0,0,1072
TR03,bristol_bay,red_king_crab,2003,male,139,0,4,0,786,153,23,0,0,966
TR03,bristol_bay,red_king_crab,2003,male,140,0,0,0,849,181,25,0,0,1055
TR03,bristol_bay,red_king_crab,2003,male,141,0,2,0,732,145,13,0,0,892
TR03,bristol_bay,red_king_crab,2003,male,142,0,2,0,839,184,13,0,0,1038
TR03,bristol_bay,red_king_crab,2003,male,143,0,3,0,790,188,12,0,0,993
TR03,bristol_bay,red_king_crab,2003,male,144,0,0,0,676,145,19,0,0,840
TR03,bristol_bay,red_king_crab,2003,male,145,0,2,0,675,168,24,0,0,869
TR03,bristol_bay,red_king_crab,2003,male,146,0,1,0,591,178,26,0,0,796
TR03,bristol_bay,red_king_crab,2003,male,147,0,2,1,581,151,24,0,0,759
TR03,bristol_bay,red_king_crab,2003,male,148,0,1,0,595,163,19,0,0,778
TR03,bristol_bay,red_king_crab,2003,male,149,0,1,0,510,132,23,0,0,666
TR03,bristol_bay,red_king_crab,2003,male,150,0,2,0,561,138,22,0,0,723
TR03,bristol_bay,red_king_crab,2003,male,151,0,1,0,450,140,21,0,0,612
TR03,bristol_bay,red_king_crab,2003,male,152,0,0,0,509,155,31,0,0,695
TR03,bristol_bay,red_king_crab,2003,male,153,0,1,0,443,133,27,0,0,604
TR03,bristol_bay,red_king_crab,2003,male,154,0,1,0,416,119,24,0,0,560
TR03,bristol_bay,red_king_crab,2003,male,155,0,4,1,346,123,27,0,0,501
TR03,bristol_bay,red_king_crab,2003,male,156,0,1,0,354,103,23,0,0,481
TR03,bristol_bay,red_king_crab,2003,male,157,0,0,0,279,85,36,0,0,400
TR03,bristol_bay,red_king_crab,2003,male,158,0,0,0,320,117,28,0,0,465
TR03,bristol_bay,red_king_crab,2003,male,159,0,1,0,238,84,34,0,0,357
TR03,bristol_bay,red_king_crab,2003,male,160,0,0,0,256,97,42,0,0,395
TR03,bristol_bay,red_king_crab,2003,male,161,0,0,0,224,87,29,0,0,340
TR03,bristol_bay,red_king_crab,2003,male,162,0,1,0,207,89,31,0,0,328
TR03,bristol_bay,red_king_crab,2003,male,163,0,1,0,206,85,28,0,0,320
TR03,bristol_bay,red_king_crab,2003,male,164,0,0,0,215,63,22,0,0,300
TR03,bristol_bay,red_king_crab,2003,male,165,0,0,0,176,75,27,0,0,278
TR03,bristol_bay,red_king_crab,2003,male,166,0,0,0,143,63,25,0,0,231
TR03,bristol_bay,red_king_crab,2003,male,167,0,0,0,135,57,20,0,0,212
TR03,bristol_bay,red_king_crab,2003,male,168,0,0,0,164,70,18,0,0,252
TR03,bristol_bay,red_king_crab,2003,male,169,0,0,0,105,37,11,0,0,153
TR03,bristol_bay,red_king_crab,2003,male,170,0,0,0,103,62,24,0,0,189
TR03,bristol_bay,red_king_crab,2003,male,171,0,1,0,91,37,13,0,0,142
TR03,bristol_bay,red_king_crab,2003,male,172,0,0,0,94,25,14,0,0,133
TR03,bristol_bay,red_king_crab,2003,male,173,0,0,0,55,30,14,0,0,99
TR03,bristol_bay,red_king_crab,2003,male,174,0,0,0,61,22,10,0,0,93
TR03,bristol_bay,red_king_crab,2003,male,175,0,0,0,54,21,13,0,0,88
TR03,bristol_bay,red_king_crab,2003,male,176,0,0,0,42,6,6,0,0,54
TR03,bristol_bay,red_king_crab,2003,male,177,0,0,0,26,14,4,0,0,44
TR03,bristol_bay,red_king_crab,2003,male,178,0,0,0,37,16,3,0,0,56
TR03,bristol_bay,red_king_crab,2003,male,179,0,0,0,15,7,7,0,0,29
TR03,bristol_bay,red_king_crab,2003,male,180,0,0,0,11,11,2,0,0,24
TR03,bristol_bay,red_king_crab,2003,male,181,0,0,0,14,1,0,0,0,15
TR03,bristol_bay,red_king_crab,2003,male,182,0,0,0,15,2,4,0,0,21
TR03,bristol_bay,red_king_crab,2003,male,183,0,0,0,9,4,2,0,0,15
TR03,bristol_bay,red_king_crab,2003,male,184,0,0,0,8,4,2,0,0,14
TR03,bristol_bay,red_king_crab,2003,male,185,0,0,0,3,1,2,0,0,6
TR03,bristol_bay,red_king_crab,2003,male,186,0,0,0,1,1,1,0,0,3
TR03,bristol_bay,red_king_crab,2003,male,187,0,0,0,3,1,1,0,0,5
TR03,bristol_bay,red_king_crab,2003,male,188,0,0,0,1,2,0,0,0,3
TR03,bristol_bay,red_king_crab,2003,male,189,0,0,0,3,2,1,0,0,6
TR03,bristol_bay,red_king_crab,2003,male,190,0,0,0,1,0,0,0,0,1
TR03,bristol_bay,red_king_crab,2003,male,191,0,0,0,0,1,0,0,0,1
TR03,bristol_bay,red_king_crab,2003,male,192,0,0,0,1,0,1,0,0,2
TR03,bristol_bay,red_king_crab,2003,male,194,0,0,0,2,0,0,0,0,2
TR03,bristol_bay,red_king_crab,2003,male,196,0,0,0,1,0,0,0,0,1
TR03,bristol_bay,red_king_crab,2003,male,197,0,0,0,1,0,0,0,0,1
TR03,bristol_bay,red_king_crab,2003,female,42,0,0,0,1,0,0,0,0,1
TR03,bristol_bay,red_king_crab,2003,female,50,0,0,0,1,0,0,0,0,1
TR03,bristol_bay,red_king_crab,2003,female,57,0,0,0,1,0,0,0,0,1
TR03,bristol_bay,red_king_crab,2003,female,58,0,0,0,4,0,0,0,0,4
TR03,bristol_bay,red_king_crab,2003,female,59,0,0,0,4,0,0,0,0,4
TR03,bristol_bay,red_king_crab,2003,female,60,0,0,0,6,0,0,0,0,6
TR03,bristol_bay,red_king_crab,2003,female,61,0,0,0,11,0,0,0,0,11
TR03,bristol_bay,red_king_crab,2003,female,62,0,0,0,7,0,0,0,0,7
TR03,bristol_bay,red_king_crab,2003,female,63,0,0,0,14,0,0,0,0,14
TR03,bristol_bay,red_king_crab,2003,female,64,0,0,0,26,0,0,0,0,26
TR03,bristol_bay,red_king_crab,2003,female,65,0,0,0,26,0,0,0,0,26
TR03,bristol_bay,red_king_crab,2003,female,66,0,0,0,31,0,0,0,0,31
TR03,bristol_bay,red_king_crab,2003,female,67,0,0,0,44,0,0,0,0,44
TR03,bristol_bay,red_king_crab,2003,female,68,0,0,0,29,0,0,0,0,29
TR03,bristol_bay,red_king_crab,2003,female,69,0,0,0,20,0,0,0,0,20
TR03,bristol_bay,red_king_crab,2003,female,70,0,0,0,40,0,0,0,0,40
TR03,bristol_bay,red_king_crab,2003,female,71,0,0,0,40,0,0,0,0,40
TR03,bristol_bay,red_king_crab,2003,female,72,0,0,0,43,0,0,0,0,43
TR03,bristol_bay,red_king_crab,2003,female,73,0,0,0,35,2,0,0,0,37
TR03,bristol_bay,red_king_crab,2003,female,74,0,0,0,45,0,0,0,0,45
TR03,bristol_bay,red_king_crab,2003,female,75,0,0,0,38,0,0,0,0,38
TR03,bristol_bay,red_king_crab,2003,female,76,0,0,0,51,0,0,0,0,51
TR03,bristol_bay,red_king_crab,2003,female,77,0,0,0,53,0,0,0,0,53
TR03,bristol_bay,red_king_crab,2003,female,78,0,0,0,62,1,0,0,0,63
TR03,bristol_bay,red_king_crab,2003,female,79,0,0,0,83,0,0,0,0,83
TR03,bristol_bay,red_king_crab,2003,female,80,0,0,0,141,0,0,0,0,141
TR03,bristol_bay,red_king_crab,2003,female,81,0,0,0,105,0,0,0,0,105
TR03,bristol_bay,red_king_crab,2003,female,82,0,0,0,167,0,0,0,0,167
TR03,bristol_bay,red_king_crab,2003,female,83,0,0,0,174,0,0,0,0,174
TR03,bristol_bay,red_king_crab,2003,female,84,0,0,0,203,2,0,0,0,205
TR03,bristol_bay,red_king_crab,2003,female,85,0,0,0,220,0,0,0,0,220
TR03,bristol_bay,red_king_crab,2003,female,86,0,0,0,253,1,0,0,0,254
TR03,bristol_bay,red_king_crab,2003,female,87,0,0,0,268,0,0,0,0,268
TR03,bristol_bay,red_king_crab,2003,female,88,0,0,0,278,0,0,0,0,278
TR03,bristol_bay,red_king_crab,2003,female,89,0,0,0,252,0,0,0,0,252
TR03,bristol_bay,red_king_crab,2003,female,90,0,0,0,274,2,0,0,0,276
TR03,bristol_bay,red_king_crab,2003,female,91,0,1,0,259,0,0,0,0,260
TR03,bristol_bay,red_king_crab,2003,female,92,0,0,0,300,0,0,0,0,300
TR03,bristol_bay,red_king_crab,2003,female,93,0,0,0,251,0,0,0,0,251
TR03,bristol_bay,red_king_crab,2003,female,94,0,0,0,253,1,0,0,0,254
TR03,bristol_bay,red_king_crab,2003,female,95,0,0,0,225,0,0,0,0,225
TR03,bristol_bay,red_king_crab,2003,female,96,0,0,0,185,0,0,0,0,185
TR03,bristol_bay,red_king_crab,2003,female,97,0,0,0,170,1,0,0,0,171
TR03,bristol_bay,red_king_crab,2003,female,98,0,0,0,167,1,0,0,0,168
TR03,bristol_bay,red_king_crab,2003,female,99,0,0,0,101,1,0,0,0,102
TR03,bristol_bay,red_king_crab,2003,female,100,0,0,0,96,1,0,0,0,97
TR03,bristol_bay,red_king_crab,2003,female,101,0,0,0,101,0,0,0,0,101
TR03,bristol_bay,red_king_crab,2003,female,102,0,0,0,108,1,0,0,0,109
TR03,bristol_bay,red_king_crab,2003,female,103,0,0,0,98,0,0,0,0,98
TR03,bristol_bay,red_king_crab,2003,female,104,0,0,0,131,0,0,0,0,131
TR03,bristol_bay,red_king_crab,2003,female,105,0,0,0,121,0,0,0,0,121
TR03,bristol_bay,red_king_crab,2003,female,106,0,0,0,128,0,0,0,0,128
TR03,bristol_bay,red_king_crab,2003,female,107,0,0,0,126,0,0,0,0,126
TR03,bristol_bay,red_king_crab,2003,female,108,0,0,0,199,0,0,0,0,199
TR03,bristol_bay,red_king_crab,2003,female,109,0,0,0,174,0,0,0,0,174
TR03,bristol_bay,red_king_crab,2003,female,110,0,0,0,185,0,0,0,0,185
TR03,bristol_bay,red_king_crab,2003,female,111,0,0,0,196,0,0,0,0,196
TR03,bristol_bay,red_king_crab,2003,female,112,0,0,0,227,0,0,0,0,227
TR03,bristol_bay,red_king_crab,2003,female,113,0,0,0,242,0,0,0,0,242
TR03,bristol_bay,red_king_crab,2003,female,114,0,0,0,230,0,0,0,0,230
TR03,bristol_bay,red_king_crab,2003,female,115,0,0,0,270,0,0,0,0,270
TR03,bristol_bay,red_king_crab,2003,female,116,0,0,0,311,0,0,0,0,311
TR03,bristol_bay,red_king_crab,2003,female,117,0,0,0,230,0,0,0,0,230
TR03,bristol_bay,red_king_crab,2003,female,118,0,0,0,238,0,0,0,0,238
TR03,bristol_bay,red_king_crab,2003,female,119,0,0,0,179,0,0,0,0,179
TR03,bristol_bay,red_king_crab,2003,female,120,0,0,0,175,0,0,0,0,175
TR03,bristol_bay,red_king_crab,2003,female,121,0,0,0,195,0,0,0,0,195
TR03,bristol_bay,red_king_crab,2003,female,122,0,0,0,166,0,0,0,0,166
TR03,bristol_bay,red_king_crab,2003,female,123,0,0,0,143,0,0,0,0,143
TR03,bristol_bay,red_king_crab,2003,female,124,0,0,0,163,0,0,0,0,163
TR03,bristol_bay,red_king_crab,2003,female,125,0,0,0,154,0,0,0,0,154
TR03,bristol_bay,red_king_crab,2003,female,126,0,0,0,164,0,0,0,0,164
TR03,bristol_bay,red_king_crab,2003,female,127,0,0,0,114,0,0,0,0,114
TR03,bristol_bay,red_king_crab,2003,female,128,0,0,0,121,0,0,0,0,121
TR03,bristol_bay,red_king_crab,2003,female,129,0,0,0,120,0,0,0,0,120
TR03,bristol_bay,red_king_crab,2003,female,130,0,0,0,138,1,0,0,0,139
TR03,bristol_bay,red_king_crab,2003,female,131,0,0,0,134,1,0,0,0,135
TR03,bristol_bay,red_king_crab,2003,female,132,0,0,0,164,0,0,0,0,164
TR03,bristol_bay,red_king_crab,2003,female,133,0,0,0,136,1,0,0,0,137
TR03,bristol_bay,red_king_crab,2003,female,134,0,0,0,168,0,0,0,0,168
TR03,bristol_bay,red_king_crab,2003,female,135,0,0,0,174,0,0,0,0,174
TR03,bristol_bay,red_king_crab,2003,female,136,0,0,0,154,0,0,0,0,154
TR03,bristol_bay,red_king_crab,2003,female,137,0,0,0,127,0,0,0,0,127
TR03,bristol_bay,red_king_crab,2003,female,138,0,0,0,153,0,0,0,0,153
TR03,bristol_bay,red_king_crab,2003,female,139,0,0,0,105,0,0,0,0,105
TR03,bristol_bay,red_king_crab,2003,female,140,0,0,0,126,0,0,0,0,126
TR03,bristol_bay,red_king_crab,2003,female,141,0,0,0,109,0,0,0,0,109
TR03,bristol_bay,red_king_crab,2003,female,142,0,0,0,103,0,0,0,0,103
TR03,bristol_bay,red_king_crab,2003,female,143,0,0,0,97,0,0,0,0,97
TR03,bristol_bay,red_king_crab,2003,female,144,0,0,0,84,0,0,0,0,84
TR03,bristol_bay,red_king_crab,2003,female,145,0,0,0,66,0,0,0,0,66
TR03,bristol_bay,red_king_crab,2003,female,146,0,0,0,60,0,0,0,0,60
TR03,bristol_bay,red_king_crab,2003,female,147,0,0,0,54,0,0,0,1,55
TR03,bristol_bay,red_king_crab,2003,female,148,0,0,0,54,1,0,0,0,55
TR03,bristol_bay,red_king_crab,2003,female,149,0,0,0,25,0,0,0,0,25
TR03,bristol_bay,red_king_crab,2003,female,150,0,0,0,42,0,0,0,0,42
TR03,bristol_bay,red_king_crab,2003,female,151,0,0,0,31,0,0,0,0,31
TR03,bristol_bay,red_king_crab,2003,female,152,0,0,0,30,0,0,0,0,30
TR03,bristol_bay,red_king_crab,2003,female,153,0,0,0,20,0,0,0,0,20
TR03,bristol_bay,red_king_crab,2003,female,154,0,0,0,20,0,0,0,0,20
TR03,bristol_bay,red_king_crab,2003,female,155,0,0,0,17,0,0,0,0,17
TR03,bristol_bay,red_king_crab,2003,female,156,0,0,0,19,0,0,0,0,19
TR03,bristol_bay,red_king_crab,2003,female,157,0,0,0,8,0,0,0,0,8
TR03,bristol_bay,red_king_crab,2003,female,158,0,0,0,7,0,0,0,0,7
TR03,bristol_bay,red_king_crab,2003,female,159,0,0,0,5,0,0,0,0,5
TR03,bristol_bay,red_king_crab,2003,female,160,0,0,0,5,0,0,0,0,5
TR03,bristol_bay,red_king_crab,2003,female,161,0,0,0,5,0,0,0,0,5
TR03,bristol_bay,red_king_crab,2003,female,162,0,0,0,6,0,0,0,0,6
TR03,bristol_bay,red_king_crab,2003,female,163,0,0,0,3,0,0,0,0,3
TR03,bristol_bay,red_king_crab,2003,female,164,0,0,0,4,0,0,0,0,4
TR03,bristol_bay,red_king_crab,2003,female,165,0,0,0,1,0,0,0,0,1
TR03,bristol_bay,red_king_crab,2003,female,166,0,0,0,1,0,0,0,0,1
TR03,bristol_bay,red_king_crab,2003,female,168,0,0,0,4,0,0,0,0,4
TR03,bristol_bay,red_king_crab,2003,female,169,0,0,0,1,0,0,0,0,1
TR03,bristol_bay,red_king_crab,2003,female,191,0,0,0,1,0,0,0,0,1
TR03,bristol_bay,red_king_crab,2003,female,193,0,0,0,1,0,0,0,0,1
TR03,bristol_bay,red_king_crab,2003,female,281,0,0,0,1,0,0,0,0,1
TR04,bristol_bay,red_king_crab,2004,male,37,0,0,0,1,0,0,0,0,1
TR04,bristol_bay,red_king_crab,2004,male,56,0,0,0,1,0,0,0,0,1
TR04,bristol_bay,red_king_crab,2004,male,64,0,0,0,1,0,0,0,0,1
TR04,bristol_bay,red_king_crab,2004,male,65,0,0,0,1,0,1,0,0,2
TR04,bristol_bay,red_king_crab,2004,male,69,0,0,0,2,0,0,0,0,2
TR04,bristol_bay,red_king_crab,2004,male,70,0,0,0,1,0,0,0,0,1
TR04,bristol_bay,red_king_crab,2004,male,71,0,0,0,6,0,0,0,0,6
TR04,bristol_bay,red_king_crab,2004,male,72,0,0,0,12,0,0,0,0,12
TR04,bristol_bay,red_king_crab,2004,male,73,0,0,0,18,0,0,0,0,18
TR04,bristol_bay,red_king_crab,2004,male,74,0,0,0,35,0,0,0,0,35
TR04,bristol_bay,red_king_crab,2004,male,75,0,0,0,29,0,0,0,0,29
TR04,bristol_bay,red_king_crab,2004,male,76,0,0,0,35,0,0,0,0,35
TR04,bristol_bay,red_king_crab,2004,male,77,0,0,0,33,0,0,0,0,33
TR04,bristol_bay,red_king_crab,2004,male,78,0,0,0,62,0,0,0,0,62
TR04,bristol_bay,red_king_crab,2004,male,79,0,0,0,76,0,0,0,0,76
TR04,bristol_bay,red_king_crab,2004,male,80,0,0,0,106,0,0,0,0,106
TR04,bristol_bay,red_king_crab,2004,male,81,0,0,0,105,0,0,0,0,105
TR04,bristol_bay,red_king_crab,2004,male,82,0,0,0,142,0,0,0,0,142
TR04,bristol_bay,red_king_crab,2004,male,83,0,0,0,102,0,0,0,1,103
TR04,bristol_bay,red_king_crab,2004,male,84,0,0,0,164,1,0,0,0,165
TR04,bristol_bay,red_king_crab,2004,male,85,0,0,0,170,0,0,0,0,170
TR04,bristol_bay,red_king_crab,2004,male,86,0,0,0,139,0,0,0,0,139
TR04,bristol_bay,red_king_crab,2004,male,87,0,0,0,164,0,0,0,0,164
TR04,bristol_bay,red_king_crab,2004,male,88,0,0,0,154,0,0,0,0,154
TR04,bristol_bay,red_king_crab,2004,male,89,0,0,0,188,0,0,0,0,188
TR04,bristol_bay,red_king_crab,2004,male,90,0,0,0,203,0,0,0,0,203
TR04,bristol_bay,red_king_crab,2004,male,91,0,0,0,177,0,0,0,0,177
TR04,bristol_bay,red_king_crab,2004,male,92,0,0,0,154,0,0,0,0,154
TR04,bristol_bay,red_king_crab,2004,male,93,0,0,0,141,0,0,0,0,141
TR04,bristol_bay,red_king_crab,2004,male,94,0,0,0,221,0,0,0,0,221
TR04,bristol_bay,red_king_crab,2004,male,95,0,0,0,270,1,0,0,0,271
TR04,bristol_bay,red_king_crab,2004,male,96,0,0,0,198,1,0,0,0,199
TR04,bristol_bay,red_king_crab,2004,male,97,0,0,0,212,3,0,0,0,215
TR04,bristol_bay,red_king_crab,2004,male,98,0,0,0,237,0,0,0,0,237
TR04,bristol_bay,red_king_crab,2004,male,99,0,0,0,303,2,0,0,0,305
TR04,bristol_bay,red_king_crab,2004,male,100,0,0,0,401,2,0,0,0,403
TR04,bristol_bay,red_king_crab,2004,male,101,0,0,0,387,2,0,0,0,389
TR04,bristol_bay,red_king_crab,2004,male,102,0,0,0,452,3,0,0,0,455
TR04,bristol_bay,red_king_crab,2004,male,103,0,0,0,359,3,0,0,1,363
TR04,bristol_bay,red_king_crab,2004,male,104,0,0,0,397,4,0,0,0,401
TR04,bristol_bay,red_king_crab,2004,male,105,0,0,0,562,3,2,0,2,569
TR04,bristol_bay,red_king_crab,2004,male,106,0,0,0,414,0,0,0,2,416
TR04,bristol_bay,red_king_crab,2004,male,107,0,0,0,475,0,0,0,0,475
TR04,bristol_bay,red_king_crab,2004,male,108,0,0,0,454,1,0,0,0,455
TR04,bristol_bay,red_king_crab,2004,male,109,0,0,0,456,2,0,0,3,461
TR04,bristol_bay,red_king_crab,2004,male,110,0,0,0,529,3,0,0,0,532
TR04,bristol_bay,red_king_crab,2004,male,111,0,0,0,515,3,0,0,0,518
TR04,bristol_bay,red_king_crab,2004,male,112,0,0,0,547,4,0,0,0,551
TR04,bristol_bay,red_king_crab,2004,male,113,0,0,0,379,4,0,0,0,383
TR04,bristol_bay,red_king_crab,2004,male,114,0,0,0,397,6,0,0,0,403
TR04,bristol_bay,red_king_crab,2004,male,115,0,0,0,507,1,0,0,1,509
TR04,bristol_bay,red_king_crab,2004,male,116,0,0,0,360,1,0,0,1,362
TR04,bristol_bay,red_king_crab,2004,male,117,0,0,0,354,5,0,0,0,359
TR04,bristol_bay,red_king_crab,2004,male,118,0,0,0,365,3,1,0,3,372
TR04,bristol_bay,red_king_crab,2004,male,119,0,0,0,275,4,2,0,0,281
TR04,bristol_bay,red_king_crab,2004,male,120,0,0,0,420,8,0,0,0,428
TR04,bristol_bay,red_king_crab,2004,male,121,0,0,0,325,3,1,0,0,329
TR04,bristol_bay,red_king_crab,2004,male,122,0,0,0,329,6,0,0,0,335
TR04,bristol_bay,red_king_crab,2004,male,123,0,0,0,245,4,1,0,0,250
TR04,bristol_bay,red_king_crab,2004,male,124,0,0,0,243,7,1,0,0,251
TR04,bristol_bay,red_king_crab,2004,male,125,0,0,0,299,12,3,0,0,314
TR04,bristol_bay,red_king_crab,2004,male,126,0,0,0,276,7,2,0,0,285
TR04,bristol_bay,red_king_crab,2004,male,127,0,0,0,248,6,3,0,1,258
TR04,bristol_bay,red_king_crab,2004,male,128,0,0,0,240,20,0,0,0,260
TR04,bristol_bay,red_king_crab,2004,male,129,0,0,0,222,13,5,0,0,240
TR04,bristol_bay,red_king_crab,2004,male,130,0,0,0,279,31,7,0,0,317
TR04,bristol_bay,red_king_crab,2004,male,131,0,0,0,253,29,11,0,0,293
TR04,bristol_bay,red_king_crab,2004,male,132,0,0,0,300,39,6,0,0,345
TR04,bristol_bay,red_king_crab,2004,male,133,0,0,0,214,18,11,0,1,244
TR04,bristol_bay,red_king_crab,2004,male,134,0,0,0,257,36,15,0,0,308
TR04,bristol_bay,red_king_crab,2004,male,135,0,0,0,316,47,20,0,2,385
TR04,bristol_bay,red_king_crab,2004,male,136,0,0,0,253,33,22,0,0,308
TR04,bristol_bay,red_king_crab,2004,male,137,0,0,0,292,37,13,0,2,344
TR04,bristol_bay,red_king_crab,2004,male,138,0,0,0,322,47,16,0,1,386
TR04,bristol_bay,red_king_crab,2004,male,139,0,0,0,328,63,25,0,0,416
TR04,bristol_bay,red_king_crab,2004,male,140,0,0,0,503,83,47,0,0,633
TR04,bristol_bay,red_king_crab,2004,male,141,0,0,0,372,66,42,0,1,481
TR04,bristol_bay,red_king_crab,2004,male,142,0,0,0,484,65,48,0,0,597
TR04,bristol_bay,red_king_crab,2004,male,143,0,0,0,405,86,32,0,3,526
TR04,bristol_bay,red_king_crab,2004,male,144,0,0,0,469,93,36,0,1,599
TR04,bristol_bay,red_king_crab,2004,male,145,0,0,0,595,105,54,0,0,754
TR04,bristol_bay,red_king_crab,2004,male,146,0,0,0,506,90,38,0,0,634
TR04,bristol_bay,red_king_crab,2004,male,147,0,0,0,588,92,50,0,0,730
TR04,bristol_bay,red_king_crab,2004,male,148,0,0,0,577,103,39,0,0,719
TR04,bristol_bay,red_king_crab,2004,male,149,0,0,0,616,95,46,0,0,757
TR04,bristol_bay,red_king_crab,2004,male,150,0,0,0,790,129,72,0,0,991
TR04,bristol_bay,red_king_crab,2004,male,151,0,0,0,601,118,30,0,1,750
TR04,bristol_bay,red_king_crab,2004,male,152,0,0,0,715,110,49,0,0,874
TR04,bristol_bay,red_king_crab,2004,male,153,0,0,0,676,91,33,0,1,801
TR04,bristol_bay,red_king_crab,2004,male,154,0,0,0,688,85,27,0,1,801
TR04,bristol_bay,red_king_crab,2004,male,155,0,0,0,725,116,44,0,0,885
TR04,bristol_bay,red_king_crab,2004,male,156,0,0,0,583,90,29,0,0,702
TR04,bristol_bay,red_king_crab,2004,male,157,0,0,0,583,92,35,0,0,710
TR04,bristol_bay,red_king_crab,2004,male,158,0,0,0,572,83,26,0,1,682
TR04,bristol_bay,red_king_crab,2004,male,159,0,0,0,457,75,45,0,1,578
TR04,bristol_bay,red_king_crab,2004,male,160,0,0,0,551,113,54,0,0,718
TR04,bristol_bay,red_king_crab,2004,male,161,0,0,0,391,62,38,0,1,492
TR04,bristol_bay,red_king_crab,2004,male,162,0,0,0,463,98,40,0,0,601
TR04,bristol_bay,red_king_crab,2004,male,163,0,0,0,411,59,41,0,0,511
TR04,bristol_bay,red_king_crab,2004,male,164,0,0,0,348,65,32,0,0,445
TR04,bristol_bay,red_king_crab,2004,male,165,0,0,0,370,58,39,0,0,467
TR04,bristol_bay,red_king_crab,2004,male,166,0,0,0,235,44,29,0,0,308
TR04,bristol_bay,red_king_crab,2004,male,167,0,0,0,259,52,39,0,1,351
TR04,bristol_bay,red_king_crab,2004,male,168,0,0,0,241,33,23,0,0,297
TR04,bristol_bay,red_king_crab,2004,male,169,0,0,0,174,26,30,0,0,230
TR04,bristol_bay,red_king_crab,2004,male,170,0,0,0,184,43,35,0,0,262
TR04,bristol_bay,red_king_crab,2004,male,171,0,0,0,128,23,20,0,0,171
TR04,bristol_bay,red_king_crab,2004,male,172,0,0,0,131,34,28,0,0,193
TR04,bristol_bay,red_king_crab,2004,male,173,0,0,0,108,30,10,0,0,148
TR04,bristol_bay,red_king_crab,2004,male,174,0,0,0,70,10,11,0,0,91
TR04,bristol_bay,red_king_crab,2004,male,175,0,0,0,73,33,15,0,0,121
TR04,bristol_bay,red_king_crab,2004,male,176,0,0,0,48,13,5,0,1,67
TR04,bristol_bay,red_king_crab,2004,male,177,0,0,0,37,10,11,0,0,58
TR04,bristol_bay,red_king_crab,2004,male,178,0,0,0,28,8,10,0,0,46
TR04,bristol_bay,red_king_crab,2004,male,179,0,0,0,19,7,3,0,0,29
TR04,bristol_bay,red_king_crab,2004,male,180,0,0,0,28,9,4,0,0,41
TR04,bristol_bay,red_king_crab,2004,male,181,0,0,0,15,4,4,0,0,23
TR04,bristol_bay,red_king_crab,2004,male,182,0,0,0,17,6,6,0,0,29
TR04,bristol_bay,red_king_crab,2004,male,183,0,0,0,7,2,3,0,0,12
TR04,bristol_bay,red_king_crab,2004,male,184,0,0,0,6,2,2,0,0,10
TR04,bristol_bay,red_king_crab,2004,male,185,0,0,0,8,2,0,0,0,10
TR04,bristol_bay,red_king_crab,2004,male,186,0,0,0,1,0,0,0,0,1
TR04,bristol_bay,red_king_crab,2004,male,187,0,0,0,3,0,1,0,0,4
TR04,bristol_bay,red_king_crab,2004,male,188,0,0,0,3,0,3,0,0,6
TR04,bristol_bay,red_king_crab,2004,male,189,0,0,0,1,0,0,0,0,1
TR04,bristol_bay,red_king_crab,2004,male,192,0,0,0,1,0,0,0,0,1
TR04,bristol_bay,red_king_crab,2004,male,194,0,0,0,1,0,0,0,0,1
TR04,bristol_bay,red_king_crab,2004,male,195,0,0,0,0,1,0,0,0,1
TR04,bristol_bay,red_king_crab,2004,female,68,0,0,0,1,0,0,0,0,1
TR04,bristol_bay,red_king_crab,2004,female,69,0,0,0,1,0,0,0,0,1
TR04,bristol_bay,red_king_crab,2004,female,70,0,0,0,2,0,0,0,0,2
TR04,bristol_bay,red_king_crab,2004,female,71,0,0,0,3,0,0,0,0,3
TR04,bristol_bay,red_king_crab,2004,female,72,0,0,0,7,0,0,0,0,7
TR04,bristol_bay,red_king_crab,2004,female,73,0,0,0,13,0,0,0,0,13
TR04,bristol_bay,red_king_crab,2004,female,74,0,0,0,12,0,0,0,0,12
TR04,bristol_bay,red_king_crab,2004,female,75,0,0,0,30,0,0,0,0,30
TR04,bristol_bay,red_king_crab,2004,female,76,0,0,0,22,0,0,0,0,22
TR04,bristol_bay,red_king_crab,2004,female,77,0,0,0,24,0,0,0,0,24
TR04,bristol_bay,red_king_crab,2004,female,78,0,0,0,37,0,0,0,0,37
TR04,bristol_bay,red_king_crab,2004,female,79,0,0,0,59,0,0,0,0,59
TR04,bristol_bay,red_king_crab,2004,female,80,0,0,0,66,0,0,0,0,66
TR04,bristol_bay,red_king_crab,2004,female,81,0,0,0,75,0,0,0,0,75
TR04,bristol_bay,red_king_crab,2004,female,82,0,0,0,87,0,0,0,0,87
TR04,bristol_bay,red_king_crab,2004,female,83,0,0,0,71,0,0,0,0,71
TR04,bristol_bay,red_king_crab,2004,female,84,0,0,0,84,0,0,0,0,84
TR04,bristol_bay,red_king_crab,2004,female,85,0,0,0,122,0,0,0,0,122
TR04,bristol_bay,red_king_crab,2004,female,86,0,0,0,92,0,0,0,0,92
TR04,bristol_bay,red_king_crab,2004,female,87,0,0,0,104,0,0,0,0,104
TR04,bristol_bay,red_king_crab,2004,female,88,0,0,0,94,0,0,0,0,94
TR04,bristol_bay,red_king_crab,2004,female,89,0,0,0,104,0,0,0,0,104
TR04,bristol_bay,red_king_crab,2004,female,90,0,0,0,121,0,0,0,0,121
TR04,bristol_bay,red_king_crab,2004,female,91,0,0,0,110,0,0,0,0,110
TR04,bristol_bay,red_king_crab,2004,female,92,0,0,0,130,0,0,0,0,130
TR04,bristol_bay,red_king_crab,2004,female,93,0,0,0,113,0,0,0,0,113
TR04,bristol_bay,red_king_crab,2004,female,94,0,0,0,138,0,0,0,0,138
TR04,bristol_bay,red_king_crab,2004,female,95,0,0,0,212,0,0,0,0,212
TR04,bristol_bay,red_king_crab,2004,female,96,0,0,0,178,0,0,0,0,178
TR04,bristol_bay,red_king_crab,2004,female,97,0,0,0,187,0,0,0,0,187
TR04,bristol_bay,red_king_crab,2004,female,98,0,0,0,194,0,0,0,0,194
TR04,bristol_bay,red_king_crab,2004,female,99,0,0,0,171,0,0,0,0,171
TR04,bristol_bay,red_king_crab,2004,female,100,0,0,0,235,0,0,0,0,235
TR04,bristol_bay,red_king_crab,2004,female,101,0,0,0,156,0,0,0,0,156
TR04,bristol_bay,red_king_crab,2004,female,102,0,0,0,232,0,0,0,0,232
TR04,bristol_bay,red_king_crab,2004,female,103,0,0,0,129,0,0,0,0,129
TR04,bristol_bay,red_king_crab,2004,female,104,0,0,0,120,0,0,0,0,120
TR04,bristol_bay,red_king_crab,2004,female,105,0,0,0,212,0,0,0,0,212
TR04,bristol_bay,red_king_crab,2004,female,106,0,0,0,122,0,0,0,0,122
TR04,bristol_bay,red_king_crab,2004,female,107,0,0,0,104,0,0,0,0,104
TR04,bristol_bay,red_king_crab,2004,female,108,0,0,0,71,0,0,0,0,71
TR04,bristol_bay,red_king_crab,2004,female,109,0,0,0,75,0,0,0,0,75
TR04,bristol_bay,red_king_crab,2004,female,110,0,0,0,92,0,0,0,0,92
TR04,bristol_bay,red_king_crab,2004,female,111,0,0,0,49,0,0,0,0,49
TR04,bristol_bay,red_king_crab,2004,female,112,0,0,0,79,1,0,0,0,80
TR04,bristol_bay,red_king_crab,2004,female,113,0,0,0,37,0,0,0,0,37
TR04,bristol_bay,red_king_crab,2004,female,114,0,0,0,40,0,1,0,0,41
TR04,bristol_bay,red_king_crab,2004,female,115,0,0,0,92,0,0,0,0,92
TR04,bristol_bay,red_king_crab,2004,female,116,0,0,0,58,0,0,0,0,58
TR04,bristol_bay,red_king_crab,2004,female,117,0,0,0,70,0,0,0,0,70
TR04,bristol_bay,red_king_crab,2004,female,118,0,0,0,59,0,0,0,0,59
TR04,bristol_bay,red_king_crab,2004,female,119,0,0,0,56,0,0,0,0,56
TR04,bristol_bay,red_king_crab,2004,female,120,0,0,0,110,0,0,0,0,110
TR04,bristol_bay,red_king_crab,2004,female,121,0,0,0,77,0,0,0,0,77
TR04,bristol_bay,red_king_crab,2004,female,122,0,0,0,82,0,0,0,0,82
TR04,bristol_bay,red_king_crab,2004,female,123,0,0,0,65,0,0,0,0,65
TR04,bristol_bay,red_king_crab,2004,female,124,0,0,0,73,0,0,0,0,73
TR04,bristol_bay,red_king_crab,2004,female,125,0,0,0,99,0,0,0,0,99
TR04,bristol_bay,red_king_crab,2004,female,126,0,0,0,76,0,0,0,0,76
TR04,bristol_bay,red_king_crab,2004,female,127,0,0,0,68,0,0,0,0,68
TR04,bristol_bay,red_king_crab,2004,female,128,0,0,0,52,0,0,0,0,52
TR04,bristol_bay,red_king_crab,2004,female,129,0,0,0,58,1,0,0,0,59
TR04,bristol_bay,red_king_crab,2004,female,130,0,0,0,72,0,0,0,0,72
TR04,bristol_bay,red_king_crab,2004,female,131,0,0,0,64,0,0,0,0,64
TR04,bristol_bay,red_king_crab,2004,female,132,0,0,0,64,1,0,0,0,65
TR04,bristol_bay,red_king_crab,2004,female,133,0,0,0,49,0,0,0,0,49
TR04,bristol_bay,red_king_crab,2004,female,134,0,0,0,47,0,0,0,0,47
TR04,bristol_bay,red_king_crab,2004,female,135,0,0,0,73,0,0,0,0,73
TR04,bristol_bay,red_king_crab,2004,female,136,0,0,0,35,0,0,0,0,35
TR04,bristol_bay,red_king_crab,2004,female,137,0,0,0,50,0,0,0,0,50
TR04,bristol_bay,red_king_crab,2004,female,138,0,0,0,78,0,0,0,0,78
TR04,bristol_bay,red_king_crab,2004,female,139,0,0,0,51,0,0,0,0,51
TR04,bristol_bay,red_king_crab,2004,female,140,0,0,0,49,0,0,0,0,49
TR04,bristol_bay,red_king_crab,2004,female,141,0,0,0,47,0,0,0,0,47
TR04,bristol_bay,red_king_crab,2004,female,142,0,0,0,54,0,0,0,0,54
TR04,bristol_bay,red_king_crab,2004,female,143,0,0,0,55,0,1,0,0,56
TR04,bristol_bay,red_king_crab,2004,female,144,0,0,0,44,0,0,0,0,44
TR04,bristol_bay,red_king_crab,2004,female,145,0,0,0,43,0,0,0,0,43
TR04,bristol_bay,red_king_crab,2004,female,146,0,0,0,38,0,0,0,0,38
TR04,bristol_bay,red_king_crab,2004,female,147,0,0,0,33,0,0,0,0,33
TR04,bristol_bay,red_king_crab,2004,female,148,0,0,0,28,0,0,0,0,28
TR04,bristol_bay,red_king_crab,2004,female,149,0,0,0,20,0,0,0,0,20
TR04,bristol_bay,red_king_crab,2004,female,150,0,0,0,35,0,0,0,0,35
TR04,bristol_bay,red_king_crab,2004,female,151,0,0,0,21,0,0,0,0,21
TR04,bristol_bay,red_king_crab,2004,female,152,0,0,0,13,0,0,0,0,13
TR04,bristol_bay,red_king_crab,2004,female,153,0,0,0,15,0,0,0,0,15
TR04,bristol_bay,red_king_crab,2004,female,154,0,0,0,14,2,0,0,0,16
TR04,bristol_bay,red_king_crab,2004,female,155,0,0,0,12,0,0,0,0,12
TR04,bristol_bay,red_king_crab,2004,female,156,0,0,0,10,0,0,0,0,10
TR04,bristol_bay,red_king_crab,2004,female,157,0,0,0,8,0,0,0,0,8
TR04,bristol_bay,red_king_crab,2004,female,158,0,0,0,5,0,0,0,0,5
TR04,bristol_bay,red_king_crab,2004,female,159,0,0,0,4,0,0,0,0,4
TR04,bristol_bay,red_king_crab,2004,female,160,0,0,0,3,0,0,0,0,3
TR04,bristol_bay,red_king_crab,2004,female,161,0,0,0,4,0,0,0,0,4
TR04,bristol_bay,red_king_crab,2004,female,162,0,0,0,3,0,0,0,0,3
TR04,bristol_bay,red_king_crab,2004,female,163,0,0,0,2,0,0,0,0,2
TR04,bristol_bay,red_king_crab,2004,female,165,0,0,0,2,0,0,0,0,2
TR04,bristol_bay,red_king_crab,2004,female,166,0,0,0,2,0,0,0,0,2
TR05,bristol_bay,red_king_crab,2005,male,54,0,0,0,1,0,0,0,0,1
TR05,bristol_bay,red_king_crab,2005,male,55,0,0,0,1,0,0,0,0,1
TR05,bristol_bay,red_king_crab,2005,male,62,0,0,0,2,0,0,0,0,2
TR05,bristol_bay,red_king_crab,2005,male,64,0,0,0,1,0,0,0,0,1
TR05,bristol_bay,red_king_crab,2005,male,65,0,0,0,1,0,0,0,0,1
TR05,bristol_bay,red_king_crab,2005,male,66,0,0,0,4,0,0,0,0,4
TR05,bristol_bay,red_king_crab,2005,male,67,0,0,0,2,0,0,0,0,2
TR05,bristol_bay,red_king_crab,2005,male,68,0,0,0,4,0,0,0,0,4
TR05,bristol_bay,red_king_crab,2005,male,70,0,0,0,5,0,0,0,0,5
TR05,bristol_bay,red_king_crab,2005,male,71,0,0,1,2,0,0,0,0,3
TR05,bristol_bay,red_king_crab,2005,male,72,0,0,0,11,0,0,0,0,11
TR05,bristol_bay,red_king_crab,2005,male,73,0,0,0,11,0,0,0,0,11
TR05,bristol_bay,red_king_crab,2005,male,74,0,0,0,14,0,0,0,0,14
TR05,bristol_bay,red_king_crab,2005,male,75,0,0,0,15,0,0,0,0,15
TR05,bristol_bay,red_king_crab,2005,male,76,0,0,0,24,0,0,0,0,24
TR05,bristol_bay,red_king_crab,2005,male,77,0,0,0,9,0,0,0,0,9
TR05,bristol_bay,red_king_crab,2005,male,78,0,0,0,17,0,0,0,0,17
TR05,bristol_bay,red_king_crab,2005,male,79,0,0,0,15,0,0,0,0,15
TR05,bristol_bay,red_king_crab,2005,male,80,0,0,0,17,1,0,0,0,18
TR05,bristol_bay,red_king_crab,2005,male,81,0,0,0,19,0,0,0,0,19
TR05,bristol_bay,red_king_crab,2005,male,82,0,0,0,35,0,0,0,0,35
TR05,bristol_bay,red_king_crab,2005,male,83,0,0,0,34,0,0,0,0,34
TR05,bristol_bay,red_king_crab,2005,male,84,0,0,0,52,0,0,0,0,52
TR05,bristol_bay,red_king_crab,2005,male,85,0,0,0,49,0,0,0,0,49
TR05,bristol_bay,red_king_crab,2005,male,86,0,0,0,63,0,0,0,0,63
TR05,bristol_bay,red_king_crab,2005,male,87,0,0,0,85,0,0,0,0,85
TR05,bristol_bay,red_king_crab,2005,male,88,0,0,0,104,0,0,0,0,104
TR05,bristol_bay,red_king_crab,2005,male,89,0,0,0,118,0,0,0,0,118
TR05,bristol_bay,red_king_crab,2005,male,90,0,0,0,184,0,0,0,0,184
TR05,bristol_bay,red_king_crab,2005,male,91,0,0,0,214,1,0,0,0,215
TR05,bristol_bay,red_king_crab,2005,male,92,0,0,0,254,0,0,0,0,254
TR05,bristol_bay,red_king_crab,2005,male,93,0,0,0,238,1,0,0,1,240
TR05,bristol_bay,red_king_crab,2005,male,94,0,0,0,320,1,0,0,1,322
TR05,bristol_bay,red_king_crab,2005,male,95,0,0,0,316,1,0,0,0,317
TR05,bristol_bay,red_king_crab,2005,male,96,0,0,0,424,0,0,0,0,424
TR05,bristol_bay,red_king_crab,2005,male,97,0,0,0,394,0,0,0,0,394
TR05,bristol_bay,red_king_crab,2005,male,98,0,0,0,352,1,0,0,0,353
TR05,bristol_bay,red_king_crab,2005,male,99,0,0,0,396,1,0,0,0,397
TR05,bristol_bay,red_king_crab,2005,male,100,0,0,0,499,5,0,0,0,504
TR05,bristol_bay,red_king_crab,2005,male,101,0,0,0,414,5,0,0,0,419
TR05,bristol_bay,red_king_crab,2005,male,102,0,0,0,452,4,0,0,0,456
TR05,bristol_bay,red_king_crab,2005,male,103,0,0,0,409,1,0,0,0,410
TR05,bristol_bay,red_king_crab,2005,male,104,0,0,0,507,3,0,0,0,510
TR05,bristol_bay,red_king_crab,2005,male,105,0,0,0,482,9,0,0,0,491
TR05,bristol_bay,red_king_crab,2005,male,106,0,0,0,500,9,0,0,0,509
TR05,bristol_bay,red_king_crab,2005,male,107,0,0,0,430,2,0,0,0,432
TR05,bristol_bay,red_king_crab,2005,male,108,0,0,0,531,3,0,0,1,535
TR05,bristol_bay,red_king_crab,2005,male,109,0,0,0,525,5,0,0,1,531
TR05,bristol_bay,red_king_crab,2005,male,110,0,0,0,679,8,0,0,0,687
TR05,bristol_bay,red_king_crab,2005,male,111,0,0,0,625,2,0,0,0,627
TR05,bristol_bay,red_king_crab,2005,male,112,0,0,0,789,2,0,0,1,792
TR05,bristol_bay,red_king_crab,2005,male,113,0,0,0,694,1,1,0,0,696
TR05,bristol_bay,red_king_crab,2005,male,114,0,0,0,807,10,0,0,2,819
TR05,bristol_bay,red_king_crab,2005,male,115,0,0,0,942,16,1,0,0,959
TR05,bristol_bay,red_king_crab,2005,male,116,0,0,0,908,5,0,0,0,913
TR05,bristol_bay,red_king_crab,2005,male,117,0,0,0,997,11,0,0,2,1010
TR05,bristol_bay,red_king_crab,2005,male,118,0,0,0,1183,16,0,0,0,1199
TR05,bristol_bay,red_king_crab,2005,male,119,0,0,1,1152,25,1,0,0,1179
TR05,bristol_bay,red_king_crab,2005,male,120,0,0,0,1411,44,1,0,0,1456
TR05,bristol_bay,red_king_crab,2005,male,121,0,0,0,1444,28,2,0,0,1474
TR05,bristol_bay,red_king_crab,2005,male,122,0,0,0,1373,39,2,0,0,1414
TR05,bristol_bay,red_king_crab,2005,male,123,0,0,0,1408,43,2,0,0,1453
TR05,bristol_bay,red_king_crab,2005,male,124,0,0,0,1724,52,0,0,2,1778
TR05,bristol_bay,red_king_crab,2005,male,125,0,0,0,1552,57,1,0,1,1611
TR05,bristol_bay,red_king_crab,2005,male,126,0,0,0,1523,60,3,0,2,1588
TR05,bristol_bay,red_king_crab,2005,male,127,0,0,0,1415,60,4,0,1,1480
TR05,bristol_bay,red_king_crab,2005,male,128,0,0,0,1380,64,4,0,1,1449
TR05,bristol_bay,red_king_crab,2005,male,129,0,0,0,1427,69,6,0,0,1502
TR05,bristol_bay,red_king_crab,2005,male,130,0,0,0,1707,97,6,0,1,1811
TR05,bristol_bay,red_king_crab,2005,male,131,0,0,0,1435,96,6,0,2,1539
TR05,bristol_bay,red_king_crab,2005,male,132,0,0,0,1580,127,9,0,4,1720
TR05,bristol_bay,red_king_crab,2005,male,133,0,0,0,1304,116,5,0,0,1425
TR05,bristol_bay,red_king_crab,2005,male,134,0,0,0,1429,108,6,0,0,1543
TR05,bristol_bay,red_king_crab,2005,male,135,0,0,0,1259,136,16,0,0,1411
TR05,bristol_bay,red_king_crab,2005,male,136,0,0,0,1227,146,8,0,1,1382
TR05,bristol_bay,red_king_crab,2005,male,137,0,0,0,1176,130,23,0,0,1329
TR05,bristol_bay,red_king_crab,2005,male,138,0,0,0,1172,144,15,0,0,1331
TR05,bristol_bay,red_king_crab,2005,male,139,0,0,0,1223,144,23,0,0,1390
TR05,bristol_bay,red_king_crab,2005,male,140,0,0,0,1349,214,33,0,0,1596
TR05,bristol_bay,red_king_crab,2005,male,141,0,0,0,1147,208,19,0,1,1375
TR05,bristol_bay,red_king_crab,2005,male,142,0,0,0,1146,221,31,0,0,1398
TR05,bristol_bay,red_king_crab,2005,male,143,0,0,0,1234,244,51,0,0,1529
TR05,bristol_bay,red_king_crab,2005,male,144,0,0,0,1050,291,34,0,0,1375
TR05,bristol_bay,red_king_crab,2005,male,145,0,0,0,1278,309,51,0,0,1638
TR05,bristol_bay,red_king_crab,2005,male,146,0,0,0,1113,292,44,0,2,1451
TR05,bristol_bay,red_king_crab,2005,male,147,0,0,0,1112,335,49,0,0,1496
TR05,bristol_bay,red_king_crab,2005,male,148,0,0,0,1045,313,37,0,0,1395
TR05,bristol_bay,red_king_crab,2005,male,149,0,0,0,1062,406,62,0,0,1530
TR05,bristol_bay,red_king_crab,2005,male,150,0,0,0,1218,492,75,0,0,1785
TR05,bristol_bay,red_king_crab,2005,male,151,0,0,0,1164,451,80,0,0,1695
TR05,bristol_bay,red_king_crab,2005,male,152,0,0,0,1245,481,86,0,1,1813
TR05,bristol_bay,red_king_crab,2005,male,153,0,0,0,1227,498,66,0,0,1791
TR05,bristol_bay,red_king_crab,2005,male,154,0,0,0,1307,505,82,0,0,1894
TR05,bristol_bay,red_king_crab,2005,male,155,0,0,0,1148,458,72,0,0,1678
TR05,bristol_bay,red_king_crab,2005,male,156,0,0,0,1051,418,52,0,0,1521
TR05,bristol_bay,red_king_crab,2005,male,157,0,0,0,1029,478,77,0,0,1584
TR05,bristol_bay,red_king_crab,2005,male,158,0,0,0,1068,454,87,0,0,1609
TR05,bristol_bay,red_king_crab,2005,male,159,0,0,0,914,382,54,0,0,1350
TR05,bristol_bay,red_king_crab,2005,male,160,0,0,0,1041,418,74,0,0,1533
TR05,bristol_bay,red_king_crab,2005,male,161,0,0,0,822,367,64,0,1,1254
TR05,bristol_bay,red_king_crab,2005,male,162,0,0,0,898,371,55,0,0,1324
TR05,bristol_bay,red_king_crab,2005,male,163,0,0,0,798,351,63,0,0,1212
TR05,bristol_bay,red_king_crab,2005,male,164,0,0,0,894,354,82,0,1,1331
TR05,bristol_bay,red_king_crab,2005,male,165,0,0,0,756,312,70,0,0,1138
TR05,bristol_bay,red_king_crab,2005,male,166,0,0,0,553,262,48,0,0,863
TR05,bristol_bay,red_king_crab,2005,male,167,0,0,0,684,259,60,0,0,1003
TR05,bristol_bay,red_king_crab,2005,male,168,0,0,0,603,260,46,0,0,909
TR05,bristol_bay,red_king_crab,2005,male,169,0,0,0,459,195,51,0,0,705
TR05,bristol_bay,red_king_crab,2005,male,170,0,0,0,516,201,61,0,0,778
TR05,bristol_bay,red_king_crab,2005,male,171,0,0,0,363,159,50,0,0,572
TR05,bristol_bay,red_king_crab,2005,male,172,0,0,0,349,155,38,0,0,542
TR05,bristol_bay,red_king_crab,2005,male,173,0,0,0,314,132,49,0,0,495
TR05,bristol_bay,red_king_crab,2005,male,174,0,0,0,212,128,33,0,0,373
TR05,bristol_bay,red_king_crab,2005,male,175,0,0,0,195,98,24,0,1,318
TR05,bristol_bay,red_king_crab,2005,male,176,0,0,0,147,61,21,0,0,229
TR05,bristol_bay,red_king_crab,2005,male,177,0,0,0,105,53,16,0,0,174
TR05,bristol_bay,red_king_crab,2005,male,178,0,0,0,108,54,14,0,0,176
TR05,bristol_bay,red_king_crab,2005,male,179,0,0,0,85,46,11,0,0,142
TR05,bristol_bay,red_king_crab,2005,male,180,0,0,0,70,38,13,0,0,121
TR05,bristol_bay,red_king_crab,2005,male,181,0,0,0,41,28,15,0,0,84
TR05,bristol_bay,red_king_crab,2005,male,182,0,0,0,28,19,10,0,0,57
TR05,bristol_bay,red_king_crab,2005,male,183,0,0,0,28,21,4,0,0,53
TR05,bristol_bay,red_king_crab,2005,male,184,0,0,0,29,10,4,0,0,43
TR05,bristol_bay,red_king_crab,2005,male,185,0,0,0,22,10,4,0,0,36
TR05,bristol_bay,red_king_crab,2005,male,186,0,0,0,15,8,4,0,0,27
TR05,bristol_bay,red_king_crab,2005,male,187,0,0,0,3,9,2,0,0,14
TR05,bristol_bay,red_king_crab,2005,male,188,0,0,0,6,3,1,0,0,10
TR05,bristol_bay,red_king_crab,2005,male,189,0,0,0,3,4,3,0,0,10
TR05,bristol_bay,red_king_crab,2005,male,190,0,0,0,8,3,1,0,0,12
TR05,bristol_bay,red_king_crab,2005,male,191,0,0,0,1,0,1,0,0,2
TR05,bristol_bay,red_king_crab,2005,male,192,0,0,0,3,1,0,0,0,4
TR05,bristol_bay,red_king_crab,2005,male,193,0,0,0,2,0,1,0,0,3
TR05,bristol_bay,red_king_crab,2005,male,194,0,0,0,1,0,0,0,0,1
TR05,bristol_bay,red_king_crab,2005,male,195,0,0,0,1,0,0,0,0,1
TR05,bristol_bay,red_king_crab,2005,male,204,0,0,0,0,1,0,0,0,1
TR05,bristol_bay,red_king_crab,2005,female,66,0,0,0,1,0,0,0,0,1
TR05,bristol_bay,red_king_crab,2005,female,68,0,0,0,3,0,0,0,0,3
TR05,bristol_bay,red_king_crab,2005,female,69,0,0,0,6,0,0,0,0,6
TR05,bristol_bay,red_king_crab,2005,female,70,0,0,0,4,0,0,0,0,4
TR05,bristol_bay,red_king_crab,2005,female,71,0,0,0,4,0,0,0,0,4
TR05,bristol_bay,red_king_crab,2005,female,72,0,0,0,6,0,0,0,0,6
TR05,bristol_bay,red_king_crab,2005,female,73,0,0,0,4,0,0,0,0,4
TR05,bristol_bay,red_king_crab,2005,female,74,0,0,0,16,0,0,0,0,16
TR05,bristol_bay,red_king_crab,2005,female,75,0,0,0,8,0,0,0,0,8
TR05,bristol_bay,red_king_crab,2005,female,76,0,0,0,14,0,0,0,0,14
TR05,bristol_bay,red_king_crab,2005,female,77,0,0,0,4,0,0,0,0,4
TR05,bristol_bay,red_king_crab,2005,female,78,0,0,0,19,0,0,0,0,19
TR05,bristol_bay,red_king_crab,2005,female,79,0,0,0,14,0,0,0,0,14
TR05,bristol_bay,red_king_crab,2005,female,80,0,0,0,20,0,0,0,0,20
TR05,bristol_bay,red_king_crab,2005,female,81,0,0,0,26,0,0,0,0,26
TR05,bristol_bay,red_king_crab,2005,female,82,0,0,0,26,0,0,0,0,26
TR05,bristol_bay,red_king_crab,2005,female,83,0,0,0,33,0,0,0,0,33
TR05,bristol_bay,red_king_crab,2005,female,84,0,0,0,29,0,0,0,0,29
TR05,bristol_bay,red_king_crab,2005,female,85,0,0,0,41,0,0,0,0,41
TR05,bristol_bay,red_king_crab,2005,female,86,0,0,0,69,0,0,0,0,69
TR05,bristol_bay,red_king_crab,2005,female,87,0,0,0,67,0,0,0,0,67
TR05,bristol_bay,red_king_crab,2005,female,88,0,0,0,85,0,0,0,0,85
TR05,bristol_bay,red_king_crab,2005,female,89,0,0,0,130,0,0,0,0,130
TR05,bristol_bay,red_king_crab,2005,female,90,0,0,0,158,0,0,0,1,159
TR05,bristol_bay,red_king_crab,2005,female,91,0,0,0,223,0,0,0,0,223
TR05,bristol_bay,red_king_crab,2005,female,92,0,0,0,261,0,0,0,0,261
TR05,bristol_bay,red_king_crab,2005,female,93,0,0,0,318,0,0,0,1,319
TR05,bristol_bay,red_king_crab,2005,female,94,0,0,0,377,0,0,0,1,378
TR05,bristol_bay,red_king_crab,2005,female,95,0,0,0,404,3,0,0,0,407
TR05,bristol_bay,red_king_crab,2005,female,96,0,0,0,414,0,0,0,0,414
TR05,bristol_bay,red_king_crab,2005,female,97,0,0,0,461,1,0,0,0,462
TR05,bristol_bay,red_king_crab,2005,female,98,0,0,0,384,0,0,0,0,384
TR05,bristol_bay,red_king_crab,2005,female,99,0,0,0,444,0,0,0,0,444
TR05,bristol_bay,red_king_crab,2005,female,100,0,0,0,543,0,0,0,0,543
TR05,bristol_bay,red_king_crab,2005,female,101,0,0,0,410,1,0,0,0,411
TR05,bristol_bay,red_king_crab,2005,female,102,0,0,0,461,0,0,0,0,461
TR05,bristol_bay,red_king_crab,2005,female,103,0,0,0,468,1,0,0,0,469
TR05,bristol_bay,red_king_crab,2005,female,104,0,0,0,610,0,0,0,0,610
TR05,bristol_bay,red_king_crab,2005,female,105,0,0,0,609,0,0,0,0,609
TR05,bristol_bay,red_king_crab,2005,female,106,0,0,0,738,0,0,0,0,738
TR05,bristol_bay,red_king_crab,2005,female,107,0,0,0,569,0,0,0,0,569
TR05,bristol_bay,red_king_crab,2005,female,108,0,0,0,685,0,0,0,0,685
TR05,bristol_bay,red_king_crab,2005,female,109,0,0,0,700,0,0,0,1,701
TR05,bristol_bay,red_king_crab,2005,female,110,0,0,0,883,1,0,0,1,885
TR05,bristol_bay,red_king_crab,2005,female,111,0,0,0,525,0,0,0,0,525
TR05,bristol_bay,red_king_crab,2005,female,112,0,0,0,675,0,0,0,1,676
TR05,bristol_bay,red_king_crab,2005,female,113,0,0,0,596,0,0,0,0,596
TR05,bristol_bay,red_king_crab,2005,female,114,0,0,0,563,0,0,0,0,563
TR05,bristol_bay,red_king_crab,2005,female,115,0,0,0,562,0,0,0,0,562
TR05,bristol_bay,red_king_crab,2005,female,116,0,0,0,450,0,0,0,1,451
TR05,bristol_bay,red_king_crab,2005,female,117,0,0,0,461,0,0,0,0,461
TR05,bristol_bay,red_king_crab,2005,female,118,0,0,0,422,1,0,0,0,423
TR05,bristol_bay,red_king_crab,2005,female,119,0,0,0,436,0,0,0,0,436
TR05,bristol_bay,red_king_crab,2005,female,120,0,0,0,502,0,0,0,0,502
TR05,bristol_bay,red_king_crab,2005,female,121,0,0,0,558,0,0,0,0,558
TR05,bristol_bay,red_king_crab,2005,female,122,0,0,0,466,0,0,0,0,466
TR05,bristol_bay,red_king_crab,2005,female,123,0,0,0,470,0,0,0,0,470
TR05,bristol_bay,red_king_crab,2005,female,124,0,0,0,738,0,0,0,0,738
TR05,bristol_bay,red_king_crab,2005,female,125,0,0,0,527,0,0,0,0,527
TR05,bristol_bay,red_king_crab,2005,female,126,0,0,0,528,0,0,0,0,528
TR05,bristol_bay,red_king_crab,2005,female,127,0,0,0,516,1,0,0,0,517
TR05,bristol_bay,red_king_crab,2005,female,128,0,0,0,482,0,0,0,0,482
TR05,bristol_bay,red_king_crab,2005,female,129,0,0,0,511,0,0,0,0,511
TR05,bristol_bay,red_king_crab,2005,female,130,0,0,0,544,0,0,0,0,544
TR05,bristol_bay,red_king_crab,2005,female,131,0,0,0,504,1,0,0,0,505
TR05,bristol_bay,red_king_crab,2005,female,132,0,0,0,481,0,0,0,0,481
TR05,bristol_bay,red_king_crab,2005,female,133,0,0,0,399,0,0,0,0,399
TR05,bristol_bay,red_king_crab,2005,female,134,0,0,0,441,0,0,0,0,441
TR05,bristol_bay,red_king_crab,2005,female,135,0,0,0,344,0,0,0,0,344
TR05,bristol_bay,red_king_crab,2005,female,136,0,0,0,286,0,0,0,0,286
TR05,bristol_bay,red_king_crab,2005,female,137,0,0,0,285,0,0,0,0,285
TR05,bristol_bay,red_king_crab,2005,female,138,0,0,0,239,0,0,0,0,239
TR05,bristol_bay,red_king_crab,2005,female,139,0,0,0,235,0,0,0,0,235
TR05,bristol_bay,red_king_crab,2005,female,140,0,0,0,278,0,0,0,0,278
TR05,bristol_bay,red_king_crab,2005,female,141,0,0,0,225,0,0,0,0,225
TR05,bristol_bay,red_king_crab,2005,female,142,0,0,0,234,1,0,0,0,235
TR05,bristol_bay,red_king_crab,2005,female,143,0,0,0,215,0,0,0,0,215
TR05,bristol_bay,red_king_crab,2005,female,144,0,0,0,139,0,0,0,0,139
TR05,bristol_bay,red_king_crab,2005,female,145,0,0,0,180,0,0,0,0,180
TR05,bristol_bay,red_king_crab,2005,female,146,0,0,0,137,0,0,0,0,137
TR05,bristol_bay,red_king_crab,2005,female,147,0,0,0,113,0,0,0,0,113
TR05,bristol_bay,red_king_crab,2005,female,148,0,0,0,118,0,0,0,0,118
TR05,bristol_bay,red_king_crab,2005,female,149,0,0,0,88,0,0,0,0,88
TR05,bristol_bay,red_king_crab,2005,female,150,0,0,0,94,0,0,0,0,94
TR05,bristol_bay,red_king_crab,2005,female,151,0,0,0,75,0,0,0,0,75
TR05,bristol_bay,red_king_crab,2005,female,152,0,0,0,74,0,0,0,0,74
TR05,bristol_bay,red_king_crab,2005,female,153,0,0,0,53,0,0,0,0,53
TR05,bristol_bay,red_king_crab,2005,female,154,0,0,0,61,0,0,0,0,61
TR05,bristol_bay,red_king_crab,2005,female,155,0,0,0,50,0,0,0,0,50
TR05,bristol_bay,red_king_crab,2005,female,156,0,0,0,37,0,0,0,0,37
TR05,bristol_bay,red_king_crab,2005,female,157,0,0,0,30,0,0,0,0,30
TR05,bristol_bay,red_king_crab,2005,female,158,0,0,0,16,0,0,0,0,16
TR05,bristol_bay,red_king_crab,2005,female,159,0,0,0,14,0,0,0,0,14
TR05,bristol_bay,red_king_crab,2005,female,160,0,0,0,11,1,0,0,0,12
TR05,bristol_bay,red_king_crab,2005,female,161,0,0,0,3,0,0,0,0,3
TR05,bristol_bay,red_king_crab,2005,female,162,0,0,0,7,0,0,0,0,7
TR05,bristol_bay,red_king_crab,2005,female,163,0,0,0,6,0,0,0,0,6
TR05,bristol_bay,red_king_crab,2005,female,164,0,0,0,5,0,0,0,0,5
TR05,bristol_bay,red_king_crab,2005,female,165,0,0,0,1,0,0,0,0,1
TR05,bristol_bay,red_king_crab,2005,female,166,0,0,0,3,0,0,0,0,3
TR05,bristol_bay,red_king_crab,2005,female,168,0,0,0,1,0,0,0,0,1
TR06,bristol_bay,red_king_crab,2006,male,56,0,0,0,1,0,0,0,0,1
TR06,bristol_bay,red_king_crab,2006,male,62,0,0,0,1,0,0,0,0,1
TR06,bristol_bay,red_king_crab,2006,male,63,0,0,0,1,0,0,0,0,1
TR06,bristol_bay,red_king_crab,2006,male,64,0,0,0,1,0,0,0,0,1
TR06,bristol_bay,red_king_crab,2006,male,65,0,0,0,2,0,0,0,0,2
TR06,bristol_bay,red_king_crab,2006,male,67,0,0,0,2,0,0,0,0,2
TR06,bristol_bay,red_king_crab,2006,male,68,0,0,0,3,0,0,0,0,3
TR06,bristol_bay,red_king_crab,2006,male,69,0,0,0,2,0,0,0,0,2
TR06,bristol_bay,red_king_crab,2006,male,70,0,0,0,2,0,0,0,0,2
TR06,bristol_bay,red_king_crab,2006,male,71,0,0,0,9,0,0,0,0,9
TR06,bristol_bay,red_king_crab,2006,male,72,0,0,0,7,0,0,0,0,7
TR06,bristol_bay,red_king_crab,2006,male,73,0,0,0,11,0,0,0,1,12
TR06,bristol_bay,red_king_crab,2006,male,74,0,0,0,11,0,0,0,2,13
TR06,bristol_bay,red_king_crab,2006,male,75,0,0,0,9,0,0,0,0,9
TR06,bristol_bay,red_king_crab,2006,male,76,0,0,0,20,0,0,0,0,20
TR06,bristol_bay,red_king_crab,2006,male,77,0,0,0,25,0,0,0,1,26
TR06,bristol_bay,red_king_crab,2006,male,78,0,0,0,34,0,0,0,1,35
TR06,bristol_bay,red_king_crab,2006,male,79,0,0,0,46,0,0,0,4,50
TR06,bristol_bay,red_king_crab,2006,male,80,0,0,0,45,0,0,0,0,45
TR06,bristol_bay,red_king_crab,2006,male,81,0,0,0,72,0,0,0,5,77
TR06,bristol_bay,red_king_crab,2006,male,82,0,0,0,102,0,0,0,3,105
TR06,bristol_bay,red_king_crab,2006,male,83,0,0,0,91,0,0,0,1,92
TR06,bristol_bay,red_king_crab,2006,male,84,0,0,0,157,0,0,0,4,161
TR06,bristol_bay,red_king_crab,2006,male,85,0,0,0,161,0,0,0,3,164
TR06,bristol_bay,red_king_crab,2006,male,86,0,0,0,176,0,0,0,3,179
TR06,bristol_bay,red_king_crab,2006,male,87,0,0,0,212,0,0,0,4,216
TR06,bristol_bay,red_king_crab,2006,male,88,0,0,0,204,0,0,0,4,208
TR06,bristol_bay,red_king_crab,2006,male,89,0,1,0,254,0,0,0,3,258
TR06,bristol_bay,red_king_crab,2006,male,90,0,0,0,243,0,0,0,3,246
TR06,bristol_bay,red_king_crab,2006,male,91,0,0,0,243,0,0,0,4,247
TR06,bristol_bay,red_king_crab,2006,male,92,0,0,0,265,0,0,0,5,270
TR06,bristol_bay,red_king_crab,2006,male,93,0,0,0,238,0,0,0,2,240
TR06,bristol_bay,red_king_crab,2006,male,94,0,0,0,249,1,0,0,3,253
TR06,bristol_bay,red_king_crab,2006,male,95,0,0,0,231,1,0,0,3,235
TR06,bristol_bay,red_king_crab,2006,male,96,0,0,0,238,0,1,0,3,242
TR06,bristol_bay,red_king_crab,2006,male,97,0,0,0,259,2,0,0,6,267
TR06,bristol_bay,red_king_crab,2006,male,98,0,0,0,260,1,0,0,2,263
TR06,bristol_bay,red_king_crab,2006,male,99,0,0,0,212,0,0,0,0,212
TR06,bristol_bay,red_king_crab,2006,male,100,0,0,0,199,1,0,0,0,200
TR06,bristol_bay,red_king_crab,2006,male,101,0,0,0,192,0,0,0,2,194
TR06,bristol_bay,red_king_crab,2006,male,102,0,0,0,232,3,0,0,4,239
TR06,bristol_bay,red_king_crab,2006,male,103,0,0,0,234,1,0,0,1,236
TR06,bristol_bay,red_king_crab,2006,male,104,0,0,0,258,0,2,0,0,260
TR06,bristol_bay,red_king_crab,2006,male,105,0,0,0,261,1,0,0,0,262
TR06,bristol_bay,red_king_crab,2006,male,106,0,0,0,238,2,0,0,1,241
TR06,bristol_bay,red_king_crab,2006,male,107,0,0,0,265,2,0,0,1,268
TR06,bristol_bay,red_king_crab,2006,male,108,0,0,0,322,3,1,0,1,327
TR06,bristol_bay,red_king_crab,2006,male,109,0,0,0,367,2,0,0,2,371
TR06,bristol_bay,red_king_crab,2006,male,110,0,0,0,418,7,0,0,1,426
TR06,bristol_bay,red_king_crab,2006,male,111,0,0,0,416,2,1,0,1,420
TR06,bristol_bay,red_king_crab,2006,male,112,0,0,0,559,3,0,0,3,565
TR06,bristol_bay,red_king_crab,2006,male,113,0,0,0,441,0,0,0,2,443
TR06,bristol_bay,red_king_crab,2006,male,114,0,0,0,583,4,1,0,3,591
TR06,bristol_bay,red_king_crab,2006,male,115,0,0,0,541,6,2,0,0,549
TR06,bristol_bay,red_king_crab,2006,male,116,0,1,0,579,3,0,0,3,586
TR06,bristol_bay,red_king_crab,2006,male,117,0,0,0,555,5,1,0,3,564
TR06,bristol_bay,red_king_crab,2006,male,118,0,0,0,651,4,0,0,2,657
TR06,bristol_bay,red_king_crab,2006,male,119,0,1,0,647,7,1,0,6,662
TR06,bristol_bay,red_king_crab,2006,male,120,0,1,0,676,9,0,0,5,691
TR06,bristol_bay,red_king_crab,2006,male,121,0,0,0,676,8,0,0,5,689
TR06,bristol_bay,red_king_crab,2006,male,122,0,0,0,735,8,1,0,2,746
TR06,bristol_bay,red_king_crab,2006,male,123,0,0,0,779,9,0,0,5,793
TR06,bristol_bay,red_king_crab,2006,male,124,0,3,0,771,16,1,0,2,793
TR06,bristol_bay,red_king_crab,2006,male,125,0,0,0,759,11,1,0,2,773
TR06,bristol_bay,red_king_crab,2006,male,126,0,0,0,856,27,1,0,3,887
TR06,bristol_bay,red_king_crab,2006,male,127,0,2,0,871,16,0,0,1,890
TR06,bristol_bay,red_king_crab,2006,male,128,0,0,0,904,22,5,0,2,933
TR06,bristol_bay,red_king_crab,2006,male,129,0,0,0,971,25,3,0,1,1000
TR06,bristol_bay,red_king_crab,2006,male,130,0,0,0,1079,32,2,0,1,1114
TR06,bristol_bay,red_king_crab,2006,male,131,0,0,0,952,31,2,0,4,989
TR06,bristol_bay,red_king_crab,2006,male,132,0,0,0,1221,41,2,0,1,1265
TR06,bristol_bay,red_king_crab,2006,male,133,0,1,0,1175,47,3,0,3,1229
TR06,bristol_bay,red_king_crab,2006,male,134,0,1,0,1331,41,3,0,3,1379
TR06,bristol_bay,red_king_crab,2006,male,135,0,0,0,1318,47,5,0,3,1373
TR06,bristol_bay,red_king_crab,2006,male,136,0,0,0,1412,49,4,0,2,1467
TR06,bristol_bay,red_king_crab,2006,male,137,0,0,1,1350,59,7,0,0,1417
TR06,bristol_bay,red_king_crab,2006,male,138,0,1,0,1375,61,4,0,3,1444
TR06,bristol_bay,red_king_crab,2006,male,139,0,0,0,1414,65,3,0,1,1483
TR06,bristol_bay,red_king_crab,2006,male,140,0,1,0,1586,76,5,0,2,1670
TR06,bristol_bay,red_king_crab,2006,male,141,0,0,0,1473,71,4,0,3,1551
TR06,bristol_bay,red_king_crab,2006,male,142,0,1,0,1600,82,9,0,1,1693
TR06,bristol_bay,red_king_crab,2006,male,143,0,0,0,1765,85,4,0,3,1857
TR06,bristol_bay,red_king_crab,2006,male,144,0,0,0,1576,88,13,0,4,1681
TR06,bristol_bay,red_king_crab,2006,male,145,0,0,0,1832,94,11,0,2,1939
TR06,bristol_bay,red_king_crab,2006,male,146,0,0,0,1659,85,14,0,2,1760
TR06,bristol_bay,red_king_crab,2006,male,147,0,1,0,1612,97,11,0,0,1721
TR06,bristol_bay,red_king_crab,2006,male,148,0,0,0,1582,93,10,0,3,1688
TR06,bristol_bay,red_king_crab,2006,male,149,0,0,0,1535,78,8,0,3,1624
TR06,bristol_bay,red_king_crab,2006,male,150,0,1,0,1714,120,10,0,4,1849
TR06,bristol_bay,red_king_crab,2006,male,151,0,0,0,1523,91,6,0,1,1621
TR06,bristol_bay,red_king_crab,2006,male,152,0,1,1,1613,116,11,0,0,1742
TR06,bristol_bay,red_king_crab,2006,male,153,0,0,0,1496,93,9,0,1,1599
TR06,bristol_bay,red_king_crab,2006,male,154,0,1,1,1336,114,21,0,2,1475
TR06,bristol_bay,red_king_crab,2006,male,155,0,0,0,1254,84,16,0,1,1355
TR06,bristol_bay,red_king_crab,2006,male,156,0,0,0,1212,113,20,0,4,1349
TR06,bristol_bay,red_king_crab,2006,male,157,0,1,0,1059,107,18,0,2,1187
TR06,bristol_bay,red_king_crab,2006,male,158,0,0,0,931,105,17,0,3,1056
TR06,bristol_bay,red_king_crab,2006,male,159,0,0,0,850,88,23,0,4,965
TR06,bristol_bay,red_king_crab,2006,male,160,0,0,0,864,115,12,0,0,991
TR06,bristol_bay,red_king_crab,2006,male,161,0,1,0,672,98,22,0,0,793
TR06,bristol_bay,red_king_crab,2006,male,162,0,0,0,688,81,15,0,0,784
TR06,bristol_bay,red_king_crab,2006,male,163,0,0,0,655,86,20,0,0,761
TR06,bristol_bay,red_king_crab,2006,male,164,0,0,0,570,73,17,0,0,660
TR06,bristol_bay,red_king_crab,2006,male,165,0,0,0,512,61,15,0,0,588
TR06,bristol_bay,red_king_crab,2006,male,166,0,0,0,451,61,14,0,0,526
TR06,bristol_bay,red_king_crab,2006,male,167,0,0,0,391,58,17,0,0,466
TR06,bristol_bay,red_king_crab,2006,male,168,0,0,0,390,45,18,0,2,455
TR06,bristol_bay,red_king_crab,2006,male,169,0,0,0,306,39,14,0,0,359
TR06,bristol_bay,red_king_crab,2006,male,170,0,0,0,266,54,14,0,0,334
TR06,bristol_bay,red_king_crab,2006,male,171,0,0,0,231,27,9,0,0,267
TR06,bristol_bay,red_king_crab,2006,male,172,0,0,0,217,30,6,0,0,253
TR06,bristol_bay,red_king_crab,2006,male,173,0,0,0,173,18,9,0,0,200
TR06,bristol_bay,red_king_crab,2006,male,174,0,0,0,155,25,4,0,0,184
TR06,bristol_bay,red_king_crab,2006,male,175,0,0,1,138,17,4,0,1,161
TR06,bristol_bay,red_king_crab,2006,male,176,0,0,0,102,20,3,0,0,125
TR06,bristol_bay,red_king_crab,2006,male,177,0,0,0,75,13,3,0,0,91
TR06,bristol_bay,red_king_crab,2006,male,178,0,0,0,61,9,2,0,0,72
TR06,bristol_bay,red_king_crab,2006,male,179,0,0,0,62,4,1,0,0,67
TR06,bristol_bay,red_king_crab,2006,male,180,0,0,0,49,6,1,0,0,56
TR06,bristol_bay,red_king_crab,2006,male,181,0,0,0,26,4,2,0,0,32
TR06,bristol_bay,red_king_crab,2006,male,182,0,0,0,20,4,1,0,0,25
TR06,bristol_bay,red_king_crab,2006,male,183,0,0,0,11,3,1,0,0,15
TR06,bristol_bay,red_king_crab,2006,male,184,0,0,0,14,0,0,0,0,14
TR06,bristol_bay,red_king_crab,2006,male,185,0,0,0,19,2,0,0,0,21
TR06,bristol_bay,red_king_crab,2006,male,186,0,0,0,11,2,0,0,0,13
TR06,bristol_bay,red_king_crab,2006,male,187,0,0,0,4,3,1,0,0,8
TR06,bristol_bay,red_king_crab,2006,male,188,0,0,0,4,1,0,0,0,5
TR06,bristol_bay,red_king_crab,2006,male,189,0,0,0,2,0,1,0,0,3
TR06,bristol_bay,red_king_crab,2006,male,190,0,0,0,3,2,0,0,0,5
TR06,bristol_bay,red_king_crab,2006,male,191,0,0,0,2,0,0,0,0,2
TR06,bristol_bay,red_king_crab,2006,male,193,0,0,0,1,1,0,0,0,2
TR06,bristol_bay,red_king_crab,2006,male,195,0,0,0,2,0,0,0,0,2
TR06,bristol_bay,red_king_crab,2006,male,196,0,0,0,2,0,2,0,0,4
TR06,bristol_bay,red_king_crab,2006,male,197,0,0,0,0,1,0,0,0,1
TR06,bristol_bay,red_king_crab,2006,female,61,0,0,0,1,0,0,0,0,1
TR06,bristol_bay,red_king_crab,2006,female,63,0,0,0,1,0,0,0,0,1
TR06,bristol_bay,red_king_crab,2006,female,68,0,0,0,1,0,0,0,0,1
TR06,bristol_bay,red_king_crab,2006,female,71,0,0,0,3,0,0,0,0,3
TR06,bristol_bay,red_king_crab,2006,female,72,0,0,0,4,0,0,0,0,4
TR06,bristol_bay,red_king_crab,2006,female,73,0,0,0,2,0,0,0,0,2
TR06,bristol_bay,red_king_crab,2006,female,74,0,0,0,7,0,0,0,0,7
TR06,bristol_bay,red_king_crab,2006,female,75,0,0,0,9,0,0,0,0,9
TR06,bristol_bay,red_king_crab,2006,female,76,0,0,0,11,0,0,0,0,11
TR06,bristol_bay,red_king_crab,2006,female,77,0,0,0,16,0,0,0,0,16
TR06,bristol_bay,red_king_crab,2006,female,78,0,0,0,32,0,0,0,0,32
TR06,bristol_bay,red_king_crab,2006,female,79,0,0,0,34,0,0,0,0,34
TR06,bristol_bay,red_king_crab,2006,female,80,0,0,0,57,0,0,0,1,58
TR06,bristol_bay,red_king_crab,2006,female,81,0,0,0,74,0,0,0,0,74
TR06,bristol_bay,red_king_crab,2006,female,82,0,0,0,86,0,0,0,0,86
TR06,bristol_bay,red_king_crab,2006,female,83,0,0,0,117,0,0,0,0,117
TR06,bristol_bay,red_king_crab,2006,female,84,0,0,0,137,0,0,0,0,137
TR06,bristol_bay,red_king_crab,2006,female,85,0,0,0,116,0,0,0,0,116
TR06,bristol_bay,red_king_crab,2006,female,86,0,0,0,162,1,0,0,0,163
TR06,bristol_bay,red_king_crab,2006,female,87,0,0,0,165,0,0,0,0,165
TR06,bristol_bay,red_king_crab,2006,female,88,0,0,0,163,0,0,0,1,164
TR06,bristol_bay,red_king_crab,2006,female,89,0,0,0,165,1,0,0,0,166
TR06,bristol_bay,red_king_crab,2006,female,90,0,0,0,146,0,0,0,0,146
TR06,bristol_bay,red_king_crab,2006,female,91,0,0,0,163,0,0,0,0,163
TR06,bristol_bay,red_king_crab,2006,female,92,0,0,0,144,0,0,0,0,144
TR06,bristol_bay,red_king_crab,2006,female,93,0,0,0,115,0,0,0,0,115
TR06,bristol_bay,red_king_crab,2006,female,94,0,0,0,76,0,0,0,1,77
TR06,bristol_bay,red_king_crab,2006,female,95,0,0,0,65,0,0,0,1,66
TR06,bristol_bay,red_king_crab,2006,female,96,0,0,0,70,1,0,0,0,71
TR06,bristol_bay,red_king_crab,2006,female,97,0,0,0,54,0,0,0,0,54
TR06,bristol_bay,red_king_crab,2006,female,98,0,0,0,48,1,0,0,0,49
TR06,bristol_bay,red_king_crab,2006,female,99,0,1,0,34,1,0,0,0,36
TR06,bristol_bay,red_king_crab,2006,female,100,0,0,0,34,0,0,0,0,34
TR06,bristol_bay,red_king_crab,2006,female,101,0,0,0,36,0,0,0,0,36
TR06,bristol_bay,red_king_crab,2006,female,102,0,0,0,49,0,0,0,0,49
TR06,bristol_bay,red_king_crab,2006,female,103,0,0,0,42,0,0,0,0,42
TR06,bristol_bay,red_king_crab,2006,female,104,0,0,0,45,0,0,0,1,46
TR06,bristol_bay,red_king_crab,2006,female,105,0,0,0,44,0,0,0,0,44
TR06,bristol_bay,red_king_crab,2006,female,106,0,0,0,54,0,0,0,0,54
TR06,bristol_bay,red_king_crab,2006,female,107,0,0,0,54,0,0,0,0,54
TR06,bristol_bay,red_king_crab,2006,female,108,0,0,0,59,0,1,0,0,60
TR06,bristol_bay,red_king_crab,2006,female,109,0,0,0,56,0,0,0,0,56
TR06,bristol_bay,red_king_crab,2006,female,110,0,0,0,55,1,0,0,0,56
TR06,bristol_bay,red_king_crab,2006,female,111,0,0,0,55,1,0,0,0,56
TR06,bristol_bay,red_king_crab,2006,female,112,0,0,0,64,0,0,0,0,64
TR06,bristol_bay,red_king_crab,2006,female,113,0,0,0,49,0,0,0,0,49
TR06,bristol_bay,red_king_crab,2006,female,114,0,0,0,56,0,0,0,0,56
TR06,bristol_bay,red_king_crab,2006,female,115,0,0,0,52,0,0,0,0,52
TR06,bristol_bay,red_king_crab,2006,female,116,0,0,0,53,0,0,0,0,53
TR06,bristol_bay,red_king_crab,2006,female,117,0,0,0,46,0,1,0,0,47
TR06,bristol_bay,red_king_crab,2006,female,118,0,0,0,34,1,0,0,0,35
TR06,bristol_bay,red_king_crab,2006,female,119,0,1,0,41,0,0,0,1,43
TR06,bristol_bay,red_king_crab,2006,female,120,0,0,0,33,0,0,0,0,33
TR06,bristol_bay,red_king_crab,2006,female,121,0,0,0,25,0,0,0,0,25
TR06,bristol_bay,red_king_crab,2006,female,122,0,0,0,32,0,0,0,1,33
TR06,bristol_bay,red_king_crab,2006,female,123,0,0,0,34,2,0,0,0,36
TR06,bristol_bay,red_king_crab,2006,female,124,0,1,0,32,1,0,0,0,34
TR06,bristol_bay,red_king_crab,2006,female,125,0,0,0,31,0,0,0,0,31
TR06,bristol_bay,red_king_crab,2006,female,126,0,0,0,28,0,0,0,0,28
TR06,bristol_bay,red_king_crab,2006,female,127,0,0,0,28,0,0,0,0,28
TR06,bristol_bay,red_king_crab,2006,female,128,0,0,0,22,0,1,0,0,23
TR06,bristol_bay,red_king_crab,2006,female,129,0,1,0,31,0,1,0,0,33
TR06,bristol_bay,red_king_crab,2006,female,130,0,0,0,23,1,0,0,0,24
TR06,bristol_bay,red_king_crab,2006,female,131,0,0,0,27,0,0,0,0,27
TR06,bristol_bay,red_king_crab,2006,female,132,0,0,0,23,2,0,0,1,26
TR06,bristol_bay,red_king_crab,2006,female,133,0,0,0,29,0,0,0,0,29
TR06,bristol_bay,red_king_crab,2006,female,134,0,0,0,22,1,0,0,0,23
TR06,bristol_bay,red_king_crab,2006,female,135,0,0,0,26,1,0,0,0,27
TR06,bristol_bay,red_king_crab,2006,female,136,0,0,0,21,1,0,0,0,22
TR06,bristol_bay,red_king_crab,2006,female,137,0,0,0,23,1,0,0,0,24
TR06,bristol_bay,red_king_crab,2006,female,138,0,0,0,15,1,0,0,0,16
TR06,bristol_bay,red_king_crab,2006,female,139,0,0,0,12,1,0,0,0,13
TR06,bristol_bay,red_king_crab,2006,female,140,0,0,0,26,0,0,0,1,27
TR06,bristol_bay,red_king_crab,2006,female,141,0,0,0,16,0,0,0,0,16
TR06,bristol_bay,red_king_crab,2006,female,142,0,0,0,11,1,0,0,0,12
TR06,bristol_bay,red_king_crab,2006,female,143,0,0,0,11,0,0,0,0,11
TR06,bristol_bay,red_king_crab,2006,female,144,0,0,0,8,1,1,0,0,10
TR06,bristol_bay,red_king_crab,2006,female,145,0,0,0,9,1,0,0,0,10
TR06,bristol_bay,red_king_crab,2006,female,146,0,0,0,13,0,0,0,0,13
TR06,bristol_bay,red_king_crab,2006,female,147,0,0,0,7,0,0,0,0,7
TR06,bristol_bay,red_king_crab,2006,female,148,0,1,0,20,0,0,0,0,21
TR06,bristol_bay,red_king_crab,2006,female,149,0,1,0,5,0,0,0,1,7
TR06,bristol_bay,red_king_crab,2006,female,150,0,0,0,5,1,0,0,0,6
TR06,bristol_bay,red_king_crab,2006,female,151,0,0,0,6,0,0,0,0,6
TR06,bristol_bay,red_king_crab,2006,female,152,0,1,0,7,0,0,0,0,8
TR06,bristol_bay,red_king_crab,2006,female,153,0,0,0,6,0,0,0,0,6
TR06,bristol_bay,red_king_crab,2006,female,154,0,0,0,6,0,0,0,0,6
TR06,bristol_bay,red_king_crab,2006,female,156,0,0,0,6,0,0,0,0,6
TR06,bristol_bay,red_king_crab,2006,female,157,0,0,0,2,0,0,0,0,2
TR06,bristol_bay,red_king_crab,2006,female,158,0,0,0,2,0,0,0,0,2
TR06,bristol_bay,red_king_crab,2006,female,159,0,0,0,3,0,0,0,0,3
TR06,bristol_bay,red_king_crab,2006,female,161,0,0,0,1,0,0,0,1,2
TR06,bristol_bay,red_king_crab,2006,female,163,0,0,0,1,0,0,0,0,1
TR06,bristol_bay,red_king_crab,2006,female,165,0,0,0,1,0,0,0,0,1
TR06,bristol_bay,red_king_crab,2006,female,166,0,0,0,1,0,0,0,0,1
TR07,bristol_bay,red_king_crab,2007,male,58,0,0,0,1,0,0,0,0,1
TR07,bristol_bay,red_king_crab,2007,male,60,0,0,0,2,0,0,0,0,2
TR07,bristol_bay,red_king_crab,2007,male,61,0,0,0,1,0,0,0,0,1
TR07,bristol_bay,red_king_crab,2007,male,62,0,0,0,5,0,0,0,0,5
TR07,bristol_bay,red_king_crab,2007,male,63,0,0,0,6,0,0,0,0,6
TR07,bristol_bay,red_king_crab,2007,male,64,0,0,0,4,0,0,0,0,4
TR07,bristol_bay,red_king_crab,2007,male,65,0,0,0,10,0,0,0,0,10
TR07,bristol_bay,red_king_crab,2007,male,66,0,0,0,11,0,0,0,0,11
TR07,bristol_bay,red_king_crab,2007,male,67,0,0,0,7,0,0,0,0,7
TR07,bristol_bay,red_king_crab,2007,male,68,0,0,0,18,0,0,0,0,18
TR07,bristol_bay,red_king_crab,2007,male,69,0,0,0,26,0,0,0,0,26
TR07,bristol_bay,red_king_crab,2007,male,70,0,0,0,30,0,0,0,0,30
TR07,bristol_bay,red_king_crab,2007,male,71,0,0,0,49,0,0,0,0,49
TR07,bristol_bay,red_king_crab,2007,male,72,0,0,0,54,0,0,0,0,54
TR07,bristol_bay,red_king_crab,2007,male,73,0,0,0,51,0,0,0,0,51
TR07,bristol_bay,red_king_crab,2007,male,74,0,0,0,60,0,0,0,0,60
TR07,bristol_bay,red_king_crab,2007,male,75,0,0,0,67,0,0,0,0,67
TR07,bristol_bay,red_king_crab,2007,male,76,0,0,0,73,0,0,0,0,73
TR07,bristol_bay,red_king_crab,2007,male,77,0,0,0,67,0,0,0,0,67
TR07,bristol_bay,red_king_crab,2007,male,78,0,0,0,90,0,0,0,0,90
TR07,bristol_bay,red_king_crab,2007,male,79,0,0,0,101,0,0,0,0,101
TR07,bristol_bay,red_king_crab,2007,male,80,0,0,0,112,0,0,0,0,112
TR07,bristol_bay,red_king_crab,2007,male,81,0,0,0,116,0,0,0,0,116
TR07,bristol_bay,red_king_crab,2007,male,82,0,0,0,96,0,0,0,2,98
TR07,bristol_bay,red_king_crab,2007,male,83,0,0,0,117,0,0,0,0,117
TR07,bristol_bay,red_king_crab,2007,male,84,0,0,0,144,0,0,0,0,144
TR07,bristol_bay,red_king_crab,2007,male,85,0,0,0,149,0,0,0,0,149
TR07,bristol_bay,red_king_crab,2007,male,86,0,0,0,181,0,0,0,0,181
TR07,bristol_bay,red_king_crab,2007,male,87,0,0,0,174,0,0,0,0,174
TR07,bristol_bay,red_king_crab,2007,male,88,0,0,1,215,1,0,0,0,217
TR07,bristol_bay,red_king_crab,2007,male,89,0,0,0,302,0,0,0,3,305
TR07,bristol_bay,red_king_crab,2007,male,90,0,0,0,320,0,0,0,2,322
TR07,bristol_bay,red_king_crab,2007,male,91,0,0,0,385,1,0,0,0,386
TR07,bristol_bay,red_king_crab,2007,male,92,0,0,0,471,0,0,0,0,471
TR07,bristol_bay,red_king_crab,2007,male,93,0,0,0,462,0,0,0,3,465
TR07,bristol_bay,red_king_crab,2007,male,94,0,0,0,555,2,0,0,6,563
TR07,bristol_bay,red_king_crab,2007,male,95,0,0,0,739,1,0,0,1,741
TR07,bristol_bay,red_king_crab,2007,male,96,0,0,0,660,1,0,0,3,664
TR07,bristol_bay,red_king_crab,2007,male,97,0,0,0,724,2,0,0,2,728
TR07,bristol_bay,red_king_crab,2007,male,98,0,1,0,868,5,0,0,3,877
TR07,bristol_bay,red_king_crab,2007,male,99,0,1,0,911,6,1,0,3,922
TR07,bristol_bay,red_king_crab,2007,male,100,0,0,0,985,1,0,0,2,988
TR07,bristol_bay,red_king_crab,2007,male,101,0,0,0,964,4,0,0,6,974
TR07,bristol_bay,red_king_crab,2007,male,102,0,0,0,1052,0,0,0,5,1057
TR07,bristol_bay,red_king_crab,2007,male,103,0,0,0,1048,1,0,0,5,1054
TR07,bristol_bay,red_king_crab,2007,male,104,0,0,1,994,6,0,0,3,1004
TR07,bristol_bay,red_king_crab,2007,male,105,0,0,0,1220,4,0,0,5,1229
TR07,bristol_bay,red_king_crab,2007,male,106,0,0,0,1068,4,0,0,1,1073
TR07,bristol_bay,red_king_crab,2007,male,107,0,0,0,900,8,0,0,2,910
TR07,bristol_bay,red_king_crab,2007,male,108,0,0,0,1132,5,0,0,2,1139
TR07,bristol_bay,red_king_crab,2007,male,109,0,0,0,1151,4,0,0,1,1156
TR07,bristol_bay,red_king_crab,2007,male,110,0,0,0,1094,15,2,0,2,1113
TR07,bristol_bay,red_king_crab,2007,male,111,0,0,0,952,3,0,0,2,957
TR07,bristol_bay,red_king_crab,2007,male,112,0,0,0,1032,22,1,0,4,1059
TR07,bristol_bay,red_king_crab,2007,male,113,0,0,0,983,13,0,0,1,997
TR07,bristol_bay,red_king_crab,2007,male,114,0,0,0,940,13,0,0,2,955
TR07,bristol_bay,red_king_crab,2007,male,115,0,0,0,1095,18,0,0,2,1115
TR07,bristol_bay,red_king_crab,2007,male,116,0,0,0,855,26,0,0,0,881
TR07,bristol_bay,red_king_crab,2007,male,117,0,0,1,799,22,2,0,0,824
TR07,bristol_bay,red_king_crab,2007,male,118,0,0,0,1022,35,0,0,1,1058
TR07,bristol_bay,red_king_crab,2007,male,119,0,0,2,959,38,0,0,1,1000
TR07,bristol_bay,red_king_crab,2007,male,120,0,0,0,1085,53,1,0,4,1143
TR07,bristol_bay,red_king_crab,2007,male,121,0,1,1,958,58,0,0,4,1022
TR07,bristol_bay,red_king_crab,2007,male,122,0,0,0,1155,80,0,0,2,1237
TR07,bristol_bay,red_king_crab,2007,male,123,0,0,0,1184,76,0,0,1,1261
TR07,bristol_bay,red_king_crab,2007,male,124,0,0,1,1141,108,1,0,3,1254
TR07,bristol_bay,red_king_crab,2007,male,125,0,0,0,1341,109,0,0,2,1452
TR07,bristol_bay,red_king_crab,2007,male,126,0,0,1,1358,119,0,0,2,1480
TR07,bristol_bay,red_king_crab,2007,male,127,0,1,1,1263,131,1,0,2,1399
TR07,bristol_bay,red_king_crab,2007,male,128,0,0,0,1544,162,1,0,4,1711
TR07,bristol_bay,red_king_crab,2007,male,129,0,0,1,1579,176,3,0,3,1762
TR07,bristol_bay,red_king_crab,2007,male,130,0,0,3,1855,223,3,0,4,2088
TR07,bristol_bay,red_king_crab,2007,male,131,0,0,1,1608,228,3,0,3,1843
TR07,bristol_bay,red_king_crab,2007,male,132,0,0,0,1914,292,3,0,3,2212
TR07,bristol_bay,red_king_crab,2007,male,133,0,0,2,1787,333,1,0,2,2125
TR07,bristol_bay,red_king_crab,2007,male,134,0,0,2,1794,304,3,0,7,2110
TR07,bristol_bay,red_king_crab,2007,male,135,0,0,2,2060,367,3,0,1,2433
TR07,bristol_bay,red_king_crab,2007,male,136,0,0,5,1760,351,6,0,1,2123
TR07,bristol_bay,red_king_crab,2007,male,137,0,0,5,1701,383,5,0,5,2099
TR07,bristol_bay,red_king_crab,2007,male,138,0,0,0,1799,431,7,0,5,2242
TR07,bristol_bay,red_king_crab,2007,male,139,0,0,3,1644,445,4,0,0,2096
TR07,bristol_bay,red_king_crab,2007,male,140,0,0,2,1949,528,12,0,1,2492
TR07,bristol_bay,red_king_crab,2007,male,141,0,0,1,1657,433,4,0,1,2096
TR07,bristol_bay,red_king_crab,2007,male,142,0,1,7,1837,514,5,0,0,2364
TR07,bristol_bay,red_king_crab,2007,male,143,0,0,3,1673,600,14,0,0,2290
TR07,bristol_bay,red_king_crab,2007,male,144,0,0,3,1470,521,19,0,0,2013
TR07,bristol_bay,red_king_crab,2007,male,145,0,0,2,1836,610,16,0,1,2465
TR07,bristol_bay,red_king_crab,2007,male,146,0,0,1,1445,521,12,0,1,1980
TR07,bristol_bay,red_king_crab,2007,male,147,0,0,1,1375,577,18,0,0,1971
TR07,bristol_bay,red_king_crab,2007,male,148,0,0,2,1556,588,14,0,0,2160
TR07,bristol_bay,red_king_crab,2007,male,149,0,1,3,1564,566,16,0,2,2152
TR07,bristol_bay,red_king_crab,2007,male,150,0,0,2,1641,661,21,0,0,2325
TR07,bristol_bay,red_king_crab,2007,male,151,0,0,1,1430,569,30,0,1,2031
TR07,bristol_bay,red_king_crab,2007,male,152,0,0,0,1547,634,29,0,0,2210
TR07,bristol_bay,red_king_crab,2007,male,153,0,0,6,1518,588,22,0,0,2134
TR07,bristol_bay,red_king_crab,2007,male,154,0,0,4,1244,509,22,0,0,1779
TR07,bristol_bay,red_king_crab,2007,male,155,0,0,4,1434,513,43,0,1,1995
TR07,bristol_bay,red_king_crab,2007,male,156,0,0,4,1123,468,25,0,0,1620
TR07,bristol_bay,red_king_crab,2007,male,157,0,0,4,1033,410,22,0,1,1470
TR07,bristol_bay,red_king_crab,2007,male,158,0,0,1,1093,444,26,0,0,1564
TR07,bristol_bay,red_king_crab,2007,male,159,0,0,5,964,353,23,0,1,1346
TR07,bristol_bay,red_king_crab,2007,male,160,0,0,2,960,410,22,0,0,1394
TR07,bristol_bay,red_king_crab,2007,male,161,0,0,3,765,298,22,0,0,1088
TR07,bristol_bay,red_king_crab,2007,male,162,0,0,6,798,316,18,0,0,1138
TR07,bristol_bay,red_king_crab,2007,male,163,0,0,1,782,300,22,0,0,1105
TR07,bristol_bay,red_king_crab,2007,male,164,0,0,4,578,233,27,0,0,842
TR07,bristol_bay,red_king_crab,2007,male,165,0,0,3,626,245,28,0,0,902
TR07,bristol_bay,red_king_crab,2007,male,166,0,0,4,437,158,12,0,0,611
TR07,bristol_bay,red_king_crab,2007,male,167,0,0,1,365,173,19,0,0,558
TR07,bristol_bay,red_king_crab,2007,male,168,0,0,0,397,194,16,0,0,607
TR07,bristol_bay,red_king_crab,2007,male,169,0,0,2,300,131,16,0,0,449
TR07,bristol_bay,red_king_crab,2007,male,170,0,0,0,292,142,15,0,0,449
TR07,bristol_bay,red_king_crab,2007,male,171,0,0,0,182,113,13,0,0,308
TR07,bristol_bay,red_king_crab,2007,male,172,0,0,1,197,117,17,0,0,332
TR07,bristol_bay,red_king_crab,2007,male,173,0,0,0,126,67,10,0,0,203
TR07,bristol_bay,red_king_crab,2007,male,174,0,0,0,118,67,12,0,0,197
TR07,bristol_bay,red_king_crab,2007,male,175,0,0,3,101,77,1,0,0,182
TR07,bristol_bay,red_king_crab,2007,male,176,0,0,0,62,53,1,0,0,116
TR07,bristol_bay,red_king_crab,2007,male,177,0,0,1,39,35,1,0,0,76
TR07,bristol_bay,red_king_crab,2007,male,178,0,0,0,37,32,9,0,0,78
TR07,bristol_bay,red_king_crab,2007,male,179,0,0,1,34,32,3,0,0,70
TR07,bristol_bay,red_king_crab,2007,male,180,0,0,0,31,28,5,0,0,64
TR07,bristol_bay,red_king_crab,2007,male,181,0,0,0,21,18,5,0,0,44
TR07,bristol_bay,red_king_crab,2007,male,182,0,0,0,9,17,3,0,0,29
TR07,bristol_bay,red_king_crab,2007,male,183,0,0,1,14,12,2,0,0,29
TR07,bristol_bay,red_king_crab,2007,male,184,0,0,0,7,5,1,0,0,13
TR07,bristol_bay,red_king_crab,2007,male,185,0,0,0,4,10,3,0,0,17
TR07,bristol_bay,red_king_crab,2007,male,186,0,0,0,7,3,1,0,0,11
TR07,bristol_bay,red_king_crab,2007,male,187,0,0,0,2,3,0,0,0,5
TR07,bristol_bay,red_king_crab,2007,male,188,0,0,0,0,3,0,0,0,3
TR07,bristol_bay,red_king_crab,2007,male,189,0,0,0,3,0,1,0,0,4
TR07,bristol_bay,red_king_crab,2007,male,190,0,0,0,3,2,1,0,0,6
TR07,bristol_bay,red_king_crab,2007,male,191,0,0,0,2,1,0,0,0,3
TR07,bristol_bay,red_king_crab,2007,male,192,0,0,0,1,1,1,0,0,3
TR07,bristol_bay,red_king_crab,2007,male,193,0,0,0,1,0,0,0,0,1
TR07,bristol_bay,red_king_crab,2007,male,194,0,0,0,0,0,1,0,0,1
TR07,bristol_bay,red_king_crab,2007,male,195,0,0,0,0,2,0,0,0,2
TR07,bristol_bay,red_king_crab,2007,male,196,0,0,0,1,1,1,0,0,3
TR07,bristol_bay,red_king_crab,2007,male,197,0,0,0,0,1,0,0,0,1
TR07,bristol_bay,red_king_crab,2007,male,198,0,0,0,0,1,1,0,0,2
TR07,bristol_bay,red_king_crab,2007,male,199,0,0,0,1,0,0,0,0,1
TR07,bristol_bay,red_king_crab,2007,male,200,0,0,0,1,0,0,0,0,1
TR07,bristol_bay,red_king_crab,2007,male,202,0,0,0,0,0,1,0,0,1
TR07,bristol_bay,red_king_crab,2007,female,58,0,0,0,1,0,0,0,0,1
TR07,bristol_bay,red_king_crab,2007,female,59,0,0,0,1,0,0,0,0,1
TR07,bristol_bay,red_king_crab,2007,female,60,0,0,0,1,0,0,0,0,1
TR07,bristol_bay,red_king_crab,2007,female,61,0,0,0,1,0,0,0,0,1
TR07,bristol_bay,red_king_crab,2007,female,62,0,0,0,1,0,0,0,0,1
TR07,bristol_bay,red_king_crab,2007,female,63,0,0,0,1,0,0,0,0,1
TR07,bristol_bay,red_king_crab,2007,female,64,0,0,0,4,0,0,0,0,4
TR07,bristol_bay,red_king_crab,2007,female,65,0,0,0,3,0,0,0,0,3
TR07,bristol_bay,red_king_crab,2007,female,66,0,0,0,6,0,0,0,0,6
TR07,bristol_bay,red_king_crab,2007,female,67,0,0,0,8,0,0,0,0,8
TR07,bristol_bay,red_king_crab,2007,female,68,0,0,0,7,0,0,0,0,7
TR07,bristol_bay,red_king_crab,2007,female,69,0,0,0,13,0,0,0,0,13
TR07,bristol_bay,red_king_crab,2007,female,70,0,0,0,16,0,0,0,0,16
TR07,bristol_bay,red_king_crab,2007,female,71,0,0,0,35,0,0,0,0,35
TR07,bristol_bay,red_king_crab,2007,female,72,0,0,0,29,0,0,0,0,29
TR07,bristol_bay,red_king_crab,2007,female,73,0,0,0,31,0,0,0,0,31
TR07,bristol_bay,red_king_crab,2007,female,74,0,0,0,46,0,0,0,1,47
TR07,bristol_bay,red_king_crab,2007,female,75,0,0,0,50,0,0,0,0,50
TR07,bristol_bay,red_king_crab,2007,female,76,0,0,0,48,0,0,0,0,48
TR07,bristol_bay,red_king_crab,2007,female,77,0,0,0,48,0,0,0,0,48
TR07,bristol_bay,red_king_crab,2007,female,78,0,0,0,63,0,0,0,0,63
TR07,bristol_bay,red_king_crab,2007,female,79,0,0,0,63,0,0,0,0,63
TR07,bristol_bay,red_king_crab,2007,female,80,0,0,0,50,0,0,0,1,51
TR07,bristol_bay,red_king_crab,2007,female,81,0,0,0,59,0,0,0,0,59
TR07,bristol_bay,red_king_crab,2007,female,82,0,0,0,57,0,0,0,0,57
TR07,bristol_bay,red_king_crab,2007,female,83,0,0,0,62,0,0,0,0,62
TR07,bristol_bay,red_king_crab,2007,female,84,0,0,0,69,0,0,0,0,69
TR07,bristol_bay,red_king_crab,2007,female,85,0,0,0,85,0,0,0,0,85
TR07,bristol_bay,red_king_crab,2007,female,86,0,0,0,99,0,0,0,1,100
TR07,bristol_bay,red_king_crab,2007,female,87,0,0,0,103,0,0,0,0,103
TR07,bristol_bay,red_king_crab,2007,female,88,0,0,0,141,0,0,0,0,141
TR07,bristol_bay,red_king_crab,2007,female,89,0,0,0,156,0,0,0,0,156
TR07,bristol_bay,red_king_crab,2007,female,90,0,0,0,166,0,0,0,1,167
TR07,bristol_bay,red_king_crab,2007,female,91,0,0,0,199,0,0,0,1,200
TR07,bristol_bay,red_king_crab,2007,female,92,0,0,0,244,0,0,0,0,244
TR07,bristol_bay,red_king_crab,2007,female,93,0,1,0,238,0,0,0,1,240
TR07,bristol_bay,red_king_crab,2007,female,94,0,0,0,273,0,0,0,1,274
TR07,bristol_bay,red_king_crab,2007,female,95,0,0,0,308,0,0,0,1,309
TR07,bristol_bay,red_king_crab,2007,female,96,0,0,0,284,1,0,0,3,288
TR07,bristol_bay,red_king_crab,2007,female,97,0,0,0,263,2,0,0,1,266
TR07,bristol_bay,red_king_crab,2007,female,98,0,0,2,306,1,0,0,0,309
TR07,bristol_bay,red_king_crab,2007,female,99,0,0,0,241,1,0,0,2,244
TR07,bristol_bay,red_king_crab,2007,female,100,0,0,0,278,0,0,0,3,281
TR07,bristol_bay,red_king_crab,2007,female,101,0,1,0,206,2,0,0,0,209
TR07,bristol_bay,red_king_crab,2007,female,102,0,0,0,214,2,0,0,0,216
TR07,bristol_bay,red_king_crab,2007,female,103,0,0,0,186,1,0,0,1,188
TR07,bristol_bay,red_king_crab,2007,female,104,0,0,0,160,2,0,0,0,162
TR07,bristol_bay,red_king_crab,2007,female,105,0,0,0,161,0,1,0,1,163
TR07,bristol_bay,red_king_crab,2007,female,106,0,0,0,126,2,0,0,0,128
TR07,bristol_bay,red_king_crab,2007,female,107,0,0,0,123,0,1,0,1,125
TR07,bristol_bay,red_king_crab,2007,female,108,0,0,0,145,2,0,0,0,147
TR07,bristol_bay,red_king_crab,2007,female,109,0,0,0,138,3,0,0,2,143
TR07,bristol_bay,red_king_crab,2007,female,110,0,0,0,172,2,0,0,1,175
TR07,bristol_bay,red_king_crab,2007,female,111,0,0,0,139,1,0,0,0,140
TR07,bristol_bay,red_king_crab,2007,female,112,0,0,0,209,2,0,0,0,211
TR07,bristol_bay,red_king_crab,2007,female,113,0,0,0,213,3,0,0,1,217
TR07,bristol_bay,red_king_crab,2007,female,114,0,0,0,194,1,0,0,0,195
TR07,bristol_bay,red_king_crab,2007,female,115,0,0,0,272,3,0,0,0,275
TR07,bristol_bay,red_king_crab,2007,female,116,0,0,0,205,1,1,0,1,208
TR07,bristol_bay,red_king_crab,2007,female,117,0,0,1,207,0,0,0,0,208
TR07,bristol_bay,red_king_crab,2007,female,118,0,0,0,282,3,0,0,0,285
TR07,bristol_bay,red_king_crab,2007,female,119,0,0,1,294,4,0,0,0,299
TR07,bristol_bay,red_king_crab,2007,female,120,0,0,0,322,5,0,0,0,327
TR07,bristol_bay,red_king_crab,2007,female,121,0,0,0,273,5,0,0,0,278
TR07,bristol_bay,red_king_crab,2007,female,122,0,0,1,336,1,0,0,2,340
TR07,bristol_bay,red_king_crab,2007,female,123,0,0,0,248,1,0,0,0,249
TR07,bristol_bay,red_king_crab,2007,female,124,0,0,0,260,1,0,0,0,261
TR07,bristol_bay,red_king_crab,2007,female,125,0,0,1,294,4,0,0,1,300
TR07,bristol_bay,red_king_crab,2007,female,126,0,0,0,244,0,0,0,0,244
TR07,bristol_bay,red_king_crab,2007,female,127,0,0,0,183,3,1,0,0,187
TR07,bristol_bay,red_king_crab,2007,female,128,0,0,1,254,2,0,0,0,257
TR07,bristol_bay,red_king_crab,2007,female,129,0,0,0,201,7,0,0,0,208
TR07,bristol_bay,red_king_crab,2007,female,130,0,0,0,188,1,1,0,0,190
TR07,bristol_bay,red_king_crab,2007,female,131,0,0,0,163,1,0,0,0,164
TR07,bristol_bay,red_king_crab,2007,female,132,0,0,0,184,5,1,0,0,190
TR07,bristol_bay,red_king_crab,2007,female,133,0,0,0,187,6,1,0,0,194
TR07,bristol_bay,red_king_crab,2007,female,134,0,0,1,112,1,0,0,0,114
TR07,bristol_bay,red_king_crab,2007,female,135,0,0,1,156,2,0,0,0,159
TR07,bristol_bay,red_king_crab,2007,female,136,0,0,0,105,4,0,0,0,109
TR07,bristol_bay,red_king_crab,2007,female,137,0,0,0,87,2,0,0,0,89
TR07,bristol_bay,red_king_crab,2007,female,138,0,0,0,100,3,0,0,1,104
TR07,bristol_bay,red_king_crab,2007,female,139,0,0,0,89,4,1,0,0,94
TR07,bristol_bay,red_king_crab,2007,female,140,0,0,0,98,3,0,0,0,101
TR07,bristol_bay,red_king_crab,2007,female,141,0,0,1,83,2,0,0,0,86
TR07,bristol_bay,red_king_crab,2007,female,142,0,0,0,80,0,0,0,0,80
TR07,bristol_bay,red_king_crab,2007,female,143,0,0,0,89,0,0,0,0,89
TR07,bristol_bay,red_king_crab,2007,female,144,0,0,0,40,0,0,0,0,40
TR07,bristol_bay,red_king_crab,2007,female,145,0,0,0,59,1,1,0,0,61
TR07,bristol_bay,red_king_crab,2007,female,146,0,0,0,41,0,0,0,0,41
TR07,bristol_bay,red_king_crab,2007,female,147,0,0,0,39,0,0,0,0,39
TR07,bristol_bay,red_king_crab,2007,female,148,0,0,0,34,1,1,0,0,36
TR07,bristol_bay,red_king_crab,2007,female,149,0,0,0,27,1,0,0,0,28
TR07,bristol_bay,red_king_crab,2007,female,150,0,0,0,22,0,0,0,0,22
TR07,bristol_bay,red_king_crab,2007,female,151,0,0,0,14,0,0,0,0,14
TR07,bristol_bay,red_king_crab,2007,female,152,0,0,0,20,1,0,0,1,22
TR07,bristol_bay,red_king_crab,2007,female,153,0,0,1,19,0,0,0,0,20
TR07,bristol_bay,red_king_crab,2007,female,154,0,0,0,16,0,0,0,0,16
TR07,bristol_bay,red_king_crab,2007,female,155,0,0,0,10,2,1,0,0,13
TR07,bristol_bay,red_king_crab,2007,female,156,0,0,0,10,0,0,0,0,10
TR07,bristol_bay,red_king_crab,2007,female,157,0,0,0,2,0,0,0,0,2
TR07,bristol_bay,red_king_crab,2007,female,158,0,0,0,10,0,0,0,0,10
TR07,bristol_bay,red_king_crab,2007,female,159,0,0,0,7,0,0,0,0,7
TR07,bristol_bay,red_king_crab,2007,female,160,0,0,0,6,0,0,0,0,6
TR07,bristol_bay,red_king_crab,2007,female,161,0,0,0,3,0,0,0,0,3
TR07,bristol_bay,red_king_crab,2007,female,162,0,0,0,3,0,0,0,0,3
TR07,bristol_bay,red_king_crab,2007,female,163,0,0,0,3,0,0,0,0,3
TR07,bristol_bay,red_king_crab,2007,female,164,0,0,0,2,0,0,0,0,2
TR07,bristol_bay,red_king_crab,2007,female,165,0,0,0,2,0,0,0,0,2
TR07,bristol_bay,red_king_crab,2007,female,166,0,0,0,2,0,0,0,0,2
TR07,bristol_bay,red_king_crab,2007,female,167,0,0,0,2,0,0,0,0,2
TR07,bristol_bay,red_king_crab,2007,female,169,0,0,0,0,1,0,0,0,1
TR07,bristol_bay,red_king_crab,2007,female,170,0,0,0,2,0,0,0,0,2
TR07,bristol_bay,red_king_crab,2007,female,171,0,0,0,2,0,0,0,0,2
TR07,bristol_bay,red_king_crab,2007,female,173,0,0,0,1,0,0,0,0,1
TR07,bristol_bay,red_king_crab,2007,female,187,0,0,0,1,0,0,0,0,1
TR08,bristol_bay,red_king_crab,2008,male,60,0,0,0,1,0,0,0,0,1
TR08,bristol_bay,red_king_crab,2008,male,62,0,0,0,1,1,0,0,0,2
TR08,bristol_bay,red_king_crab,2008,male,65,0,0,0,1,0,0,0,0,1
TR08,bristol_bay,red_king_crab,2008,male,66,0,0,0,1,0,0,0,0,1
TR08,bristol_bay,red_king_crab,2008,male,68,0,0,0,3,0,0,0,0,3
TR08,bristol_bay,red_king_crab,2008,male,69,0,0,0,1,0,0,0,0,1
TR08,bristol_bay,red_king_crab,2008,male,70,0,0,0,2,0,0,0,0,2
TR08,bristol_bay,red_king_crab,2008,male,71,0,0,0,1,0,0,0,0,1
TR08,bristol_bay,red_king_crab,2008,male,72,0,0,0,4,0,0,0,0,4
TR08,bristol_bay,red_king_crab,2008,male,73,0,0,0,7,0,0,0,0,7
TR08,bristol_bay,red_king_crab,2008,male,74,0,0,0,3,0,0,0,0,3
TR08,bristol_bay,red_king_crab,2008,male,75,0,0,0,6,0,0,0,0,6
TR08,bristol_bay,red_king_crab,2008,male,76,0,0,0,6,0,0,0,0,6
TR08,bristol_bay,red_king_crab,2008,male,77,0,0,0,15,0,0,0,0,15
TR08,bristol_bay,red_king_crab,2008,male,78,0,0,0,15,0,0,0,0,15
TR08,bristol_bay,red_king_crab,2008,male,79,0,0,0,18,0,0,0,0,18
TR08,bristol_bay,red_king_crab,2008,male,80,0,0,0,25,0,0,0,0,25
TR08,bristol_bay,red_king_crab,2008,male,81,0,0,0,28,0,0,0,0,28
TR08,bristol_bay,red_king_crab,2008,male,82,0,0,0,42,0,0,0,0,42
TR08,bristol_bay,red_king_crab,2008,male,83,0,0,0,59,1,0,0,0,60
TR08,bristol_bay,red_king_crab,2008,male,84,0,0,0,74,0,0,0,0,74
TR08,bristol_bay,red_king_crab,2008,male,85,0,0,0,85,0,0,0,0,85
TR08,bristol_bay,red_king_crab,2008,male,86,0,0,0,95,0,0,0,0,95
TR08,bristol_bay,red_king_crab,2008,male,87,0,0,0,95,0,0,0,0,95
TR08,bristol_bay,red_king_crab,2008,male,88,0,0,0,126,0,0,0,1,127
TR08,bristol_bay,red_king_crab,2008,male,89,0,0,0,131,0,0,0,0,131
TR08,bristol_bay,red_king_crab,2008,male,90,0,0,0,161,0,0,0,0,161
TR08,bristol_bay,red_king_crab,2008,male,91,0,0,0,111,0,0,0,0,111
TR08,bristol_bay,red_king_crab,2008,male,92,0,0,0,139,0,0,0,0,139
TR08,bristol_bay,red_king_crab,2008,male,93,0,0,0,122,2,0,0,0,124
TR08,bristol_bay,red_king_crab,2008,male,94,0,0,0,162,0,0,0,0,162
TR08,bristol_bay,red_king_crab,2008,male,95,0,0,0,159,0,0,0,0,159
TR08,bristol_bay,red_king_crab,2008,male,96,0,0,0,149,0,0,0,0,149
TR08,bristol_bay,red_king_crab,2008,male,97,0,0,0,162,0,0,0,0,162
TR08,bristol_bay,red_king_crab,2008,male,98,0,0,0,159,0,0,0,0,159
TR08,bristol_bay,red_king_crab,2008,male,99,0,0,0,156,1,0,0,1,158
TR08,bristol_bay,red_king_crab,2008,male,100,0,0,0,188,1,0,0,1,190
TR08,bristol_bay,red_king_crab,2008,male,101,0,0,0,168,0,0,0,0,168
TR08,bristol_bay,red_king_crab,2008,male,102,0,0,0,219,3,0,0,1,223
TR08,bristol_bay,red_king_crab,2008,male,103,0,0,0,206,1,0,0,1,208
TR08,bristol_bay,red_king_crab,2008,male,104,0,0,0,267,2,0,0,1,270
TR08,bristol_bay,red_king_crab,2008,male,105,0,0,0,329,0,0,0,0,329
TR08,bristol_bay,red_king_crab,2008,male,106,0,0,0,353,2,0,0,0,355
TR08,bristol_bay,red_king_crab,2008,male,107,0,0,0,380,5,1,0,0,386
TR08,bristol_bay,red_king_crab,2008,male,108,0,0,0,533,4,0,0,1,538
TR08,bristol_bay,red_king_crab,2008,male,109,0,0,0,564,5,0,0,1,570
TR08,bristol_bay,red_king_crab,2008,male,110,0,0,0,627,4,0,0,2,633
TR08,bristol_bay,red_king_crab,2008,male,111,0,0,0,670,1,0,0,2,673
TR08,bristol_bay,red_king_crab,2008,male,112,0,0,0,894,9,1,0,3,907
TR08,bristol_bay,red_king_crab,2008,male,113,0,0,0,806,6,4,0,0,816
TR08,bristol_bay,red_king_crab,2008,male,114,0,0,0,956,7,0,0,1,964
TR08,bristol_bay,red_king_crab,2008,male,115,0,0,0,1118,6,0,0,1,1125
TR08,bristol_bay,red_king_crab,2008,male,116,0,0,0,1138,6,0,0,1,1145
TR08,bristol_bay,red_king_crab,2008,male,117,0,0,0,1159,6,0,0,4,1169
TR08,bristol_bay,red_king_crab,2008,male,118,0,0,0,1419,10,0,0,2,1431
TR08,bristol_bay,red_king_crab,2008,male,119,0,0,0,1375,18,0,0,2,1395
TR08,bristol_bay,red_king_crab,2008,male,120,0,0,1,1628,17,0,0,2,1648
TR08,bristol_bay,red_king_crab,2008,male,121,0,0,0,1657,19,1,0,2,1679
TR08,bristol_bay,red_king_crab,2008,male,122,0,0,1,1891,29,2,0,2,1925
TR08,bristol_bay,red_king_crab,2008,male,123,0,0,0,1739,37,1,0,1,1778
TR08,bristol_bay,red_king_crab,2008,male,124,0,0,0,1781,36,0,0,3,1820
TR08,bristol_bay,red_king_crab,2008,male,125,0,0,0,1946,57,1,0,4,2008
TR08,bristol_bay,red_king_crab,2008,male,126,0,0,0,1793,45,2,0,4,1844
TR08,bristol_bay,red_king_crab,2008,male,127,0,0,0,1855,42,3,0,7,1907
TR08,bristol_bay,red_king_crab,2008,male,128,0,0,0,2048,71,1,0,7,2127
TR08,bristol_bay,red_king_crab,2008,male,129,0,0,0,1895,45,0,0,12,1952
TR08,bristol_bay,red_king_crab,2008,male,130,0,0,1,1869,68,5,0,3,1946
TR08,bristol_bay,red_king_crab,2008,male,131,0,0,0,1731,58,3,0,4,1796
TR08,bristol_bay,red_king_crab,2008,male,132,0,0,0,2065,77,6,0,3,2151
TR08,bristol_bay,red_king_crab,2008,male,133,0,0,0,1558,65,4,0,0,1627
TR08,bristol_bay,red_king_crab,2008,male,134,0,0,1,1715,73,6,0,9,1804
TR08,bristol_bay,red_king_crab,2008,male,135,0,0,0,1621,99,8,0,4,1732
TR08,bristol_bay,red_king_crab,2008,male,136,0,0,1,1528,74,6,0,4,1613
TR08,bristol_bay,red_king_crab,2008,male,137,0,0,4,1356,67,5,0,5,1437
TR08,bristol_bay,red_king_crab,2008,male,138,0,0,0,1518,87,4,0,2,1611
TR08,bristol_bay,red_king_crab,2008,male,139,0,0,1,1312,84,6,0,1,1404
TR08,bristol_bay,red_king_crab,2008,male,140,0,0,0,1580,102,2,0,1,1685
TR08,bristol_bay,red_king_crab,2008,male,141,0,0,0,1095,80,15,0,1,1191
TR08,bristol_bay,red_king_crab,2008,male,142,0,0,1,1328,101,18,0,1,1449
TR08,bristol_bay,red_king_crab,2008,male,143,0,0,3,1110,93,16,0,0,1222
TR08,bristol_bay,red_king_crab,2008,male,144,0,0,2,1222,105,14,0,1,1344
TR08,bristol_bay,red_king_crab,2008,male,145,0,0,0,1190,127,13,0,0,1330
TR08,bristol_bay,red_king_crab,2008,male,146,0,0,2,1198,128,19,0,2,1349
TR08,bristol_bay,red_king_crab,2008,male,147,0,0,0,1143,136,19,0,0,1298
TR08,bristol_bay,red_king_crab,2008,male,148,0,0,0,1257,170,32,0,1,1460
TR08,bristol_bay,red_king_crab,2008,male,149,0,0,2,1223,170,30,0,1,1426
TR08,bristol_bay,red_king_crab,2008,male,150,0,0,0,1262,187,46,0,1,1496
TR08,bristol_bay,red_king_crab,2008,male,151,0,0,1,1054,178,34,0,1,1268
TR08,bristol_bay,red_king_crab,2008,male,152,0,0,0,1236,198,48,0,0,1482
TR08,bristol_bay,red_king_crab,2008,male,153,0,0,1,1125,217,50,0,1,1394
TR08,bristol_bay,red_king_crab,2008,male,154,0,0,0,981,243,57,0,1,1282
TR08,bristol_bay,red_king_crab,2008,male,155,0,0,0,1034,220,58,0,1,1313
TR08,bristol_bay,red_king_crab,2008,male,156,0,0,0,1001,235,53,0,1,1290
TR08,bristol_bay,red_king_crab,2008,male,157,0,0,0,906,226,52,0,0,1184
TR08,bristol_bay,red_king_crab,2008,male,158,0,0,0,1003,234,63,0,0,1300
TR08,bristol_bay,red_king_crab,2008,male,159,0,0,0,916,238,72,0,0,1226
TR08,bristol_bay,red_king_crab,2008,male,160,0,0,0,890,228,72,0,1,1191
TR08,bristol_bay,red_king_crab,2008,male,161,0,0,0,718,204,43,0,0,965
TR08,bristol_bay,red_king_crab,2008,male,162,0,0,0,784,242,69,0,1,1096
TR08,bristol_bay,red_king_crab,2008,male,163,0,0,0,672,212,55,0,1,940
TR08,bristol_bay,red_king_crab,2008,male,164,0,0,0,603,186,51,0,1,841
TR08,bristol_bay,red_king_crab,2008,male,165,0,0,0,550,188,56,0,0,794
TR08,bristol_bay,red_king_crab,2008,male,166,0,0,0,454,152,49,0,0,655
TR08,bristol_bay,red_king_crab,2008,male,167,0,0,0,454,144,48,0,0,646
TR08,bristol_bay,red_king_crab,2008,male,168,0,0,0,492,154,44,0,0,690
TR08,bristol_bay,red_king_crab,2008,male,169,0,0,0,376,132,44,0,0,552
TR08,bristol_bay,red_king_crab,2008,male,170,0,0,1,386,97,43,0,1,528
TR08,bristol_bay,red_king_crab,2008,male,171,0,0,0,261,93,29,0,1,384
TR08,bristol_bay,red_king_crab,2008,male,172,0,0,0,263,80,28,0,0,371
TR08,bristol_bay,red_king_crab,2008,male,173,0,0,0,212,69,36,0,0,317
TR08,bristol_bay,red_king_crab,2008,male,174,0,0,0,161,71,22,0,0,254
TR08,bristol_bay,red_king_crab,2008,male,175,0,0,0,143,44,12,0,0,199
TR08,bristol_bay,red_king_crab,2008,male,176,0,0,0,114,35,11,0,0,160
TR08,bristol_bay,red_king_crab,2008,male,177,0,0,0,83,33,10,0,1,127
TR08,bristol_bay,red_king_crab,2008,male,178,0,0,0,74,29,10,0,0,113
TR08,bristol_bay,red_king_crab,2008,male,179,0,0,0,63,30,7,0,0,100
TR08,bristol_bay,red_king_crab,2008,male,180,0,0,0,35,18,5,0,0,58
TR08,bristol_bay,red_king_crab,2008,male,181,0,0,0,28,10,6,0,0,44
TR08,bristol_bay,red_king_crab,2008,male,182,0,0,0,16,13,2,0,0,31
TR08,bristol_bay,red_king_crab,2008,male,183,0,0,0,15,6,1,0,0,22
TR08,bristol_bay,red_king_crab,2008,male,184,0,0,0,11,4,4,0,0,19
TR08,bristol_bay,red_king_crab,2008,male,185,0,0,0,14,3,5,0,0,22
TR08,bristol_bay,red_king_crab,2008,male,186,0,0,0,7,1,0,0,0,8
TR08,bristol_bay,red_king_crab,2008,male,187,0,0,0,4,0,1,0,0,5
TR08,bristol_bay,red_king_crab,2008,male,188,0,0,0,5,2,0,0,0,7
TR08,bristol_bay,red_king_crab,2008,male,189,0,0,0,2,2,0,0,0,4
TR08,bristol_bay,red_king_crab,2008,male,190,0,0,0,1,0,2,0,0,3
TR08,bristol_bay,red_king_crab,2008,male,192,0,0,0,2,0,0,0,0,2
TR08,bristol_bay,red_king_crab,2008,male,194,0,0,0,1,0,0,0,0,1
TR08,bristol_bay,red_king_crab,2008,male,196,0,0,0,1,0,0,0,0,1
TR08,bristol_bay,red_king_crab,2008,male,197,0,0,0,0,1,0,0,0,1
TR08,bristol_bay,red_king_crab,2008,female,65,0,0,0,1,0,0,0,0,1
TR08,bristol_bay,red_king_crab,2008,female,69,0,0,0,2,0,0,0,0,2
TR08,bristol_bay,red_king_crab,2008,female,71,0,0,0,1,0,0,0,0,1
TR08,bristol_bay,red_king_crab,2008,female,72,0,0,0,6,0,0,0,0,6
TR08,bristol_bay,red_king_crab,2008,female,73,0,0,0,2,0,0,0,0,2
TR08,bristol_bay,red_king_crab,2008,female,74,0,0,0,6,0,0,0,0,6
TR08,bristol_bay,red_king_crab,2008,female,75,0,0,0,16,0,0,0,0,16
TR08,bristol_bay,red_king_crab,2008,female,76,0,0,0,7,0,0,0,0,7
TR08,bristol_bay,red_king_crab,2008,female,77,0,0,0,8,0,0,0,0,8
TR08,bristol_bay,red_king_crab,2008,female,78,0,0,0,30,0,0,0,1,31
TR08,bristol_bay,red_king_crab,2008,female,79,0,0,0,21,0,0,0,0,21
TR08,bristol_bay,red_king_crab,2008,female,80,0,0,0,49,0,0,0,0,49
TR08,bristol_bay,red_king_crab,2008,female,81,0,0,0,38,0,0,0,0,38
TR08,bristol_bay,red_king_crab,2008,female,82,0,0,0,93,0,0,0,0,93
TR08,bristol_bay,red_king_crab,2008,female,83,0,0,0,51,0,0,0,0,51
TR08,bristol_bay,red_king_crab,2008,female,84,0,0,0,78,0,0,0,1,79
TR08,bristol_bay,red_king_crab,2008,female,85,0,0,0,164,0,0,0,3,167
TR08,bristol_bay,red_king_crab,2008,female,86,0,0,0,84,0,0,0,0,84
TR08,bristol_bay,red_king_crab,2008,female,87,0,0,0,135,0,0,0,0,135
TR08,bristol_bay,red_king_crab,2008,female,88,0,0,0,144,0,1,0,4,149
TR08,bristol_bay,red_king_crab,2008,female,89,0,0,0,124,0,0,0,5,129
TR08,bristol_bay,red_king_crab,2008,female,90,0,0,0,177,1,0,0,3,181
TR08,bristol_bay,red_king_crab,2008,female,91,0,0,0,88,0,0,0,0,88
TR08,bristol_bay,red_king_crab,2008,female,92,0,0,0,122,0,0,0,1,123
TR08,bristol_bay,red_king_crab,2008,female,93,0,0,0,93,0,0,0,1,94
TR08,bristol_bay,red_king_crab,2008,female,94,0,0,0,80,0,0,0,1,81
TR08,bristol_bay,red_king_crab,2008,female,95,0,0,0,98,0,0,0,0,98
TR08,bristol_bay,red_king_crab,2008,female,96,0,0,0,75,0,0,0,0,75
TR08,bristol_bay,red_king_crab,2008,female,97,0,0,0,78,2,0,0,1,81
TR08,bristol_bay,red_king_crab,2008,female,98,0,0,0,67,0,0,0,0,67
TR08,bristol_bay,red_king_crab,2008,female,99,0,0,0,78,0,0,0,5,83
TR08,bristol_bay,red_king_crab,2008,female,100,0,0,0,137,0,0,0,1,138
TR08,bristol_bay,red_king_crab,2008,female,101,0,0,0,94,0,0,0,1,95
TR08,bristol_bay,red_king_crab,2008,female,102,0,0,0,140,0,0,0,2,142
TR08,bristol_bay,red_king_crab,2008,female,103,0,0,0,160,0,0,0,0,160
TR08,bristol_bay,red_king_crab,2008,female,104,0,0,0,125,0,0,0,1,126
TR08,bristol_bay,red_king_crab,2008,female,105,0,0,0,229,0,0,0,2,231
TR08,bristol_bay,red_king_crab,2008,female,106,0,0,0,152,0,0,0,1,153
TR08,bristol_bay,red_king_crab,2008,female,107,0,0,0,171,0,0,0,2,173
TR08,bristol_bay,red_king_crab,2008,female,108,0,0,0,199,1,0,0,2,202
TR08,bristol_bay,red_king_crab,2008,female,109,0,0,0,156,0,0,0,2,158
TR08,bristol_bay,red_king_crab,2008,female,110,0,0,0,240,0,0,0,4,244
TR08,bristol_bay,red_king_crab,2008,female,111,0,0,0,120,0,0,0,1,121
TR08,bristol_bay,red_king_crab,2008,female,112,0,0,0,107,4,0,0,2,113
TR08,bristol_bay,red_king_crab,2008,female,113,0,0,0,160,3,0,0,0,163
TR08,bristol_bay,red_king_crab,2008,female,114,0,0,0,103,0,0,0,2,105
TR08,bristol_bay,red_king_crab,2008,female,115,0,0,0,215,3,0,0,2,220
TR08,bristol_bay,red_king_crab,2008,female,116,0,0,1,129,1,0,0,2,133
TR08,bristol_bay,red_king_crab,2008,female,117,0,0,0,146,0,0,0,0,146
TR08,bristol_bay,red_king_crab,2008,female,118,0,0,0,168,1,0,0,3,172
TR08,bristol_bay,red_king_crab,2008,female,119,0,0,0,143,2,1,0,0,146
TR08,bristol_bay,red_king_crab,2008,female,120,0,0,1,247,3,0,0,1,252
TR08,bristol_bay,red_king_crab,2008,female,121,0,0,0,178,1,0,0,0,179
TR08,bristol_bay,red_king_crab,2008,female,122,0,0,0,235,1,0,0,1,237
TR08,bristol_bay,red_king_crab,2008,female,123,0,0,0,208,0,0,0,2,210
TR08,bristol_bay,red_king_crab,2008,female,124,0,0,0,200,0,0,0,1,201
TR08,bristol_bay,red_king_crab,2008,female,125,0,0,0,293,1,0,0,0,294
TR08,bristol_bay,red_king_crab,2008,female,126,0,0,0,185,1,0,0,1,187
TR08,bristol_bay,red_king_crab,2008,female,127,0,0,0,248,1,0,0,4,253
TR08,bristol_bay,red_king_crab,2008,female,128,0,0,0,203,2,0,0,0,205
TR08,bristol_bay,red_king_crab,2008,female,129,0,0,0,131,2,0,0,2,135
TR08,bristol_bay,red_king_crab,2008,female,130,0,0,0,169,3,0,0,1,173
TR08,bristol_bay,red_king_crab,2008,female,131,0,0,0,95,1,0,0,1,97
TR08,bristol_bay,red_king_crab,2008,female,132,0,0,0,132,1,0,0,0,133
TR08,bristol_bay,red_king_crab,2008,female,133,0,0,0,99,2,0,0,1,102
TR08,bristol_bay,red_king_crab,2008,female,134,0,0,0,68,0,0,0,1,69
TR08,bristol_bay,red_king_crab,2008,female,135,0,0,0,106,0,0,0,0,106
TR08,bristol_bay,red_king_crab,2008,female,136,0,0,1,63,0,0,0,1,65
TR08,bristol_bay,red_king_crab,2008,female,137,0,0,0,66,0,0,0,0,66
TR08,bristol_bay,red_king_crab,2008,female,138,0,0,0,54,2,0,0,0,56
TR08,bristol_bay,red_king_crab,2008,female,139,0,0,0,40,1,0,0,1,42
TR08,bristol_bay,red_king_crab,2008,female,140,0,0,0,46,2,0,0,1,49
TR08,bristol_bay,red_king_crab,2008,female,141,0,0,0,38,1,0,0,0,39
TR08,bristol_bay,red_king_crab,2008,female,142,0,0,0,40,1,0,0,0,41
TR08,bristol_bay,red_king_crab,2008,female,143,0,0,0,30,5,0,0,0,35
TR08,bristol_bay,red_king_crab,2008,female,144,0,0,0,19,2,0,0,0,21
TR08,bristol_bay,red_king_crab,2008,female,145,0,0,0,25,1,0,0,0,26
TR08,bristol_bay,red_king_crab,2008,female,146,0,0,0,15,1,0,0,0,16
TR08,bristol_bay,red_king_crab,2008,female,147,0,0,0,12,1,0,0,0,13
TR08,bristol_bay,red_king_crab,2008,female,148,0,0,0,10,0,0,0,0,10
TR08,bristol_bay,red_king_crab,2008,female,149,0,0,0,6,0,0,0,0,6
TR08,bristol_bay,red_king_crab,2008,female,150,0,0,0,24,0,0,0,0,24
TR08,bristol_bay,red_king_crab,2008,female,151,0,0,0,6,0,0,0,0,6
TR08,bristol_bay,red_king_crab,2008,female,152,0,0,0,4,0,0,0,0,4
TR08,bristol_bay,red_king_crab,2008,female,153,0,0,0,6,1,0,0,0,7
TR08,bristol_bay,red_king_crab,2008,female,154,0,0,0,3,0,1,0,0,4
TR08,bristol_bay,red_king_crab,2008,female,155,0,0,0,4,0,0,0,0,4
TR08,bristol_bay,red_king_crab,2008,female,156,0,0,0,3,0,0,0,1,4
TR08,bristol_bay,red_king_crab,2008,female,157,0,0,0,1,0,0,0,0,1
TR08,bristol_bay,red_king_crab,2008,female,158,0,0,0,1,0,0,0,0,1
TR08,bristol_bay,red_king_crab,2008,female,160,0,0,0,3,0,0,0,0,3
TR08,bristol_bay,red_king_crab,2008,female,164,0,0,0,1,0,0,0,0,1
TR09,bristol_bay,red_king_crab,2009,male,52,0,0,0,1,0,0,0,0,1
TR09,bristol_bay,red_king_crab,2009,male,62,0,0,0,2,0,0,0,0,2
TR09,bristol_bay,red_king_crab,2009,male,63,0,0,0,2,0,0,0,0,2
TR09,bristol_bay,red_king_crab,2009,male,64,0,0,0,1,0,0,0,0,1
TR09,bristol_bay,red_king_crab,2009,male,65,0,0,0,2,0,0,0,0,2
TR09,bristol_bay,red_king_crab,2009,male,66,0,0,0,6,0,0,0,0,6
TR09,bristol_bay,red_king_crab,2009,male,67,0,0,0,2,0,0,0,0,2
TR09,bristol_bay,red_king_crab,2009,male,68,0,0,0,5,0,0,0,0,5
TR09,bristol_bay,red_king_crab,2009,male,69,0,0,0,6,0,0,0,0,6
TR09,bristol_bay,red_king_crab,2009,male,70,0,0,0,8,0,0,0,0,8
TR09,bristol_bay,red_king_crab,2009,male,71,0,0,0,7,0,0,0,0,7
TR09,bristol_bay,red_king_crab,2009,male,72,0,0,0,11,0,0,0,0,11
TR09,bristol_bay,red_king_crab,2009,male,73,0,0,0,9,0,0,0,0,9
TR09,bristol_bay,red_king_crab,2009,male,74,0,0,0,17,0,0,0,0,17
TR09,bristol_bay,red_king_crab,2009,male,75,0,0,0,22,0,0,0,0,22
TR09,bristol_bay,red_king_crab,2009,male,76,0,0,0,16,0,0,0,0,16
TR09,bristol_bay,red_king_crab,2009,male,77,0,0,0,13,1,0,0,0,14
TR09,bristol_bay,red_king_crab,2009,male,78,0,0,0,16,0,0,0,0,16
TR09,bristol_bay,red_king_crab,2009,male,79,0,0,0,23,0,0,0,0,23
TR09,bristol_bay,red_king_crab,2009,male,80,0,0,0,34,0,0,0,0,34
TR09,bristol_bay,red_king_crab,2009,male,81,0,0,0,21,1,0,0,0,22
TR09,bristol_bay,red_king_crab,2009,male,82,0,0,0,43,0,0,0,0,43
TR09,bristol_bay,red_king_crab,2009,male,83,0,0,0,27,0,0,0,0,27
TR09,bristol_bay,red_king_crab,2009,male,84,0,0,0,33,0,0,0,0,33
TR09,bristol_bay,red_king_crab,2009,male,85,0,0,0,37,0,0,0,0,37
TR09,bristol_bay,red_king_crab,2009,male,86,0,0,0,38,0,0,0,0,38
TR09,bristol_bay,red_king_crab,2009,male,87,0,0,0,31,0,0,0,0,31
TR09,bristol_bay,red_king_crab,2009,male,88,0,0,0,48,0,0,0,0,48
TR09,bristol_bay,red_king_crab,2009,male,89,0,0,0,52,1,0,0,1,54
TR09,bristol_bay,red_king_crab,2009,male,90,0,0,0,58,0,0,0,0,58
TR09,bristol_bay,red_king_crab,2009,male,91,0,0,0,60,0,0,0,1,61
TR09,bristol_bay,red_king_crab,2009,male,92,0,0,0,69,0,0,0,0,69
TR09,bristol_bay,red_king_crab,2009,male,93,0,0,0,82,0,0,0,1,83
TR09,bristol_bay,red_king_crab,2009,male,94,0,0,0,99,0,0,0,1,100
TR09,bristol_bay,red_king_crab,2009,male,95,0,0,0,110,1,0,0,1,112
TR09,bristol_bay,red_king_crab,2009,male,96,0,0,0,141,1,0,0,0,142
TR09,bristol_bay,red_king_crab,2009,male,97,0,0,0,166,1,0,0,1,168
TR09,bristol_bay,red_king_crab,2009,male,98,0,0,0,215,1,0,0,0,216
TR09,bristol_bay,red_king_crab,2009,male,99,0,0,0,269,6,0,0,0,275
TR09,bristol_bay,red_king_crab,2009,male,100,0,0,0,330,1,0,0,0,331
TR09,bristol_bay,red_king_crab,2009,male,101,0,0,0,305,0,0,0,2,307
TR09,bristol_bay,red_king_crab,2009,male,102,0,0,0,436,2,0,0,1,439
TR09,bristol_bay,red_king_crab,2009,male,103,0,0,0,478,1,0,0,3,482
TR09,bristol_bay,red_king_crab,2009,male,104,0,0,0,518,1,0,0,6,525
TR09,bristol_bay,red_king_crab,2009,male,105,0,0,0,596,1,0,0,1,598
TR09,bristol_bay,red_king_crab,2009,male,106,0,0,0,613,6,0,0,2,621
TR09,bristol_bay,red_king_crab,2009,male,107,0,0,0,566,4,0,0,2,572
TR09,bristol_bay,red_king_crab,2009,male,108,0,0,0,695,7,0,0,2,704
TR09,bristol_bay,red_king_crab,2009,male,109,0,0,0,722,12,0,0,2,736
TR09,bristol_bay,red_king_crab,2009,male,110,0,0,0,687,10,0,0,2,699
TR09,bristol_bay,red_king_crab,2009,male,111,0,0,0,715,11,1,0,0,727
TR09,bristol_bay,red_king_crab,2009,male,112,0,0,0,727,17,0,0,4,748
TR09,bristol_bay,red_king_crab,2009,male,113,0,0,0,716,19,1,0,4,740
TR09,bristol_bay,red_king_crab,2009,male,114,0,0,0,705,14,0,0,2,721
TR09,bristol_bay,red_king_crab,2009,male,115,0,0,0,803,28,1,0,4,836
TR09,bristol_bay,red_king_crab,2009,male,116,0,0,0,751,19,1,0,2,773
TR09,bristol_bay,red_king_crab,2009,male,117,0,0,1,707,32,0,0,4,744
TR09,bristol_bay,red_king_crab,2009,male,118,0,0,0,928,38,1,0,4,971
TR09,bristol_bay,red_king_crab,2009,male,119,0,0,0,837,23,1,0,3,864
TR09,bristol_bay,red_king_crab,2009,male,120,0,0,0,1050,41,0,0,5,1096
TR09,bristol_bay,red_king_crab,2009,male,121,0,0,0,1097,44,1,0,6,1148
TR09,bristol_bay,red_king_crab,2009,male,122,0,0,1,1282,47,1,0,8,1339
TR09,bristol_bay,red_king_crab,2009,male,123,0,0,0,1224,58,1,0,5,1288
TR09,bristol_bay,red_king_crab,2009,male,124,0,0,1,1315,50,1,0,5,1372
TR09,bristol_bay,red_king_crab,2009,male,125,0,0,1,1661,95,1,0,12,1770
TR09,bristol_bay,red_king_crab,2009,male,126,0,0,1,1612,61,0,0,6,1680
TR09,bristol_bay,red_king_crab,2009,male,127,0,0,0,1657,83,2,0,8,1750
TR09,bristol_bay,red_king_crab,2009,male,128,0,0,0,1997,80,3,0,8,2088
TR09,bristol_bay,red_king_crab,2009,male,129,0,0,0,2167,97,3,0,12,2279
TR09,bristol_bay,red_king_crab,2009,male,130,0,0,1,2363,84,2,0,18,2468
TR09,bristol_bay,red_king_crab,2009,male,131,0,0,1,2272,85,3,0,14,2375
TR09,bristol_bay,red_king_crab,2009,male,132,0,0,1,2702,101,1,0,4,2809
TR09,bristol_bay,red_king_crab,2009,male,133,0,0,1,2535,100,3,0,15,2654
TR09,bristol_bay,red_king_crab,2009,male,134,0,0,0,2782,86,5,0,9,2882
TR09,bristol_bay,red_king_crab,2009,male,135,0,0,1,2667,104,1,0,16,2789
TR09,bristol_bay,red_king_crab,2009,male,136,0,0,2,2553,74,2,0,16,2647
TR09,bristol_bay,red_king_crab,2009,male,137,0,0,0,2568,70,4,0,11,2653
TR09,bristol_bay,red_king_crab,2009,male,138,0,0,1,2574,95,3,0,11,2684
TR09,bristol_bay,red_king_crab,2009,male,139,0,0,2,2392,84,1,0,5,2484
TR09,bristol_bay,red_king_crab,2009,male,140,0,0,0,2549,94,5,0,6,2654
TR09,bristol_bay,red_king_crab,2009,male,141,0,0,0,2165,60,4,0,4,2233
TR09,bristol_bay,red_king_crab,2009,male,142,0,0,0,2386,98,4,0,3,2491
TR09,bristol_bay,red_king_crab,2009,male,143,0,0,0,1992,90,3,0,5,2090
TR09,bristol_bay,red_king_crab,2009,male,144,0,0,2,1885,102,8,0,6,2003
TR09,bristol_bay,red_king_crab,2009,male,145,0,0,0,1865,90,9,0,1,1965
TR09,bristol_bay,red_king_crab,2009,male,146,0,0,0,1659,101,7,0,2,1769
TR09,bristol_bay,red_king_crab,2009,male,147,0,0,1,1488,111,14,0,1,1615
TR09,bristol_bay,red_king_crab,2009,male,148,0,0,0,1667,120,9,0,2,1798
TR09,bristol_bay,red_king_crab,2009,male,149,0,0,1,1456,129,21,0,4,1611
TR09,bristol_bay,red_king_crab,2009,male,150,0,0,0,1366,124,15,0,0,1505
TR09,bristol_bay,red_king_crab,2009,male,151,0,0,0,1128,125,15,0,1,1269
TR09,bristol_bay,red_king_crab,2009,male,152,0,0,0,1242,132,9,0,2,1385
TR09,bristol_bay,red_king_crab,2009,male,153,0,0,0,1061,151,22,0,2,1236
TR09,bristol_bay,red_king_crab,2009,male,154,0,0,0,860,164,19,0,4,1047
TR09,bristol_bay,red_king_crab,2009,male,155,0,0,0,911,133,20,0,4,1068
TR09,bristol_bay,red_king_crab,2009,male,156,0,0,0,835,148,26,0,2,1011
TR09,bristol_bay,red_king_crab,2009,male,157,0,0,0,752,163,21,0,1,937
TR09,bristol_bay,red_king_crab,2009,male,158,0,0,0,759,175,23,0,1,958
TR09,bristol_bay,red_king_crab,2009,male,159,0,0,0,736,146,24,0,1,907
TR09,bristol_bay,red_king_crab,2009,male,160,0,0,0,695,186,23,0,1,905
TR09,bristol_bay,red_king_crab,2009,male,161,0,0,0,614,168,33,0,1,816
TR09,bristol_bay,red_king_crab,2009,male,162,0,0,0,597,158,25,0,1,781
TR09,bristol_bay,red_king_crab,2009,male,163,0,0,0,533,137,31,0,2,703
TR09,bristol_bay,red_king_crab,2009,male,164,0,0,0,471,141,30,0,1,643
TR09,bristol_bay,red_king_crab,2009,male,165,0,0,0,442,132,31,0,2,607
TR09,bristol_bay,red_king_crab,2009,male,166,0,0,0,384,103,20,0,0,507
TR09,bristol_bay,red_king_crab,2009,male,167,0,0,0,386,136,22,0,0,544
TR09,bristol_bay,red_king_crab,2009,male,168,0,0,0,370,115,25,0,2,512
TR09,bristol_bay,red_king_crab,2009,male,169,0,0,0,302,106,25,0,1,434
TR09,bristol_bay,red_king_crab,2009,male,170,0,0,0,277,117,16,0,1,411
TR09,bristol_bay,red_king_crab,2009,male,171,0,0,0,239,94,23,0,1,357
TR09,bristol_bay,red_king_crab,2009,male,172,0,0,0,209,90,12,0,0,311
TR09,bristol_bay,red_king_crab,2009,male,173,0,0,0,196,80,8,0,0,284
TR09,bristol_bay,red_king_crab,2009,male,174,0,0,0,171,61,14,0,0,246
TR09,bristol_bay,red_king_crab,2009,male,175,0,0,0,120,48,16,0,0,184
TR09,bristol_bay,red_king_crab,2009,male,176,0,0,0,112,37,5,0,0,154
TR09,bristol_bay,red_king_crab,2009,male,177,0,0,0,98,36,7,0,0,141
TR09,bristol_bay,red_king_crab,2009,male,178,0,0,0,79,17,6,0,0,102
TR09,bristol_bay,red_king_crab,2009,male,179,0,0,0,74,32,5,0,0,111
TR09,bristol_bay,red_king_crab,2009,male,180,0,0,0,58,18,3,0,0,79
TR09,bristol_bay,red_king_crab,2009,male,181,0,0,0,41,11,6,0,0,58
TR09,bristol_bay,red_king_crab,2009,male,182,0,0,0,26,5,3,0,0,34
TR09,bristol_bay,red_king_crab,2009,male,183,0,0,0,31,11,1,0,0,43
TR09,bristol_bay,red_king_crab,2009,male,184,0,0,0,19,6,1,0,0,26
TR09,bristol_bay,red_king_crab,2009,male,185,0,0,0,16,3,2,0,0,21
TR09,bristol_bay,red_king_crab,2009,male,186,0,0,0,16,3,0,0,0,19
TR09,bristol_bay,red_king_crab,2009,male,187,0,0,0,17,4,0,0,0,21
TR09,bristol_bay,red_king_crab,2009,male,188,0,0,0,11,1,1,0,0,13
TR09,bristol_bay,red_king_crab,2009,male,189,0,0,0,12,0,0,0,0,12
TR09,bristol_bay,red_king_crab,2009,male,190,0,0,0,8,0,0,0,0,8
TR09,bristol_bay,red_king_crab,2009,male,191,0,0,0,3,0,0,0,0,3
TR09,bristol_bay,red_king_crab,2009,male,192,0,0,0,5,0,0,0,0,5
TR09,bristol_bay,red_king_crab,2009,male,193,0,0,0,2,0,1,0,0,3
TR09,bristol_bay,red_king_crab,2009,male,194,0,0,0,1,0,0,0,0,1
TR09,bristol_bay,red_king_crab,2009,male,195,0,0,0,3,0,1,0,0,4
TR09,bristol_bay,red_king_crab,2009,male,196,0,0,0,1,0,0,0,0,1
TR09,bristol_bay,red_king_crab,2009,male,197,0,0,0,2,0,0,0,0,2
TR09,bristol_bay,red_king_crab,2009,male,198,0,0,0,1,0,0,0,0,1
TR09,bristol_bay,red_king_crab,2009,male,202,0,0,0,1,0,0,0,0,1
TR09,bristol_bay,red_king_crab,2009,female,55,0,0,0,1,0,0,0,0,1
TR09,bristol_bay,red_king_crab,2009,female,60,0,0,0,1,0,0,0,0,1
TR09,bristol_bay,red_king_crab,2009,female,61,0,0,0,1,0,0,0,0,1
TR09,bristol_bay,red_king_crab,2009,female,62,0,0,0,1,0,0,0,0,1
TR09,bristol_bay,red_king_crab,2009,female,63,0,0,0,1,0,0,0,0,1
TR09,bristol_bay,red_king_crab,2009,female,64,0,0,0,5,0,0,0,0,5
TR09,bristol_bay,red_king_crab,2009,female,65,0,0,0,1,0,0,0,0,1
TR09,bristol_bay,red_king_crab,2009,female,66,0,0,0,5,0,0,0,0,5
TR09,bristol_bay,red_king_crab,2009,female,67,0,0,0,4,0,0,0,0,4
TR09,bristol_bay,red_king_crab,2009,female,68,0,0,0,6,0,0,0,0,6
TR09,bristol_bay,red_king_crab,2009,female,69,0,0,0,6,0,0,0,0,6
TR09,bristol_bay,red_king_crab,2009,female,70,0,0,0,10,0,0,0,0,10
TR09,bristol_bay,red_king_crab,2009,female,71,0,0,0,8,0,0,0,1,9
TR09,bristol_bay,red_king_crab,2009,female,72,0,0,0,10,0,0,0,0,10
TR09,bristol_bay,red_king_crab,2009,female,73,0,0,0,9,0,0,0,1,10
TR09,bristol_bay,red_king_crab,2009,female,74,0,0,0,11,0,0,0,0,11
TR09,bristol_bay,red_king_crab,2009,female,75,0,0,0,12,0,0,0,0,12
TR09,bristol_bay,red_king_crab,2009,female,76,0,0,0,18,0,0,0,0,18
TR09,bristol_bay,red_king_crab,2009,female,77,0,0,0,10,0,0,0,0,10
TR09,bristol_bay,red_king_crab,2009,female,78,0,0,0,9,0,0,0,0,9
TR09,bristol_bay,red_king_crab,2009,female,79,0,0,0,11,0,0,0,0,11
TR09,bristol_bay,red_king_crab,2009,female,80,0,0,0,16,0,0,0,0,16
TR09,bristol_bay,red_king_crab,2009,female,81,0,0,0,19,0,0,0,0,19
TR09,bristol_bay,red_king_crab,2009,female,82,0,0,0,19,0,0,0,0,19
TR09,bristol_bay,red_king_crab,2009,female,83,0,0,0,17,0,0,0,0,17
TR09,bristol_bay,red_king_crab,2009,female,84,0,0,0,16,0,0,0,0,16
TR09,bristol_bay,red_king_crab,2009,female,85,0,0,0,15,0,0,0,0,15
TR09,bristol_bay,red_king_crab,2009,female,86,0,0,0,13,0,0,0,0,13
TR09,bristol_bay,red_king_crab,2009,female,87,0,0,0,21,0,0,0,0,21
TR09,bristol_bay,red_king_crab,2009,female,88,0,0,0,19,0,0,0,0,19
TR09,bristol_bay,red_king_crab,2009,female,89,0,0,0,31,0,0,0,0,31
TR09,bristol_bay,red_king_crab,2009,female,90,0,0,0,26,0,0,0,1,27
TR09,bristol_bay,red_king_crab,2009,female,91,0,0,0,23,0,0,0,0,23
TR09,bristol_bay,red_king_crab,2009,female,92,0,0,0,39,0,0,0,2,41
TR09,bristol_bay,red_king_crab,2009,female,93,0,0,0,39,0,0,0,0,39
TR09,bristol_bay,red_king_crab,2009,female,94,0,0,0,40,0,0,0,1,41
TR09,bristol_bay,red_king_crab,2009,female,95,0,0,0,58,0,0,0,0,58
TR09,bristol_bay,red_king_crab,2009,female,96,0,0,0,55,1,0,0,1,57
TR09,bristol_bay,red_king_crab,2009,female,97,0,0,0,81,1,0,0,0,82
TR09,bristol_bay,red_king_crab,2009,female,98,0,0,0,90,0,0,0,0,90
TR09,bristol_bay,red_king_crab,2009,female,99,0,0,0,105,0,0,0,3,108
TR09,bristol_bay,red_king_crab,2009,female,100,0,0,0,117,2,0,0,0,119
TR09,bristol_bay,red_king_crab,2009,female,101,0,0,0,98,3,0,0,1,102
TR09,bristol_bay,red_king_crab,2009,female,102,0,0,0,99,1,0,0,0,100
TR09,bristol_bay,red_king_crab,2009,female,103,0,0,0,91,2,0,0,0,93
TR09,bristol_bay,red_king_crab,2009,female,104,0,0,0,109,2,0,0,0,111
TR09,bristol_bay,red_king_crab,2009,female,105,0,0,0,88,3,0,0,0,91
TR09,bristol_bay,red_king_crab,2009,female,106,0,0,0,99,1,0,0,0,100
TR09,bristol_bay,red_king_crab,2009,female,107,0,0,0,81,2,0,0,0,83
TR09,bristol_bay,red_king_crab,2009,female,108,0,0,0,91,2,0,0,0,93
TR09,bristol_bay,red_king_crab,2009,female,109,0,0,0,118,1,0,0,0,119
TR09,bristol_bay,red_king_crab,2009,female,110,0,0,0,103,1,0,0,0,104
TR09,bristol_bay,red_king_crab,2009,female,111,0,0,0,96,3,0,0,1,100
TR09,bristol_bay,red_king_crab,2009,female,112,0,0,0,104,1,0,0,0,105
TR09,bristol_bay,red_king_crab,2009,female,113,0,0,0,114,6,0,0,0,120
TR09,bristol_bay,red_king_crab,2009,female,114,0,0,0,119,4,0,0,0,123
TR09,bristol_bay,red_king_crab,2009,female,115,0,0,0,122,2,0,0,0,124
TR09,bristol_bay,red_king_crab,2009,female,116,0,0,0,100,4,0,0,0,104
TR09,bristol_bay,red_king_crab,2009,female,117,0,0,0,106,0,0,0,0,106
TR09,bristol_bay,red_king_crab,2009,female,118,0,0,0,101,2,0,0,0,103
TR09,bristol_bay,red_king_crab,2009,female,119,0,0,0,81,1,0,0,0,82
TR09,bristol_bay,red_king_crab,2009,female,120,0,0,0,117,8,0,0,1,126
TR09,bristol_bay,red_king_crab,2009,female,121,0,0,0,95,4,0,0,0,99
TR09,bristol_bay,red_king_crab,2009,female,122,0,0,0,117,5,0,0,0,122
TR09,bristol_bay,red_king_crab,2009,female,123,0,0,0,88,7,1,0,1,97
TR09,bristol_bay,red_king_crab,2009,female,124,0,0,0,98,2,1,0,0,101
TR09,bristol_bay,red_king_crab,2009,female,125,0,0,0,133,5,0,0,1,139
TR09,bristol_bay,red_king_crab,2009,female,126,0,0,0,125,8,0,0,0,133
TR09,bristol_bay,red_king_crab,2009,female,127,0,0,0,136,8,1,0,0,145
TR09,bristol_bay,red_king_crab,2009,female,128,0,0,0,121,6,0,0,0,127
TR09,bristol_bay,red_king_crab,2009,female,129,0,0,0,143,4,0,0,0,147
TR09,bristol_bay,red_king_crab,2009,female,130,0,0,0,187,14,0,0,0,201
TR09,bristol_bay,red_king_crab,2009,female,131,0,0,0,149,6,0,0,0,155
TR09,bristol_bay,red_king_crab,2009,female,132,0,0,0,143,6,0,0,0,149
TR09,bristol_bay,red_king_crab,2009,female,133,0,0,0,142,8,1,0,1,152
TR09,bristol_bay,red_king_crab,2009,female,134,0,0,0,126,8,1,0,0,135
TR09,bristol_bay,red_king_crab,2009,female,135,0,0,0,125,4,1,0,0,130
TR09,bristol_bay,red_king_crab,2009,female,136,0,0,0,87,5,2,0,0,94
TR09,bristol_bay,red_king_crab,2009,female,137,0,0,0,119,8,0,0,0,127
TR09,bristol_bay,red_king_crab,2009,female,138,0,0,0,81,9,0,0,0,90
TR09,bristol_bay,red_king_crab,2009,female,139,0,0,0,79,8,2,0,0,89
TR09,bristol_bay,red_king_crab,2009,female,140,0,0,0,92,6,0,0,0,98
TR09,bristol_bay,red_king_crab,2009,female,141,0,0,0,62,6,0,0,0,68
TR09,bristol_bay,red_king_crab,2009,female,142,0,0,0,48,6,0,0,0,54
TR09,bristol_bay,red_king_crab,2009,female,143,0,0,0,37,1,0,0,0,38
TR09,bristol_bay,red_king_crab,2009,female,144,0,0,0,30,3,1,0,0,34
TR09,bristol_bay,red_king_crab,2009,female,145,0,0,0,25,2,2,0,0,29
TR09,bristol_bay,red_king_crab,2009,female,146,0,0,0,30,2,1,0,0,33
TR09,bristol_bay,red_king_crab,2009,female,147,0,0,0,25,0,0,0,0,25
TR09,bristol_bay,red_king_crab,2009,female,148,0,0,0,29,2,0,0,0,31
TR09,bristol_bay,red_king_crab,2009,female,149,0,0,0,14,0,1,0,0,15
TR09,bristol_bay,red_king_crab,2009,female,150,0,0,0,21,1,0,0,0,22
TR09,bristol_bay,red_king_crab,2009,female,151,0,0,0,16,2,0,0,0,18
TR09,bristol_bay,red_king_crab,2009,female,152,0,0,0,11,0,0,0,0,11
TR09,bristol_bay,red_king_crab,2009,female,153,0,0,0,13,4,1,0,0,18
TR09,bristol_bay,red_king_crab,2009,female,154,0,0,0,4,0,0,0,0,4
TR09,bristol_bay,red_king_crab,2009,female,155,0,0,0,5,0,1,0,0,6
TR09,bristol_bay,red_king_crab,2009,female,156,0,0,0,6,0,0,0,0,6
TR09,bristol_bay,red_king_crab,2009,female,157,0,0,0,5,1,0,0,0,6
TR09,bristol_bay,red_king_crab,2009,female,158,0,0,0,2,0,0,0,0,2
TR09,bristol_bay,red_king_crab,2009,female,159,0,0,0,3,0,0,0,0,3
TR09,bristol_bay,red_king_crab,2009,female,160,0,0,0,2,1,0,0,0,3
TR09,bristol_bay,red_king_crab,2009,female,161,0,0,0,1,0,1,0,0,2
TR09,bristol_bay,red_king_crab,2009,female,162,0,0,0,1,0,0,0,0,1
TR09,bristol_bay,red_king_crab,2009,female,164,0,0,0,1,0,0,0,0,1
TR09,bristol_bay,red_king_crab,2009,female,166,0,0,0,2,1,0,0,0,3
TR10,bristol_bay,red_king_crab,2010,male,51,0,0,0,1,0,0,0,0,1
TR10,bristol_bay,red_king_crab,2010,male,57,0,0,0,1,0,0,0,0,1
TR10,bristol_bay,red_king_crab,2010,male,58,0,0,0,1,0,0,0,0,1
TR10,bristol_bay,red_king_crab,2010,male,60,0,0,0,2,0,0,0,0,2
TR10,bristol_bay,red_king_crab,2010,male,61,0,0,0,3,0,0,0,0,3
TR10,bristol_bay,red_king_crab,2010,male,62,0,0,0,1,0,0,0,0,1
TR10,bristol_bay,red_king_crab,2010,male,63,0,0,0,1,0,0,0,0,1
TR10,bristol_bay,red_king_crab,2010,male,64,0,0,0,2,0,0,0,0,2
TR10,bristol_bay,red_king_crab,2010,male,65,0,0,0,4,0,0,0,0,4
TR10,bristol_bay,red_king_crab,2010,male,66,0,0,0,3,0,0,0,0,3
TR10,bristol_bay,red_king_crab,2010,male,67,0,0,0,4,0,0,0,0,4
TR10,bristol_bay,red_king_crab,2010,male,68,0,0,0,5,0,0,0,0,5
TR10,bristol_bay,red_king_crab,2010,male,69,0,0,0,9,0,0,0,0,9
TR10,bristol_bay,red_king_crab,2010,male,70,0,0,0,4,0,0,0,0,4
TR10,bristol_bay,red_king_crab,2010,male,71,0,0,0,7,0,0,0,0,7
TR10,bristol_bay,red_king_crab,2010,male,72,0,0,0,6,0,0,0,0,6
TR10,bristol_bay,red_king_crab,2010,male,73,0,0,0,13,0,0,0,0,13
TR10,bristol_bay,red_king_crab,2010,male,74,0,0,0,10,0,0,0,0,10
TR10,bristol_bay,red_king_crab,2010,male,75,0,0,0,9,0,0,0,0,9
TR10,bristol_bay,red_king_crab,2010,male,76,0,0,0,20,0,0,0,0,20
TR10,bristol_bay,red_king_crab,2010,male,77,0,0,0,15,0,0,0,0,15
TR10,bristol_bay,red_king_crab,2010,male,78,0,0,0,15,0,0,0,0,15
TR10,bristol_bay,red_king_crab,2010,male,79,0,0,0,28,0,0,0,0,28
TR10,bristol_bay,red_king_crab,2010,male,80,0,0,0,29,0,0,0,0,29
TR10,bristol_bay,red_king_crab,2010,male,81,0,0,0,31,0,0,0,0,31
TR10,bristol_bay,red_king_crab,2010,male,82,0,0,0,36,0,0,0,0,36
TR10,bristol_bay,red_king_crab,2010,male,83,0,0,0,56,0,0,0,0,56
TR10,bristol_bay,red_king_crab,2010,male,84,0,0,0,42,0,0,0,0,42
TR10,bristol_bay,red_king_crab,2010,male,85,0,0,0,57,0,0,0,0,57
TR10,bristol_bay,red_king_crab,2010,male,86,0,0,0,58,0,0,0,0,58
TR10,bristol_bay,red_king_crab,2010,male,87,0,0,0,60,0,0,0,0,60
TR10,bristol_bay,red_king_crab,2010,male,88,0,0,0,73,0,0,0,0,73
TR10,bristol_bay,red_king_crab,2010,male,89,0,0,0,55,1,0,0,0,56
TR10,bristol_bay,red_king_crab,2010,male,90,0,0,0,79,0,0,0,0,79
TR10,bristol_bay,red_king_crab,2010,male,91,0,0,0,84,0,0,0,0,84
TR10,bristol_bay,red_king_crab,2010,male,92,0,0,0,73,1,0,0,0,74
TR10,bristol_bay,red_king_crab,2010,male,93,0,0,0,99,0,0,0,0,99
TR10,bristol_bay,red_king_crab,2010,male,94,0,0,0,86,2,0,0,0,88
TR10,bristol_bay,red_king_crab,2010,male,95,0,0,0,111,1,0,0,0,112
TR10,bristol_bay,red_king_crab,2010,male,96,0,0,0,97,0,0,0,0,97
TR10,bristol_bay,red_king_crab,2010,male,97,0,0,0,98,0,0,0,0,98
TR10,bristol_bay,red_king_crab,2010,male,98,0,0,0,102,0,0,0,1,103
TR10,bristol_bay,red_king_crab,2010,male,99,0,0,0,118,1,1,0,0,120
TR10,bristol_bay,red_king_crab,2010,male,100,0,0,0,130,1,0,0,0,131
TR10,bristol_bay,red_king_crab,2010,male,101,0,0,0,135,0,0,0,0,135
TR10,bristol_bay,red_king_crab,2010,male,102,0,0,0,165,3,0,0,0,168
TR10,bristol_bay,red_king_crab,2010,male,103,0,0,0,140,5,0,0,0,145
TR10,bristol_bay,red_king_crab,2010,male,104,0,0,0,198,3,0,0,0,201
TR10,bristol_bay,red_king_crab,2010,male,105,0,0,0,212,1,0,0,0,213
TR10,bristol_bay,red_king_crab,2010,male,106,0,0,0,207,2,0,0,0,209
TR10,bristol_bay,red_king_crab,2010,male,107,0,0,0,232,4,0,0,1,237
TR10,bristol_bay,red_king_crab,2010,male,108,0,0,0,287,9,1,0,0,297
TR10,bristol_bay,red_king_crab,2010,male,109,0,0,0,277,6,0,0,0,283
TR10,bristol_bay,red_king_crab,2010,male,110,0,0,0,357,9,0,0,0,366
TR10,bristol_bay,red_king_crab,2010,male,111,0,0,0,306,8,0,0,0,314
TR10,bristol_bay,red_king_crab,2010,male,112,0,0,0,395,6,0,0,1,402
TR10,bristol_bay,red_king_crab,2010,male,113,0,0,0,386,6,0,0,0,392
TR10,bristol_bay,red_king_crab,2010,male,114,0,0,0,492,10,0,0,2,504
TR10,bristol_bay,red_king_crab,2010,male,115,0,0,0,626,18,2,0,0,646
TR10,bristol_bay,red_king_crab,2010,male,116,0,0,0,605,21,1,0,0,627
TR10,bristol_bay,red_king_crab,2010,male,117,0,0,0,608,23,1,0,0,632
TR10,bristol_bay,red_king_crab,2010,male,118,0,0,0,803,23,0,0,0,826
TR10,bristol_bay,red_king_crab,2010,male,119,0,0,0,734,25,1,0,0,760
TR10,bristol_bay,red_king_crab,2010,male,120,0,0,0,1013,41,1,0,1,1056
TR10,bristol_bay,red_king_crab,2010,male,121,0,0,0,896,32,1,0,2,931
TR10,bristol_bay,red_king_crab,2010,male,122,0,0,1,1091,50,3,0,0,1145
TR10,bristol_bay,red_king_crab,2010,male,123,0,0,0,1087,60,3,0,0,1150
TR10,bristol_bay,red_king_crab,2010,male,124,0,0,0,1223,78,2,0,1,1304
TR10,bristol_bay,red_king_crab,2010,male,125,0,0,0,1385,78,5,0,2,1470
TR10,bristol_bay,red_king_crab,2010,male,126,0,0,0,1375,74,4,0,1,1454
TR10,bristol_bay,red_king_crab,2010,male,127,0,0,1,1326,93,6,0,1,1427
TR10,bristol_bay,red_king_crab,2010,male,128,0,0,0,1467,97,3,0,1,1568
TR10,bristol_bay,red_king_crab,2010,male,129,0,0,0,1406,87,3,0,2,1498
TR10,bristol_bay,red_king_crab,2010,male,130,0,0,0,1818,153,4,0,0,1975
TR10,bristol_bay,red_king_crab,2010,male,131,0,0,0,1442,109,5,0,0,1556
TR10,bristol_bay,red_king_crab,2010,male,132,0,0,0,1719,124,3,0,0,1846
TR10,bristol_bay,red_king_crab,2010,male,133,0,0,0,1518,145,7,0,0,1670
TR10,bristol_bay,red_king_crab,2010,male,134,0,0,0,1817,149,7,0,2,1975
TR10,bristol_bay,red_king_crab,2010,male,135,0,0,0,1772,176,5,0,3,1956
TR10,bristol_bay,red_king_crab,2010,male,136,0,0,0,1611,138,4,0,1,1754
TR10,bristol_bay,red_king_crab,2010,male,137,0,0,0,1607,131,4,0,0,1742
TR10,bristol_bay,red_king_crab,2010,male,138,0,0,0,1639,128,0,0,0,1767
TR10,bristol_bay,red_king_crab,2010,male,139,0,0,0,1413,119,4,0,1,1537
TR10,bristol_bay,red_king_crab,2010,male,140,0,0,0,1819,166,5,0,0,1990
TR10,bristol_bay,red_king_crab,2010,male,141,0,0,0,1463,108,5,0,0,1576
TR10,bristol_bay,red_king_crab,2010,male,142,0,0,0,1543,127,4,0,1,1675
TR10,bristol_bay,red_king_crab,2010,male,143,0,0,0,1516,119,2,0,0,1637
TR10,bristol_bay,red_king_crab,2010,male,144,0,0,0,1364,131,10,0,1,1506
TR10,bristol_bay,red_king_crab,2010,male,145,0,0,0,1507,127,3,0,0,1637
TR10,bristol_bay,red_king_crab,2010,male,146,0,0,0,1314,112,3,0,0,1429
TR10,bristol_bay,red_king_crab,2010,male,147,0,0,0,1309,114,8,0,0,1431
TR10,bristol_bay,red_king_crab,2010,male,148,0,0,0,1327,107,5,0,0,1439
TR10,bristol_bay,red_king_crab,2010,male,149,0,0,0,1097,103,5,0,1,1206
TR10,bristol_bay,red_king_crab,2010,male,150,0,0,0,1234,143,10,0,0,1387
TR10,bristol_bay,red_king_crab,2010,male,151,0,0,0,1001,105,4,0,0,1110
TR10,bristol_bay,red_king_crab,2010,male,152,0,0,0,1020,114,10,0,0,1144
TR10,bristol_bay,red_king_crab,2010,male,153,0,0,0,919,104,12,0,2,1037
TR10,bristol_bay,red_king_crab,2010,male,154,0,0,0,874,120,13,0,0,1007
TR10,bristol_bay,red_king_crab,2010,male,155,0,0,0,761,127,8,0,0,896
TR10,bristol_bay,red_king_crab,2010,male,156,0,0,0,641,86,12,0,0,739
TR10,bristol_bay,red_king_crab,2010,male,157,0,0,0,597,104,6,0,0,707
TR10,bristol_bay,red_king_crab,2010,male,158,0,0,0,556,82,8,0,1,647
TR10,bristol_bay,red_king_crab,2010,male,159,0,0,0,450,98,10,0,1,559
TR10,bristol_bay,red_king_crab,2010,male,160,0,0,0,461,86,11,0,0,558
TR10,bristol_bay,red_king_crab,2010,male,161,0,0,0,322,77,12,0,0,411
TR10,bristol_bay,red_king_crab,2010,male,162,0,0,0,337,84,16,0,0,437
TR10,bristol_bay,red_king_crab,2010,male,163,0,0,0,242,80,8,0,0,330
TR10,bristol_bay,red_king_crab,2010,male,164,0,0,0,239,68,13,0,0,320
TR10,bristol_bay,red_king_crab,2010,male,165,0,0,0,254,81,14,0,0,349
TR10,bristol_bay,red_king_crab,2010,male,166,0,0,0,182,66,12,0,0,260
TR10,bristol_bay,red_king_crab,2010,male,167,0,0,0,185,61,10,0,0,256
TR10,bristol_bay,red_king_crab,2010,male,168,0,0,0,183,68,6,0,0,257
TR10,bristol_bay,red_king_crab,2010,male,169,0,0,0,142,62,6,0,0,210
TR10,bristol_bay,red_king_crab,2010,male,170,0,0,0,134,80,6,0,0,220
TR10,bristol_bay,red_king_crab,2010,male,171,0,0,0,104,50,3,0,0,157
TR10,bristol_bay,red_king_crab,2010,male,172,0,0,0,93,65,6,0,0,164
TR10,bristol_bay,red_king_crab,2010,male,173,0,0,0,82,50,4,0,0,136
TR10,bristol_bay,red_king_crab,2010,male,174,0,0,0,73,36,6,0,0,115
TR10,bristol_bay,red_king_crab,2010,male,175,0,0,0,64,42,8,0,0,114
TR10,bristol_bay,red_king_crab,2010,male,176,0,0,0,43,18,3,0,0,64
TR10,bristol_bay,red_king_crab,2010,male,177,0,0,0,38,13,1,0,0,52
TR10,bristol_bay,red_king_crab,2010,male,178,0,0,0,31,21,1,0,0,53
TR10,bristol_bay,red_king_crab,2010,male,179,0,0,0,18,7,0,0,0,25
TR10,bristol_bay,red_king_crab,2010,male,180,0,0,0,30,6,4,0,0,40
TR10,bristol_bay,red_king_crab,2010,male,181,0,0,0,14,10,1,0,0,25
TR10,bristol_bay,red_king_crab,2010,male,182,0,0,0,11,10,0,0,0,21
TR10,bristol_bay,red_king_crab,2010,male,183,0,0,0,7,4,1,0,0,12
TR10,bristol_bay,red_king_crab,2010,male,184,0,0,0,12,5,2,0,0,19
TR10,bristol_bay,red_king_crab,2010,male,185,0,0,0,8,5,0,0,0,13
TR10,bristol_bay,red_king_crab,2010,male,186,0,0,0,4,0,0,0,0,4
TR10,bristol_bay,red_king_crab,2010,male,187,0,0,0,4,0,0,0,0,4
TR10,bristol_bay,red_king_crab,2010,male,188,0,0,0,2,1,0,0,0,3
TR10,bristol_bay,red_king_crab,2010,male,189,0,0,0,5,0,0,0,0,5
TR10,bristol_bay,red_king_crab,2010,male,190,0,0,0,1,2,0,0,0,3
TR10,bristol_bay,red_king_crab,2010,male,191,0,0,0,1,0,1,0,0,2
TR10,bristol_bay,red_king_crab,2010,male,192,0,0,0,0,1,0,0,0,1
TR10,bristol_bay,red_king_crab,2010,male,193,0,0,0,0,2,0,0,0,2
TR10,bristol_bay,red_king_crab,2010,male,194,0,0,0,1,0,0,0,0,1
TR10,bristol_bay,red_king_crab,2010,male,199,0,0,0,1,0,0,0,0,1
TR10,bristol_bay,red_king_crab,2010,female,50,0,0,0,1,0,0,0,0,1
TR10,bristol_bay,red_king_crab,2010,female,54,0,0,0,1,0,0,0,0,1
TR10,bristol_bay,red_king_crab,2010,female,55,0,0,0,1,0,0,0,0,1
TR10,bristol_bay,red_king_crab,2010,female,57,0,0,0,1,0,0,0,0,1
TR10,bristol_bay,red_king_crab,2010,female,60,0,0,0,4,0,0,0,0,4
TR10,bristol_bay,red_king_crab,2010,female,61,0,0,0,1,0,0,0,0,1
TR10,bristol_bay,red_king_crab,2010,female,62,0,0,0,2,0,0,0,0,2
TR10,bristol_bay,red_king_crab,2010,female,63,0,0,0,3,0,0,0,0,3
TR10,bristol_bay,red_king_crab,2010,female,64,0,0,0,1,0,0,0,0,1
TR10,bristol_bay,red_king_crab,2010,female,65,0,0,0,3,0,0,0,0,3
TR10,bristol_bay,red_king_crab,2010,female,66,0,0,0,4,0,0,0,0,4
TR10,bristol_bay,red_king_crab,2010,female,67,0,0,0,2,0,0,0,0,2
TR10,bristol_bay,red_king_crab,2010,female,68,0,0,0,7,0,0,0,0,7
TR10,bristol_bay,red_king_crab,2010,female,69,0,0,0,9,0,0,0,0,9
TR10,bristol_bay,red_king_crab,2010,female,70,0,0,0,7,0,0,0,0,7
TR10,bristol_bay,red_king_crab,2010,female,71,0,0,0,6,0,0,0,0,6
TR10,bristol_bay,red_king_crab,2010,female,72,0,0,0,7,0,0,0,0,7
TR10,bristol_bay,red_king_crab,2010,female,73,0,0,0,7,0,0,0,0,7
TR10,bristol_bay,red_king_crab,2010,female,74,0,0,0,8,0,0,0,0,8
TR10,bristol_bay,red_king_crab,2010,female,75,0,0,0,2,0,0,0,0,2
TR10,bristol_bay,red_king_crab,2010,female,76,0,0,0,7,1,0,0,0,8
TR10,bristol_bay,red_king_crab,2010,female,77,0,0,0,6,0,0,0,0,6
TR10,bristol_bay,red_king_crab,2010,female,78,0,0,0,11,0,0,0,0,11
TR10,bristol_bay,red_king_crab,2010,female,79,0,0,0,9,0,0,0,0,9
TR10,bristol_bay,red_king_crab,2010,female,80,0,0,0,18,0,0,0,0,18
TR10,bristol_bay,red_king_crab,2010,female,81,0,0,0,28,1,0,0,0,29
TR10,bristol_bay,red_king_crab,2010,female,82,0,0,0,29,0,1,0,1,31
TR10,bristol_bay,red_king_crab,2010,female,83,0,0,0,30,0,0,0,0,30
TR10,bristol_bay,red_king_crab,2010,female,84,0,0,0,29,0,0,0,0,29
TR10,bristol_bay,red_king_crab,2010,female,85,0,0,0,46,0,0,0,0,46
TR10,bristol_bay,red_king_crab,2010,female,86,0,0,0,44,0,0,0,0,44
TR10,bristol_bay,red_king_crab,2010,female,87,0,0,0,34,0,0,0,1,35
TR10,bristol_bay,red_king_crab,2010,female,88,0,0,0,32,1,0,0,0,33
TR10,bristol_bay,red_king_crab,2010,female,89,0,0,0,31,1,0,0,0,32
TR10,bristol_bay,red_king_crab,2010,female,90,0,0,0,47,0,0,0,1,48
TR10,bristol_bay,red_king_crab,2010,female,91,0,0,0,27,0,0,0,0,27
TR10,bristol_bay,red_king_crab,2010,female,92,0,0,0,42,0,0,0,0,42
TR10,bristol_bay,red_king_crab,2010,female,93,0,0,0,33,0,0,0,0,33
TR10,bristol_bay,red_king_crab,2010,female,94,0,0,0,49,1,0,0,1,51
TR10,bristol_bay,red_king_crab,2010,female,95,0,0,0,45,0,0,0,0,45
TR10,bristol_bay,red_king_crab,2010,female,96,0,0,0,35,0,0,0,0,35
TR10,bristol_bay,red_king_crab,2010,female,97,0,0,0,29,0,0,0,0,29
TR10,bristol_bay,red_king_crab,2010,female,98,0,0,0,39,0,0,0,0,39
TR10,bristol_bay,red_king_crab,2010,female,99,0,0,0,37,0,0,0,0,37
TR10,bristol_bay,red_king_crab,2010,female,100,0,0,0,39,0,0,0,0,39
TR10,bristol_bay,red_king_crab,2010,female,101,0,0,0,55,0,0,0,0,55
TR10,bristol_bay,red_king_crab,2010,female,102,0,0,0,46,0,0,0,0,46
TR10,bristol_bay,red_king_crab,2010,female,103,0,0,0,77,1,0,0,0,78
TR10,bristol_bay,red_king_crab,2010,female,104,0,0,0,85,2,0,0,0,87
TR10,bristol_bay,red_king_crab,2010,female,105,0,0,0,104,0,0,0,0,104
TR10,bristol_bay,red_king_crab,2010,female,106,0,0,0,109,2,0,0,0,111
TR10,bristol_bay,red_king_crab,2010,female,107,0,0,0,104,1,0,0,0,105
TR10,bristol_bay,red_king_crab,2010,female,108,0,0,0,138,2,0,0,0,140
TR10,bristol_bay,red_king_crab,2010,female,109,0,0,0,145,1,0,0,0,146
TR10,bristol_bay,red_king_crab,2010,female,110,0,0,0,167,3,0,0,0,170
TR10,bristol_bay,red_king_crab,2010,female,111,0,0,0,140,1,0,0,0,141
TR10,bristol_bay,red_king_crab,2010,female,112,0,0,0,157,0,0,0,0,157
TR10,bristol_bay,red_king_crab,2010,female,113,0,0,0,157,1,0,0,0,158
TR10,bristol_bay,red_king_crab,2010,female,114,0,0,0,152,2,0,0,0,154
TR10,bristol_bay,red_king_crab,2010,female,115,0,0,0,200,4,0,0,0,204
TR10,bristol_bay,red_king_crab,2010,female,116,0,0,0,160,2,0,0,0,162
TR10,bristol_bay,red_king_crab,2010,female,117,0,0,0,187,2,0,0,0,189
TR10,bristol_bay,red_king_crab,2010,female,118,0,0,0,173,8,0,0,0,181
TR10,bristol_bay,red_king_crab,2010,female,119,0,0,0,167,1,0,0,0,168
TR10,bristol_bay,red_king_crab,2010,female,120,0,0,0,196,5,0,0,0,201
TR10,bristol_bay,red_king_crab,2010,female,121,0,0,0,165,5,1,0,0,171
TR10,bristol_bay,red_king_crab,2010,female,122,0,0,0,217,2,0,0,0,219
TR10,bristol_bay,red_king_crab,2010,female,123,0,0,0,179,0,0,0,0,179
TR10,bristol_bay,red_king_crab,2010,female,124,0,0,0,206,2,0,0,0,208
TR10,bristol_bay,red_king_crab,2010,female,125,0,0,0,168,3,1,0,0,172
TR10,bristol_bay,red_king_crab,2010,female,126,0,0,0,145,2,0,0,0,147
TR10,bristol_bay,red_king_crab,2010,female,127,0,0,0,152,5,0,0,0,157
TR10,bristol_bay,red_king_crab,2010,female,128,0,0,0,117,2,0,0,0,119
TR10,bristol_bay,red_king_crab,2010,female,129,0,0,0,99,1,0,0,0,100
TR10,bristol_bay,red_king_crab,2010,female,130,0,0,0,141,5,0,0,0,146
TR10,bristol_bay,red_king_crab,2010,female,131,0,0,0,117,2,0,0,0,119
TR10,bristol_bay,red_king_crab,2010,female,132,0,0,0,104,2,0,0,0,106
TR10,bristol_bay,red_king_crab,2010,female,133,0,0,0,123,4,0,0,0,127
TR10,bristol_bay,red_king_crab,2010,female,134,0,0,0,131,1,0,0,0,132
TR10,bristol_bay,red_king_crab,2010,female,135,0,0,0,133,0,1,0,0,134
TR10,bristol_bay,red_king_crab,2010,female,136,0,0,0,145,1,0,0,0,146
TR10,bristol_bay,red_king_crab,2010,female,137,0,0,0,111,3,0,0,0,114
TR10,bristol_bay,red_king_crab,2010,female,138,0,0,0,94,3,0,0,0,97
TR10,bristol_bay,red_king_crab,2010,female,139,0,0,0,112,1,0,0,0,113
TR10,bristol_bay,red_king_crab,2010,female,140,0,0,0,93,2,0,0,0,95
TR10,bristol_bay,red_king_crab,2010,female,141,0,0,0,74,2,0,0,0,76
TR10,bristol_bay,red_king_crab,2010,female,142,0,0,0,54,1,0,0,0,55
TR10,bristol_bay,red_king_crab,2010,female,143,0,0,0,51,0,0,0,0,51
TR10,bristol_bay,red_king_crab,2010,female,144,0,0,0,45,2,0,0,0,47
TR10,bristol_bay,red_king_crab,2010,female,145,0,0,0,39,1,0,0,0,40
TR10,bristol_bay,red_king_crab,2010,female,146,0,0,0,29,1,0,0,0,30
TR10,bristol_bay,red_king_crab,2010,female,147,0,0,0,23,1,0,0,0,24
TR10,bristol_bay,red_king_crab,2010,female,148,0,0,0,23,2,0,0,0,25
TR10,bristol_bay,red_king_crab,2010,female,149,0,0,0,16,2,0,0,0,18
TR10,bristol_bay,red_king_crab,2010,female,150,0,0,0,26,1,0,0,0,27
TR10,bristol_bay,red_king_crab,2010,female,151,0,0,0,11,1,0,0,0,12
TR10,bristol_bay,red_king_crab,2010,female,152,0,0,0,14,1,0,0,0,15
TR10,bristol_bay,red_king_crab,2010,female,153,0,0,0,12,0,0,0,0,12
TR10,bristol_bay,red_king_crab,2010,female,154,0,0,0,6,1,0,0,0,7
TR10,bristol_bay,red_king_crab,2010,female,155,0,0,0,4,1,0,0,0,5
TR10,bristol_bay,red_king_crab,2010,female,156,0,0,0,7,0,0,0,0,7
TR10,bristol_bay,red_king_crab,2010,female,157,0,0,0,6,0,0,0,0,6
TR10,bristol_bay,red_king_crab,2010,female,158,0,0,0,3,0,0,0,0,3
TR10,bristol_bay,red_king_crab,2010,female,161,0,0,0,1,0,0,0,0,1
TR10,bristol_bay,red_king_crab,2010,female,162,0,0,0,2,0,0,0,0,2
TR10,bristol_bay,red_king_crab,2010,female,163,0,0,0,1,0,0,0,0,1
TR10,bristol_bay,red_king_crab,2010,female,165,0,0,0,1,0,0,0,0,1
TR10,bristol_bay,red_king_crab,2010,female,166,0,0,0,1,0,0,0,0,1
TR11,bristol_bay,red_king_crab,2011,male,57,0,0,0,1,0,0,0,0,1
TR11,bristol_bay,red_king_crab,2011,male,58,0,0,0,3,0,0,0,0,3
TR11,bristol_bay,red_king_crab,2011,male,59,0,0,0,1,0,0,0,0,1
TR11,bristol_bay,red_king_crab,2011,male,60,0,0,0,1,0,0,0,0,1
TR11,bristol_bay,red_king_crab,2011,male,61,0,0,0,2,0,0,0,0,2
TR11,bristol_bay,red_king_crab,2011,male,62,0,0,0,5,0,0,0,0,5
TR11,bristol_bay,red_king_crab,2011,male,63,0,0,0,6,0,0,0,0,6
TR11,bristol_bay,red_king_crab,2011,male,64,0,0,0,5,0,0,0,0,5
TR11,bristol_bay,red_king_crab,2011,male,65,0,0,0,3,0,0,0,0,3
TR11,bristol_bay,red_king_crab,2011,male,66,0,0,0,3,0,0,0,0,3
TR11,bristol_bay,red_king_crab,2011,male,67,0,0,0,6,0,0,0,0,6
TR11,bristol_bay,red_king_crab,2011,male,68,0,0,0,15,0,0,0,0,15
TR11,bristol_bay,red_king_crab,2011,male,69,0,0,0,8,0,0,0,0,8
TR11,bristol_bay,red_king_crab,2011,male,70,0,0,0,16,0,0,0,0,16
TR11,bristol_bay,red_king_crab,2011,male,71,0,0,0,10,0,0,0,0,10
TR11,bristol_bay,red_king_crab,2011,male,72,0,0,0,24,0,0,0,0,24
TR11,bristol_bay,red_king_crab,2011,male,73,0,0,0,43,0,0,0,0,43
TR11,bristol_bay,red_king_crab,2011,male,74,0,0,0,42,0,0,0,0,42
TR11,bristol_bay,red_king_crab,2011,male,75,0,0,0,34,0,0,0,0,34
TR11,bristol_bay,red_king_crab,2011,male,76,0,0,0,44,0,0,0,0,44
TR11,bristol_bay,red_king_crab,2011,male,77,0,0,0,41,0,0,0,0,41
TR11,bristol_bay,red_king_crab,2011,male,78,0,0,0,68,0,0,0,0,68
TR11,bristol_bay,red_king_crab,2011,male,79,0,0,0,49,0,0,0,0,49
TR11,bristol_bay,red_king_crab,2011,male,80,0,0,0,61,0,0,0,0,61
TR11,bristol_bay,red_king_crab,2011,male,81,0,0,0,68,0,0,0,0,68
TR11,bristol_bay,red_king_crab,2011,male,82,0,0,0,80,0,0,0,0,80
TR11,bristol_bay,red_king_crab,2011,male,83,0,0,0,108,0,0,0,0,108
TR11,bristol_bay,red_king_crab,2011,male,84,0,0,0,97,1,0,0,0,98
TR11,bristol_bay,red_king_crab,2011,male,85,0,0,0,85,1,0,0,0,86
TR11,bristol_bay,red_king_crab,2011,male,86,0,0,0,65,0,0,0,0,65
TR11,bristol_bay,red_king_crab,2011,male,87,0,0,0,78,0,0,0,0,78
TR11,bristol_bay,red_king_crab,2011,male,88,0,0,0,105,0,0,0,0,105
TR11,bristol_bay,red_king_crab,2011,male,89,0,0,0,94,0,0,0,0,94
TR11,bristol_bay,red_king_crab,2011,male,90,0,0,0,77,0,0,0,0,77
TR11,bristol_bay,red_king_crab,2011,male,91,0,0,0,63,0,0,0,0,63
TR11,bristol_bay,red_king_crab,2011,male,92,0,0,0,84,0,0,0,0,84
TR11,bristol_bay,red_king_crab,2011,male,93,0,0,0,89,0,0,0,0,89
TR11,bristol_bay,red_king_crab,2011,male,94,0,0,0,67,1,0,0,0,68
TR11,bristol_bay,red_king_crab,2011,male,95,0,0,0,104,0,0,0,0,104
TR11,bristol_bay,red_king_crab,2011,male,96,0,0,0,95,0,0,0,0,95
TR11,bristol_bay,red_king_crab,2011,male,97,0,0,0,118,0,0,0,0,118
TR11,bristol_bay,red_king_crab,2011,male,98,0,0,0,138,1,0,0,0,139
TR11,bristol_bay,red_king_crab,2011,male,99,0,0,0,96,0,0,0,0,96
TR11,bristol_bay,red_king_crab,2011,male,100,0,0,0,100,0,0,0,0,100
TR11,bristol_bay,red_king_crab,2011,male,101,0,0,0,127,1,0,0,0,128
TR11,bristol_bay,red_king_crab,2011,male,102,0,0,0,105,1,0,0,0,106
TR11,bristol_bay,red_king_crab,2011,male,103,0,0,0,146,1,0,0,0,147
TR11,bristol_bay,red_king_crab,2011,male,104,0,0,0,150,0,0,0,0,150
TR11,bristol_bay,red_king_crab,2011,male,105,0,0,0,149,0,0,0,0,149
TR11,bristol_bay,red_king_crab,2011,male,106,0,0,0,128,1,0,0,0,129
TR11,bristol_bay,red_king_crab,2011,male,107,0,0,0,151,1,0,0,0,152
TR11,bristol_bay,red_king_crab,2011,male,108,0,0,0,209,1,0,0,0,210
TR11,bristol_bay,red_king_crab,2011,male,109,0,0,0,188,0,0,0,0,188
TR11,bristol_bay,red_king_crab,2011,male,110,0,0,0,202,1,0,0,0,203
TR11,bristol_bay,red_king_crab,2011,male,111,0,0,0,198,2,0,0,0,200
TR11,bristol_bay,red_king_crab,2011,male,112,0,0,0,236,3,0,0,0,239
TR11,bristol_bay,red_king_crab,2011,male,113,0,0,0,262,2,0,0,0,264
TR11,bristol_bay,red_king_crab,2011,male,114,0,0,0,227,3,0,0,0,230
TR11,bristol_bay,red_king_crab,2011,male,115,0,0,0,267,2,0,0,0,269
TR11,bristol_bay,red_king_crab,2011,male,116,0,0,0,260,2,0,0,0,262
TR11,bristol_bay,red_king_crab,2011,male,117,0,0,0,286,6,0,0,0,292
TR11,bristol_bay,red_king_crab,2011,male,118,0,0,0,395,13,0,0,0,408
TR11,bristol_bay,red_king_crab,2011,male,119,0,0,0,300,5,0,0,0,305
TR11,bristol_bay,red_king_crab,2011,male,120,0,0,0,407,6,0,0,0,413
TR11,bristol_bay,red_king_crab,2011,male,121,0,0,0,426,14,0,0,0,440
TR11,bristol_bay,red_king_crab,2011,male,122,0,0,0,410,13,0,0,0,423
TR11,bristol_bay,red_king_crab,2011,male,123,0,0,0,580,24,0,0,0,604
TR11,bristol_bay,red_king_crab,2011,male,124,0,0,0,527,16,1,0,0,544
TR11,bristol_bay,red_king_crab,2011,male,125,0,0,0,606,22,2,0,0,630
TR11,bristol_bay,red_king_crab,2011,male,126,0,0,0,577,39,0,0,0,616
TR11,bristol_bay,red_king_crab,2011,male,127,0,0,0,612,30,1,0,0,643
TR11,bristol_bay,red_king_crab,2011,male,128,0,0,0,843,52,2,0,1,898
TR11,bristol_bay,red_king_crab,2011,male,129,0,0,0,680,63,0,0,0,743
TR11,bristol_bay,red_king_crab,2011,male,130,0,0,0,857,55,0,0,0,912
TR11,bristol_bay,red_king_crab,2011,male,131,0,0,0,671,55,2,0,0,728
TR11,bristol_bay,red_king_crab,2011,male,132,0,0,1,922,55,0,0,0,978
TR11,bristol_bay,red_king_crab,2011,male,133,0,0,0,958,63,2,0,0,1023
TR11,bristol_bay,red_king_crab,2011,male,134,0,0,0,1050,73,1,0,0,1124
TR11,bristol_bay,red_king_crab,2011,male,135,0,0,0,1041,65,3,0,1,1110
TR11,bristol_bay,red_king_crab,2011,male,136,0,0,0,991,77,2,0,1,1071
TR11,bristol_bay,red_king_crab,2011,male,137,0,0,0,1108,84,0,0,0,1192
TR11,bristol_bay,red_king_crab,2011,male,138,0,0,0,1271,79,0,0,0,1350
TR11,bristol_bay,red_king_crab,2011,male,139,0,0,0,886,57,2,0,0,945
TR11,bristol_bay,red_king_crab,2011,male,140,0,0,0,1128,101,0,0,0,1229
TR11,bristol_bay,red_king_crab,2011,male,141,0,0,0,956,68,3,0,0,1027
TR11,bristol_bay,red_king_crab,2011,male,142,0,0,0,1116,78,4,0,0,1198
TR11,bristol_bay,red_king_crab,2011,male,143,0,0,0,1272,93,2,0,0,1367
TR11,bristol_bay,red_king_crab,2011,male,144,0,0,0,915,78,3,0,0,996
TR11,bristol_bay,red_king_crab,2011,male,145,0,0,0,1000,77,3,0,0,1080
TR11,bristol_bay,red_king_crab,2011,male,146,0,0,0,966,83,1,0,0,1050
TR11,bristol_bay,red_king_crab,2011,male,147,0,0,0,970,90,4,0,0,1064
TR11,bristol_bay,red_king_crab,2011,male,148,0,0,0,1072,82,5,0,0,1159
TR11,bristol_bay,red_king_crab,2011,male,149,0,0,0,764,85,3,0,0,852
TR11,bristol_bay,red_king_crab,2011,male,150,0,0,0,805,90,4,0,0,899
TR11,bristol_bay,red_king_crab,2011,male,151,0,0,0,680,68,6,0,0,754
TR11,bristol_bay,red_king_crab,2011,male,152,0,0,0,727,63,4,0,1,795
TR11,bristol_bay,red_king_crab,2011,male,153,0,0,0,795,82,9,0,0,886
TR11,bristol_bay,red_king_crab,2011,male,154,0,0,0,588,57,2,0,0,647
TR11,bristol_bay,red_king_crab,2011,male,155,0,0,0,524,75,4,0,0,603
TR11,bristol_bay,red_king_crab,2011,male,156,0,0,0,475,68,8,0,0,551
TR11,bristol_bay,red_king_crab,2011,male,157,0,0,0,438,59,4,0,0,501
TR11,bristol_bay,red_king_crab,2011,male,158,0,0,0,430,70,7,0,0,507
TR11,bristol_bay,red_king_crab,2011,male,159,0,0,0,288,52,2,0,0,342
TR11,bristol_bay,red_king_crab,2011,male,160,0,0,0,304,46,4,0,0,354
TR11,bristol_bay,red_king_crab,2011,male,161,0,0,0,199,39,2,0,0,240
TR11,bristol_bay,red_king_crab,2011,male,162,0,0,0,225,42,5,0,0,272
TR11,bristol_bay,red_king_crab,2011,male,163,0,0,0,262,46,10,0,0,318
TR11,bristol_bay,red_king_crab,2011,male,164,0,0,0,167,39,5,0,0,211
TR11,bristol_bay,red_king_crab,2011,male,165,0,0,0,174,26,7,0,0,207
TR11,bristol_bay,red_king_crab,2011,male,166,0,0,0,125,20,8,0,0,153
TR11,bristol_bay,red_king_crab,2011,male,167,0,0,0,125,33,5,0,0,163
TR11,bristol_bay,red_king_crab,2011,male,168,0,0,0,139,41,6,0,0,186
TR11,bristol_bay,red_king_crab,2011,male,169,0,0,0,65,20,3,0,0,88
TR11,bristol_bay,red_king_crab,2011,male,170,0,0,0,70,25,11,0,0,106
TR11,bristol_bay,red_king_crab,2011,male,171,0,0,0,48,18,6,0,0,72
TR11,bristol_bay,red_king_crab,2011,male,172,0,0,0,53,11,1,0,0,65
TR11,bristol_bay,red_king_crab,2011,male,173,0,0,0,37,21,7,0,0,65
TR11,bristol_bay,red_king_crab,2011,male,174,0,0,0,27,9,6,0,0,42
TR11,bristol_bay,red_king_crab,2011,male,175,0,0,0,28,10,1,0,0,39
TR11,bristol_bay,red_king_crab,2011,male,176,0,0,0,20,3,4,0,0,27
TR11,bristol_bay,red_king_crab,2011,male,177,0,0,0,12,5,1,0,0,18
TR11,bristol_bay,red_king_crab,2011,male,178,0,0,0,12,14,1,0,0,27
TR11,bristol_bay,red_king_crab,2011,male,179,0,0,0,11,2,1,0,0,14
TR11,bristol_bay,red_king_crab,2011,male,180,0,0,0,12,5,2,0,0,19
TR11,bristol_bay,red_king_crab,2011,male,181,0,0,0,4,3,1,0,0,8
TR11,bristol_bay,red_king_crab,2011,male,182,0,0,0,3,2,0,0,0,5
TR11,bristol_bay,red_king_crab,2011,male,183,0,0,0,4,3,0,0,0,7
TR11,bristol_bay,red_king_crab,2011,male,184,0,0,0,1,0,0,0,0,1
TR11,bristol_bay,red_king_crab,2011,male,185,0,0,0,3,2,0,0,0,5
TR11,bristol_bay,red_king_crab,2011,male,186,0,0,0,1,1,0,0,0,2
TR11,bristol_bay,red_king_crab,2011,male,187,0,0,0,1,1,0,0,0,2
TR11,bristol_bay,red_king_crab,2011,male,188,0,0,0,3,0,1,0,0,4
TR11,bristol_bay,red_king_crab,2011,male,190,0,0,0,2,0,0,0,0,2
TR11,bristol_bay,red_king_crab,2011,male,194,0,0,0,1,0,0,0,0,1
TR11,bristol_bay,red_king_crab,2011,male,196,0,0,0,1,0,0,0,0,1
TR11,bristol_bay,red_king_crab,2011,female,56,0,0,0,1,0,0,0,0,1
TR11,bristol_bay,red_king_crab,2011,female,60,0,0,0,4,0,0,0,0,4
TR11,bristol_bay,red_king_crab,2011,female,61,0,0,0,2,0,0,0,0,2
TR11,bristol_bay,red_king_crab,2011,female,63,0,0,0,2,0,0,0,0,2
TR11,bristol_bay,red_king_crab,2011,female,64,0,0,0,2,0,0,0,0,2
TR11,bristol_bay,red_king_crab,2011,female,65,0,0,0,5,0,0,0,0,5
TR11,bristol_bay,red_king_crab,2011,female,66,0,0,0,2,0,0,0,0,2
TR11,bristol_bay,red_king_crab,2011,female,67,0,0,0,4,0,0,0,0,4
TR11,bristol_bay,red_king_crab,2011,female,68,0,0,0,10,0,0,0,0,10
TR11,bristol_bay,red_king_crab,2011,female,69,0,0,0,4,0,0,0,0,4
TR11,bristol_bay,red_king_crab,2011,female,70,0,0,0,6,0,0,0,0,6
TR11,bristol_bay,red_king_crab,2011,female,71,0,0,0,14,0,0,0,0,14
TR11,bristol_bay,red_king_crab,2011,female,72,0,0,0,14,0,0,0,0,14
TR11,bristol_bay,red_king_crab,2011,female,73,0,0,0,16,0,0,0,0,16
TR11,bristol_bay,red_king_crab,2011,female,74,0,0,0,21,0,0,0,0,21
TR11,bristol_bay,red_king_crab,2011,female,75,0,0,0,18,0,0,0,0,18
TR11,bristol_bay,red_king_crab,2011,female,76,0,0,0,18,0,0,0,0,18
TR11,bristol_bay,red_king_crab,2011,female,77,0,0,0,26,0,0,0,0,26
TR11,bristol_bay,red_king_crab,2011,female,78,0,0,0,31,0,0,0,0,31
TR11,bristol_bay,red_king_crab,2011,female,79,0,0,0,23,0,0,0,0,23
TR11,bristol_bay,red_king_crab,2011,female,80,0,0,0,34,0,0,0,0,34
TR11,bristol_bay,red_king_crab,2011,female,81,0,0,0,47,0,0,0,0,47
TR11,bristol_bay,red_king_crab,2011,female,82,0,0,0,39,0,0,0,0,39
TR11,bristol_bay,red_king_crab,2011,female,83,0,0,0,42,0,0,0,0,42
TR11,bristol_bay,red_king_crab,2011,female,84,0,0,0,32,0,0,0,0,32
TR11,bristol_bay,red_king_crab,2011,female,85,0,0,0,26,0,0,0,0,26
TR11,bristol_bay,red_king_crab,2011,female,86,0,0,0,33,0,0,0,0,33
TR11,bristol_bay,red_king_crab,2011,female,87,0,0,0,29,0,0,0,0,29
TR11,bristol_bay,red_king_crab,2011,female,88,0,0,0,31,0,0,0,0,31
TR11,bristol_bay,red_king_crab,2011,female,89,0,0,0,27,0,0,0,0,27
TR11,bristol_bay,red_king_crab,2011,female,90,0,0,0,32,0,0,0,0,32
TR11,bristol_bay,red_king_crab,2011,female,91,0,0,0,21,0,0,0,0,21
TR11,bristol_bay,red_king_crab,2011,female,92,0,0,0,17,1,0,0,0,18
TR11,bristol_bay,red_king_crab,2011,female,93,0,0,0,27,0,0,0,0,27
TR11,bristol_bay,red_king_crab,2011,female,94,0,0,0,36,0,0,0,0,36
TR11,bristol_bay,red_king_crab,2011,female,95,0,0,0,31,1,0,0,0,32
TR11,bristol_bay,red_king_crab,2011,female,96,0,0,0,22,0,0,0,0,22
TR11,bristol_bay,red_king_crab,2011,female,97,0,0,0,26,0,0,0,0,26
TR11,bristol_bay,red_king_crab,2011,female,98,0,0,0,22,0,0,0,0,22
TR11,bristol_bay,red_king_crab,2011,female,99,0,0,0,10,0,0,0,0,10
TR11,bristol_bay,red_king_crab,2011,female,100,0,0,0,17,0,0,0,0,17
TR11,bristol_bay,red_king_crab,2011,female,101,0,0,0,15,0,0,0,0,15
TR11,bristol_bay,red_king_crab,2011,female,102,0,0,0,15,0,0,0,0,15
TR11,bristol_bay,red_king_crab,2011,female,103,0,0,0,15,0,0,0,0,15
TR11,bristol_bay,red_king_crab,2011,female,104,0,0,0,17,0,0,0,0,17
TR11,bristol_bay,red_king_crab,2011,female,105,0,0,0,9,0,0,0,0,9
TR11,bristol_bay,red_king_crab,2011,female,106,0,0,0,10,0,1,0,0,11
TR11,bristol_bay,red_king_crab,2011,female,107,0,0,0,8,0,0,0,0,8
TR11,bristol_bay,red_king_crab,2011,female,108,0,0,0,12,0,0,0,0,12
TR11,bristol_bay,red_king_crab,2011,female,109,0,0,0,11,0,0,0,0,11
TR11,bristol_bay,red_king_crab,2011,female,110,0,0,0,15,0,0,0,0,15
TR11,bristol_bay,red_king_crab,2011,female,111,0,0,0,13,1,0,0,0,14
TR11,bristol_bay,red_king_crab,2011,female,112,0,0,0,9,0,0,0,0,9
TR11,bristol_bay,red_king_crab,2011,female,113,0,0,0,20,0,0,0,0,20
TR11,bristol_bay,red_king_crab,2011,female,114,0,0,0,11,0,0,0,0,11
TR11,bristol_bay,red_king_crab,2011,female,115,0,0,0,23,1,0,0,0,24
TR11,bristol_bay,red_king_crab,2011,female,116,0,0,0,30,0,0,0,0,30
TR11,bristol_bay,red_king_crab,2011,female,117,0,0,0,29,0,0,0,0,29
TR11,bristol_bay,red_king_crab,2011,female,118,0,0,0,23,0,0,0,0,23
TR11,bristol_bay,red_king_crab,2011,female,119,0,0,0,27,0,0,0,0,27
TR11,bristol_bay,red_king_crab,2011,female,120,0,0,0,30,0,0,0,0,30
TR11,bristol_bay,red_king_crab,2011,female,121,0,0,0,31,0,0,0,0,31
TR11,bristol_bay,red_king_crab,2011,female,122,0,0,0,40,0,0,0,0,40
TR11,bristol_bay,red_king_crab,2011,female,123,0,0,0,41,1,0,0,0,42
TR11,bristol_bay,red_king_crab,2011,female,124,0,0,0,32,0,0,0,0,32
TR11,bristol_bay,red_king_crab,2011,female,125,0,0,0,37,0,0,0,0,37
TR11,bristol_bay,red_king_crab,2011,female,126,0,0,0,30,0,0,0,0,30
TR11,bristol_bay,red_king_crab,2011,female,127,0,0,0,32,0,0,0,0,32
TR11,bristol_bay,red_king_crab,2011,female,128,0,0,0,35,0,0,0,0,35
TR11,bristol_bay,red_king_crab,2011,female,129,0,0,0,24,0,0,0,0,24
TR11,bristol_bay,red_king_crab,2011,female,130,0,0,0,16,1,0,0,0,17
TR11,bristol_bay,red_king_crab,2011,female,131,0,0,0,24,0,0,0,0,24
TR11,bristol_bay,red_king_crab,2011,female,132,0,0,0,32,1,0,0,0,33
TR11,bristol_bay,red_king_crab,2011,female,133,0,0,0,34,1,0,0,0,35
TR11,bristol_bay,red_king_crab,2011,female,134,0,0,0,19,0,0,0,0,19
TR11,bristol_bay,red_king_crab,2011,female,135,0,0,0,26,1,0,0,0,27
TR11,bristol_bay,red_king_crab,2011,female,136,0,0,0,37,0,0,0,0,37
TR11,bristol_bay,red_king_crab,2011,female,137,0,0,0,17,0,0,0,0,17
TR11,bristol_bay,red_king_crab,2011,female,138,0,0,0,23,0,0,0,0,23
TR11,bristol_bay,red_king_crab,2011,female,139,0,0,0,25,0,0,0,0,25
TR11,bristol_bay,red_king_crab,2011,female,140,0,0,0,16,0,0,0,0,16
TR11,bristol_bay,red_king_crab,2011,female,141,0,0,0,23,0,0,0,0,23
TR11,bristol_bay,red_king_crab,2011,female,142,0,0,0,20,0,0,0,0,20
TR11,bristol_bay,red_king_crab,2011,female,143,0,0,0,20,0,0,0,0,20
TR11,bristol_bay,red_king_crab,2011,female,144,0,0,0,10,0,0,0,0,10
TR11,bristol_bay,red_king_crab,2011,female,145,0,0,0,17,0,0,0,0,17
TR11,bristol_bay,red_king_crab,2011,female,146,0,0,0,16,0,0,0,0,16
TR11,bristol_bay,red_king_crab,2011,female,147,0,0,0,14,0,0,0,0,14
TR11,bristol_bay,red_king_crab,2011,female,148,0,0,0,15,0,0,0,0,15
TR11,bristol_bay,red_king_crab,2011,female,149,0,0,0,11,0,0,0,0,11
TR11,bristol_bay,red_king_crab,2011,female,150,0,0,0,6,0,0,0,0,6
TR11,bristol_bay,red_king_crab,2011,female,151,0,0,0,7,1,0,0,0,8
TR11,bristol_bay,red_king_crab,2011,female,152,0,0,0,2,0,0,0,0,2
TR11,bristol_bay,red_king_crab,2011,female,153,0,0,0,7,0,0,0,0,7
TR11,bristol_bay,red_king_crab,2011,female,154,0,0,0,2,1,0,0,0,3
TR11,bristol_bay,red_king_crab,2011,female,155,0,0,0,3,0,0,0,0,3
TR11,bristol_bay,red_king_crab,2011,female,156,0,0,0,3,0,0,0,0,3
TR11,bristol_bay,red_king_crab,2011,female,157,0,0,0,1,0,0,0,0,1
TR11,bristol_bay,red_king_crab,2011,female,158,0,0,0,1,0,0,0,0,1
TR11,bristol_bay,red_king_crab,2011,female,160,0,0,0,1,0,0,0,0,1
TR11,bristol_bay,red_king_crab,2011,female,163,0,0,0,1,0,0,0,0,1
TR11,bristol_bay,red_king_crab,2011,female,164,0,0,0,0,1,0,0,0,1
TR11,bristol_bay,red_king_crab,2011,female,166,0,0,0,1,0,0,0,0,1
TR12,bristol_bay,red_king_crab,2012,male,18,0,0,0,1,0,0,0,0,1
TR12,bristol_bay,red_king_crab,2012,male,31,0,0,0,1,0,0,0,0,1
TR12,bristol_bay,red_king_crab,2012,male,36,0,0,0,1,0,0,0,0,1
TR12,bristol_bay,red_king_crab,2012,male,59,0,0,0,1,0,0,0,0,1
TR12,bristol_bay,red_king_crab,2012,male,61,0,0,0,1,0,0,0,0,1
TR12,bristol_bay,red_king_crab,2012,male,64,0,0,0,1,0,0,0,0,1
TR12,bristol_bay,red_king_crab,2012,male,65,0,0,0,2,0,0,0,0,2
TR12,bristol_bay,red_king_crab,2012,male,69,0,0,0,2,0,0,0,0,2
TR12,bristol_bay,red_king_crab,2012,male,70,0,0,0,1,0,0,0,0,1
TR12,bristol_bay,red_king_crab,2012,male,71,0,0,0,2,0,0,0,0,2
TR12,bristol_bay,red_king_crab,2012,male,73,0,0,0,1,0,0,0,0,1
TR12,bristol_bay,red_king_crab,2012,male,74,0,0,0,2,0,0,0,0,2
TR12,bristol_bay,red_king_crab,2012,male,75,0,0,0,1,0,0,0,0,1
TR12,bristol_bay,red_king_crab,2012,male,76,0,0,0,5,0,0,0,0,5
TR12,bristol_bay,red_king_crab,2012,male,77,0,0,0,4,0,0,0,0,4
TR12,bristol_bay,red_king_crab,2012,male,78,0,0,0,5,0,0,0,0,5
TR12,bristol_bay,red_king_crab,2012,male,79,0,0,0,2,0,0,0,0,2
TR12,bristol_bay,red_king_crab,2012,male,80,0,0,0,4,0,0,0,0,4
TR12,bristol_bay,red_king_crab,2012,male,81,0,0,0,4,0,0,0,0,4
TR12,bristol_bay,red_king_crab,2012,male,82,0,0,0,5,0,0,0,1,6
TR12,bristol_bay,red_king_crab,2012,male,83,0,0,0,7,0,0,0,0,7
TR12,bristol_bay,red_king_crab,2012,male,84,0,0,0,9,0,0,0,0,9
TR12,bristol_bay,red_king_crab,2012,male,85,0,0,0,15,0,0,0,0,15
TR12,bristol_bay,red_king_crab,2012,male,86,0,0,0,6,0,0,0,0,6
TR12,bristol_bay,red_king_crab,2012,male,87,0,0,0,12,0,0,0,0,12
TR12,bristol_bay,red_king_crab,2012,male,88,0,0,0,12,0,0,0,0,12
TR12,bristol_bay,red_king_crab,2012,male,89,0,0,0,35,0,0,0,0,35
TR12,bristol_bay,red_king_crab,2012,male,90,0,0,0,26,0,0,0,0,26
TR12,bristol_bay,red_king_crab,2012,male,91,0,0,0,31,0,0,0,0,31
TR12,bristol_bay,red_king_crab,2012,male,92,0,0,0,40,0,0,0,0,40
TR12,bristol_bay,red_king_crab,2012,male,93,0,0,0,39,0,0,0,1,40
TR12,bristol_bay,red_king_crab,2012,male,94,0,0,0,51,0,0,0,0,51
TR12,bristol_bay,red_king_crab,2012,male,95,0,0,0,50,0,0,0,0,50
TR12,bristol_bay,red_king_crab,2012,male,96,0,0,0,68,0,0,0,0,68
TR12,bristol_bay,red_king_crab,2012,male,97,0,0,0,70,0,0,0,0,70
TR12,bristol_bay,red_king_crab,2012,male,98,0,0,0,63,0,0,0,1,64
TR12,bristol_bay,red_king_crab,2012,male,99,0,0,0,49,0,0,0,0,49
TR12,bristol_bay,red_king_crab,2012,male,100,0,0,0,80,0,0,0,2,82
TR12,bristol_bay,red_king_crab,2012,male,101,0,0,0,74,0,0,0,0,74
TR12,bristol_bay,red_king_crab,2012,male,102,0,0,0,81,0,0,0,2,83
TR12,bristol_bay,red_king_crab,2012,male,103,0,0,0,87,0,0,0,0,87
TR12,bristol_bay,red_king_crab,2012,male,104,0,0,0,77,0,0,0,1,78
TR12,bristol_bay,red_king_crab,2012,male,105,0,0,0,95,0,0,0,1,96
TR12,bristol_bay,red_king_crab,2012,male,106,0,0,0,83,0,0,0,2,85
TR12,bristol_bay,red_king_crab,2012,male,107,0,0,0,75,0,0,0,0,75
TR12,bristol_bay,red_king_crab,2012,male,108,0,0,0,67,0,0,0,1,68
TR12,bristol_bay,red_king_crab,2012,male,109,0,0,0,61,0,0,0,0,61
TR12,bristol_bay,red_king_crab,2012,male,110,0,0,0,76,1,0,0,1,78
TR12,bristol_bay,red_king_crab,2012,male,111,0,0,0,75,1,0,0,0,76
TR12,bristol_bay,red_king_crab,2012,male,112,0,0,0,87,0,0,0,1,88
TR12,bristol_bay,red_king_crab,2012,male,113,0,0,0,71,0,0,0,0,71
TR12,bristol_bay,red_king_crab,2012,male,114,0,0,0,96,1,0,0,1,98
TR12,bristol_bay,red_king_crab,2012,male,115,0,0,0,97,1,0,0,1,99
TR12,bristol_bay,red_king_crab,2012,male,116,0,0,0,112,0,0,0,0,112
TR12,bristol_bay,red_king_crab,2012,male,117,0,0,0,78,0,0,0,1,79
TR12,bristol_bay,red_king_crab,2012,male,118,0,0,0,97,1,0,0,0,98
TR12,bristol_bay,red_king_crab,2012,male,119,0,0,0,115,2,0,0,1,118
TR12,bristol_bay,red_king_crab,2012,male,120,0,0,0,141,3,0,0,1,145
TR12,bristol_bay,red_king_crab,2012,male,121,0,0,0,151,1,0,0,1,153
TR12,bristol_bay,red_king_crab,2012,male,122,0,0,0,161,1,0,0,3,165
TR12,bristol_bay,red_king_crab,2012,male,123,0,0,0,159,1,0,0,2,162
TR12,bristol_bay,red_king_crab,2012,male,124,0,0,0,141,4,0,0,1,146
TR12,bristol_bay,red_king_crab,2012,male,125,0,0,0,210,2,0,0,3,215
TR12,bristol_bay,red_king_crab,2012,male,126,0,0,0,203,4,0,0,1,208
TR12,bristol_bay,red_king_crab,2012,male,127,0,0,0,228,5,0,0,7,240
TR12,bristol_bay,red_king_crab,2012,male,128,0,0,0,212,6,0,0,2,220
TR12,bristol_bay,red_king_crab,2012,male,129,0,0,0,222,5,0,0,0,227
TR12,bristol_bay,red_king_crab,2012,male,130,0,0,0,305,4,1,0,6,316
TR12,bristol_bay,red_king_crab,2012,male,131,0,1,0,262,5,1,0,0,269
TR12,bristol_bay,red_king_crab,2012,male,132,0,0,0,370,13,0,0,2,385
TR12,bristol_bay,red_king_crab,2012,male,133,0,0,0,287,12,0,0,4,303
TR12,bristol_bay,red_king_crab,2012,male,134,0,0,0,315,9,0,0,4,328
TR12,bristol_bay,red_king_crab,2012,male,135,0,0,0,359,15,0,0,6,380
TR12,bristol_bay,red_king_crab,2012,male,136,0,0,0,341,14,0,0,4,359
TR12,bristol_bay,red_king_crab,2012,male,137,0,0,0,314,17,0,0,0,331
TR12,bristol_bay,red_king_crab,2012,male,138,0,0,0,378,21,0,0,2,401
TR12,bristol_bay,red_king_crab,2012,male,139,0,0,0,354,11,0,0,3,368
TR12,bristol_bay,red_king_crab,2012,male,140,0,0,0,397,22,3,0,4,426
TR12,bristol_bay,red_king_crab,2012,male,141,0,0,0,310,23,0,0,4,337
TR12,bristol_bay,red_king_crab,2012,male,142,0,0,0,479,28,1,0,2,510
TR12,bristol_bay,red_king_crab,2012,male,143,0,0,0,413,32,0,0,2,447
TR12,bristol_bay,red_king_crab,2012,male,144,0,0,0,363,34,2,0,5,404
TR12,bristol_bay,red_king_crab,2012,male,145,0,0,0,479,34,2,0,4,519
TR12,bristol_bay,red_king_crab,2012,male,146,0,1,0,398,36,2,0,0,437
TR12,bristol_bay,red_king_crab,2012,male,147,0,0,0,424,47,1,0,1,473
TR12,bristol_bay,red_king_crab,2012,male,148,0,0,0,436,44,0,0,5,485
TR12,bristol_bay,red_king_crab,2012,male,149,0,0,0,424,50,2,0,0,476
TR12,bristol_bay,red_king_crab,2012,male,150,0,0,0,442,58,5,0,2,507
TR12,bristol_bay,red_king_crab,2012,male,151,0,1,0,461,61,4,0,2,529
TR12,bristol_bay,red_king_crab,2012,male,152,0,0,0,557,84,1,0,1,643
TR12,bristol_bay,red_king_crab,2012,male,153,0,0,0,480,64,3,0,3,550
TR12,bristol_bay,red_king_crab,2012,male,154,0,0,0,430,66,2,0,6,504
TR12,bristol_bay,red_king_crab,2012,male,155,0,0,0,470,83,1,0,3,557
TR12,bristol_bay,red_king_crab,2012,male,156,0,0,0,391,71,0,0,1,463
TR12,bristol_bay,red_king_crab,2012,male,157,0,0,0,401,66,1,0,3,471
TR12,bristol_bay,red_king_crab,2012,male,158,0,0,0,429,60,2,0,2,493
TR12,bristol_bay,red_king_crab,2012,male,159,0,0,0,359,60,1,0,2,422
TR12,bristol_bay,red_king_crab,2012,male,160,0,0,0,322,75,8,0,3,408
TR12,bristol_bay,red_king_crab,2012,male,161,0,0,0,249,56,3,0,3,311
TR12,bristol_bay,red_king_crab,2012,male,162,0,0,0,326,48,3,0,3,380
TR12,bristol_bay,red_king_crab,2012,male,163,0,0,0,287,50,1,0,1,339
TR12,bristol_bay,red_king_crab,2012,male,164,0,0,0,252,38,3,0,0,293
TR12,bristol_bay,red_king_crab,2012,male,165,0,0,0,263,45,3,0,2,313
TR12,bristol_bay,red_king_crab,2012,male,166,0,0,0,178,41,5,0,1,225
TR12,bristol_bay,red_king_crab,2012,male,167,0,0,0,188,37,6,0,2,233
TR12,bristol_bay,red_king_crab,2012,male,168,0,0,0,177,31,3,0,0,211
TR12,bristol_bay,red_king_crab,2012,male,169,0,0,0,127,23,2,0,0,152
TR12,bristol_bay,red_king_crab,2012,male,170,0,0,0,170,25,1,0,0,196
TR12,bristol_bay,red_king_crab,2012,male,171,0,0,0,146,22,1,0,0,169
TR12,bristol_bay,red_king_crab,2012,male,172,0,0,0,154,19,1,0,3,177
TR12,bristol_bay,red_king_crab,2012,male,173,0,0,0,114,16,1,0,1,132
TR12,bristol_bay,red_king_crab,2012,male,174,0,0,0,65,18,1,0,0,84
TR12,bristol_bay,red_king_crab,2012,male,175,0,0,0,84,9,2,0,0,95
TR12,bristol_bay,red_king_crab,2012,male,176,0,0,0,43,9,1,0,0,53
TR12,bristol_bay,red_king_crab,2012,male,177,0,0,0,50,10,0,0,0,60
TR12,bristol_bay,red_king_crab,2012,male,178,0,0,0,43,6,1,0,1,51
TR12,bristol_bay,red_king_crab,2012,male,179,0,0,0,28,2,2,0,0,32
TR12,bristol_bay,red_king_crab,2012,male,180,0,0,0,29,5,1,0,0,35
TR12,bristol_bay,red_king_crab,2012,male,181,0,0,0,22,3,0,0,0,25
TR12,bristol_bay,red_king_crab,2012,male,182,0,0,0,30,2,0,0,0,32
TR12,bristol_bay,red_king_crab,2012,male,183,0,0,0,10,4,1,0,0,15
TR12,bristol_bay,red_king_crab,2012,male,184,0,0,0,15,1,0,0,0,16
TR12,bristol_bay,red_king_crab,2012,male,185,0,0,0,8,2,0,0,0,10
TR12,bristol_bay,red_king_crab,2012,male,186,0,0,0,10,1,2,0,0,13
TR12,bristol_bay,red_king_crab,2012,male,187,0,0,0,6,2,0,0,0,8
TR12,bristol_bay,red_king_crab,2012,male,188,0,0,0,2,2,1,0,1,6
TR12,bristol_bay,red_king_crab,2012,male,189,0,0,0,4,1,1,0,0,6
TR12,bristol_bay,red_king_crab,2012,male,190,0,0,0,4,0,0,0,0,4
TR12,bristol_bay,red_king_crab,2012,male,191,0,0,0,1,0,0,0,0,1
TR12,bristol_bay,red_king_crab,2012,male,192,0,0,0,2,0,0,0,0,2
TR12,bristol_bay,red_king_crab,2012,male,193,0,0,0,2,0,0,0,0,2
TR12,bristol_bay,red_king_crab,2012,male,194,0,0,0,3,0,0,0,0,3
TR12,bristol_bay,red_king_crab,2012,male,195,0,0,0,2,1,1,0,0,4
TR12,bristol_bay,red_king_crab,2012,male,196,0,0,0,1,0,0,0,0,1
TR12,bristol_bay,red_king_crab,2012,male,197,0,0,0,1,0,0,0,0,1
TR12,bristol_bay,red_king_crab,2012,male,203,0,0,0,1,0,0,0,0,1
TR12,bristol_bay,red_king_crab,2012,female,62,0,0,0,1,0,0,0,0,1
TR12,bristol_bay,red_king_crab,2012,female,65,0,0,0,2,0,0,0,0,2
TR12,bristol_bay,red_king_crab,2012,female,67,0,0,0,1,0,0,0,0,1
TR12,bristol_bay,red_king_crab,2012,female,68,0,0,0,2,0,0,0,0,2
TR12,bristol_bay,red_king_crab,2012,female,70,0,0,0,1,0,0,0,0,1
TR12,bristol_bay,red_king_crab,2012,female,71,0,0,0,2,0,0,0,0,2
TR12,bristol_bay,red_king_crab,2012,female,74,0,0,0,3,0,0,0,0,3
TR12,bristol_bay,red_king_crab,2012,female,75,0,0,0,1,0,0,0,0,1
TR12,bristol_bay,red_king_crab,2012,female,76,0,0,0,3,0,0,0,0,3
TR12,bristol_bay,red_king_crab,2012,female,78,0,0,0,1,0,0,0,0,1
TR12,bristol_bay,red_king_crab,2012,female,79,0,0,0,2,0,0,0,0,2
TR12,bristol_bay,red_king_crab,2012,female,80,0,0,0,4,0,0,0,0,4
TR12,bristol_bay,red_king_crab,2012,female,81,0,0,0,4,0,0,0,0,4
TR12,bristol_bay,red_king_crab,2012,female,82,0,0,0,3,0,0,0,0,3
TR12,bristol_bay,red_king_crab,2012,female,83,0,0,0,4,0,0,0,0,4
TR12,bristol_bay,red_king_crab,2012,female,84,0,0,0,4,0,0,0,0,4
TR12,bristol_bay,red_king_crab,2012,female,85,0,0,0,8,0,0,0,0,8
TR12,bristol_bay,red_king_crab,2012,female,86,0,0,0,2,0,0,0,0,2
TR12,bristol_bay,red_king_crab,2012,female,87,0,0,0,7,0,0,0,0,7
TR12,bristol_bay,red_king_crab,2012,female,88,0,0,0,11,0,0,0,0,11
TR12,bristol_bay,red_king_crab,2012,female,89,0,0,0,6,0,0,0,0,6
TR12,bristol_bay,red_king_crab,2012,female,90,0,0,0,4,0,0,0,0,4
TR12,bristol_bay,red_king_crab,2012,female,91,0,0,0,14,0,0,0,0,14
TR12,bristol_bay,red_king_crab,2012,female,92,0,0,0,9,0,0,0,0,9
TR12,bristol_bay,red_king_crab,2012,female,93,0,0,0,11,0,0,0,0,11
TR12,bristol_bay,red_king_crab,2012,female,94,0,0,0,27,0,0,0,0,27
TR12,bristol_bay,red_king_crab,2012,female,95,0,0,0,17,0,0,0,0,17
TR12,bristol_bay,red_king_crab,2012,female,96,0,0,0,12,0,0,0,0,12
TR12,bristol_bay,red_king_crab,2012,female,97,0,0,0,10,0,0,0,0,10
TR12,bristol_bay,red_king_crab,2012,female,98,0,0,0,8,0,0,0,0,8
TR12,bristol_bay,red_king_crab,2012,female,99,0,0,0,6,0,0,0,0,6
TR12,bristol_bay,red_king_crab,2012,female,100,0,0,0,5,0,0,0,0,5
TR12,bristol_bay,red_king_crab,2012,female,101,0,0,0,5,0,0,0,0,5
TR12,bristol_bay,red_king_crab,2012,female,102,0,0,0,3,0,0,0,0,3
TR12,bristol_bay,red_king_crab,2012,female,103,0,0,0,6,0,0,0,0,6
TR12,bristol_bay,red_king_crab,2012,female,104,0,0,0,3,0,0,0,0,3
TR12,bristol_bay,red_king_crab,2012,female,105,0,0,0,5,0,0,0,0,5
TR12,bristol_bay,red_king_crab,2012,female,106,0,0,0,1,0,0,0,0,1
TR12,bristol_bay,red_king_crab,2012,female,107,0,0,0,1,0,0,0,0,1
TR12,bristol_bay,red_king_crab,2012,female,109,0,0,0,3,0,0,0,0,3
TR12,bristol_bay,red_king_crab,2012,female,111,0,0,0,3,0,0,0,0,3
TR12,bristol_bay,red_king_crab,2012,female,112,0,0,0,1,0,0,0,0,1
TR12,bristol_bay,red_king_crab,2012,female,113,0,0,0,1,0,0,0,0,1
TR12,bristol_bay,red_king_crab,2012,female,114,0,0,0,2,0,0,0,0,2
TR12,bristol_bay,red_king_crab,2012,female,115,0,0,0,1,0,0,0,0,1
TR12,bristol_bay,red_king_crab,2012,female,117,0,0,0,3,1,0,0,0,4
TR12,bristol_bay,red_king_crab,2012,female,118,0,0,0,10,1,0,0,0,11
TR12,bristol_bay,red_king_crab,2012,female,119,0,0,0,7,0,0,0,0,7
TR12,bristol_bay,red_king_crab,2012,female,120,0,0,0,3,0,0,0,0,3
TR12,bristol_bay,red_king_crab,2012,female,121,0,0,0,6,1,0,0,0,7
TR12,bristol_bay,red_king_crab,2012,female,122,0,0,0,5,0,0,0,0,5
TR12,bristol_bay,red_king_crab,2012,female,123,0,0,0,5,0,0,0,0,5
TR12,bristol_bay,red_king_crab,2012,female,124,0,0,0,4,0,0,0,0,4
TR12,bristol_bay,red_king_crab,2012,female,125,0,0,0,10,0,0,0,0,10
TR12,bristol_bay,red_king_crab,2012,female,126,0,0,0,16,0,0,0,0,16
TR12,bristol_bay,red_king_crab,2012,female,127,0,0,0,17,0,0,0,0,17
TR12,bristol_bay,red_king_crab,2012,female,128,0,0,0,21,0,0,0,0,21
TR12,bristol_bay,red_king_crab,2012,female,129,0,0,0,29,0,0,0,0,29
TR12,bristol_bay,red_king_crab,2012,female,130,0,0,0,16,0,0,0,0,16
TR12,bristol_bay,red_king_crab,2012,female,131,0,0,0,22,1,0,0,0,23
TR12,bristol_bay,red_king_crab,2012,female,132,0,0,0,20,0,0,0,0,20
TR12,bristol_bay,red_king_crab,2012,female,133,0,0,0,13,0,0,0,0,13
TR12,bristol_bay,red_king_crab,2012,female,134,0,0,0,12,1,0,0,0,13
TR12,bristol_bay,red_king_crab,2012,female,135,0,0,0,18,0,0,0,0,18
TR12,bristol_bay,red_king_crab,2012,female,136,0,0,0,26,1,0,0,0,27
TR12,bristol_bay,red_king_crab,2012,female,137,0,0,0,5,0,0,0,0,5
TR12,bristol_bay,red_king_crab,2012,female,138,0,0,0,3,0,0,0,0,3
TR12,bristol_bay,red_king_crab,2012,female,139,0,0,0,8,1,0,0,0,9
TR12,bristol_bay,red_king_crab,2012,female,140,0,0,0,23,0,0,0,0,23
TR12,bristol_bay,red_king_crab,2012,female,141,0,0,0,12,0,0,0,0,12
TR12,bristol_bay,red_king_crab,2012,female,142,0,0,0,4,0,0,0,0,4
TR12,bristol_bay,red_king_crab,2012,female,143,0,0,0,1,0,0,0,0,1
TR12,bristol_bay,red_king_crab,2012,female,144,0,0,0,2,0,0,0,0,2
TR12,bristol_bay,red_king_crab,2012,female,145,0,0,0,4,0,0,0,0,4
TR12,bristol_bay,red_king_crab,2012,female,149,0,0,0,1,0,0,0,0,1
TR12,bristol_bay,red_king_crab,2012,female,156,0,0,0,1,0,0,0,0,1
TR13,bristol_bay,red_king_crab,2013,male,18,0,0,0,1,0,0,0,0,1
TR13,bristol_bay,red_king_crab,2013,male,34,0,0,0,1,0,0,0,0,1
TR13,bristol_bay,red_king_crab,2013,male,42,0,0,0,1,0,0,0,0,1
TR13,bristol_bay,red_king_crab,2013,male,68,0,0,0,1,0,0,0,0,1
TR13,bristol_bay,red_king_crab,2013,male,69,0,0,0,1,0,0,0,0,1
TR13,bristol_bay,red_king_crab,2013,male,70,0,0,0,4,0,0,0,0,4
TR13,bristol_bay,red_king_crab,2013,male,71,0,0,0,5,0,0,0,0,5
TR13,bristol_bay,red_king_crab,2013,male,72,0,0,0,1,0,0,0,0,1
TR13,bristol_bay,red_king_crab,2013,male,73,0,0,0,5,0,0,0,0,5
TR13,bristol_bay,red_king_crab,2013,male,74,0,0,0,7,0,0,0,0,7
TR13,bristol_bay,red_king_crab,2013,male,75,0,0,0,12,0,0,0,0,12
TR13,bristol_bay,red_king_crab,2013,male,76,0,0,0,8,0,0,0,0,8
TR13,bristol_bay,red_king_crab,2013,male,77,0,0,0,10,0,0,0,0,10
TR13,bristol_bay,red_king_crab,2013,male,78,0,0,0,13,0,0,0,0,13
TR13,bristol_bay,red_king_crab,2013,male,79,0,0,0,12,0,0,0,0,12
TR13,bristol_bay,red_king_crab,2013,male,80,0,0,0,16,0,0,0,0,16
TR13,bristol_bay,red_king_crab,2013,male,81,0,0,0,14,0,0,0,0,14
TR13,bristol_bay,red_king_crab,2013,male,82,0,0,0,9,0,0,0,0,9
TR13,bristol_bay,red_king_crab,2013,male,83,0,0,0,14,0,0,0,0,14
TR13,bristol_bay,red_king_crab,2013,male,84,0,0,0,18,0,0,0,0,18
TR13,bristol_bay,red_king_crab,2013,male,85,0,0,0,31,0,0,0,0,31
TR13,bristol_bay,red_king_crab,2013,male,86,0,0,0,25,0,0,0,0,25
TR13,bristol_bay,red_king_crab,2013,male,87,0,0,0,27,0,0,0,0,27
TR13,bristol_bay,red_king_crab,2013,male,88,0,0,0,35,0,0,0,0,35
TR13,bristol_bay,red_king_crab,2013,male,89,0,0,0,33,0,0,0,0,33
TR13,bristol_bay,red_king_crab,2013,male,90,0,0,0,34,0,0,0,0,34
TR13,bristol_bay,red_king_crab,2013,male,91,0,0,0,33,0,0,0,0,33
TR13,bristol_bay,red_king_crab,2013,male,92,0,0,0,38,0,0,0,0,38
TR13,bristol_bay,red_king_crab,2013,male,93,0,0,0,28,0,0,0,0,28
TR13,bristol_bay,red_king_crab,2013,male,94,0,0,0,54,2,0,0,0,56
TR13,bristol_bay,red_king_crab,2013,male,95,0,0,0,58,0,0,0,0,58
TR13,bristol_bay,red_king_crab,2013,male,96,0,0,0,53,1,0,0,0,54
TR13,bristol_bay,red_king_crab,2013,male,97,0,0,0,61,0,0,0,0,61
TR13,bristol_bay,red_king_crab,2013,male,98,0,0,0,62,1,0,0,0,63
TR13,bristol_bay,red_king_crab,2013,male,99,0,0,0,73,1,0,0,0,74
TR13,bristol_bay,red_king_crab,2013,male,100,0,0,0,75,1,0,0,0,76
TR13,bristol_bay,red_king_crab,2013,male,101,0,0,1,66,0,0,0,0,67
TR13,bristol_bay,red_king_crab,2013,male,102,0,0,0,102,0,0,0,0,102
TR13,bristol_bay,red_king_crab,2013,male,103,0,0,0,109,0,0,0,0,109
TR13,bristol_bay,red_king_crab,2013,male,104,0,0,0,127,1,1,0,0,129
TR13,bristol_bay,red_king_crab,2013,male,105,0,0,0,139,2,0,0,0,141
TR13,bristol_bay,red_king_crab,2013,male,106,0,0,0,142,3,0,0,0,145
TR13,bristol_bay,red_king_crab,2013,male,107,0,0,0,132,4,0,0,0,136
TR13,bristol_bay,red_king_crab,2013,male,108,0,0,0,204,2,0,0,0,206
TR13,bristol_bay,red_king_crab,2013,male,109,0,0,0,203,0,0,0,0,203
TR13,bristol_bay,red_king_crab,2013,male,110,0,0,0,247,5,0,0,0,252
TR13,bristol_bay,red_king_crab,2013,male,111,0,0,0,205,3,0,0,0,208
TR13,bristol_bay,red_king_crab,2013,male,112,0,0,0,251,0,0,0,0,251
TR13,bristol_bay,red_king_crab,2013,male,113,0,0,0,246,2,0,0,0,248
TR13,bristol_bay,red_king_crab,2013,male,114,0,0,0,254,7,0,0,1,262
TR13,bristol_bay,red_king_crab,2013,male,115,0,0,0,342,5,1,0,0,348
TR13,bristol_bay,red_king_crab,2013,male,116,0,0,0,305,7,0,0,3,315
TR13,bristol_bay,red_king_crab,2013,male,117,0,0,1,290,6,0,0,0,297
TR13,bristol_bay,red_king_crab,2013,male,118,0,0,0,391,13,0,0,2,406
TR13,bristol_bay,red_king_crab,2013,male,119,0,0,0,379,10,0,0,3,392
TR13,bristol_bay,red_king_crab,2013,male,120,0,0,0,369,15,0,0,3,387
TR13,bristol_bay,red_king_crab,2013,male,121,0,0,0,323,13,1,0,1,338
TR13,bristol_bay,red_king_crab,2013,male,122,1,0,0,361,13,0,0,1,376
TR13,bristol_bay,red_king_crab,2013,male,123,0,0,0,384,15,0,0,0,399
TR13,bristol_bay,red_king_crab,2013,male,124,0,0,0,432,20,4,0,1,457
TR13,bristol_bay,red_king_crab,2013,male,125,0,0,0,387,33,0,0,2,422
TR13,bristol_bay,red_king_crab,2013,male,126,0,0,0,401,20,2,0,2,425
TR13,bristol_bay,red_king_crab,2013,male,127,0,0,1,362,20,0,0,2,385
TR13,bristol_bay,red_king_crab,2013,male,128,0,0,0,477,24,0,0,2,503
TR13,bristol_bay,red_king_crab,2013,male,129,0,0,0,405,29,0,0,1,435
TR13,bristol_bay,red_king_crab,2013,male,130,0,0,0,444,38,1,0,1,484
TR13,bristol_bay,red_king_crab,2013,male,131,0,0,0,400,31,1,0,1,433
TR13,bristol_bay,red_king_crab,2013,male,132,0,0,0,462,35,1,0,3,501
TR13,bristol_bay,red_king_crab,2013,male,133,0,0,0,372,41,4,0,1,418
TR13,bristol_bay,red_king_crab,2013,male,134,0,0,0,485,65,6,0,1,557
TR13,bristol_bay,red_king_crab,2013,male,135,0,0,0,450,46,4,0,0,500
TR13,bristol_bay,red_king_crab,2013,male,136,0,0,0,418,40,1,0,0,459
TR13,bristol_bay,red_king_crab,2013,male,137,0,0,1,400,31,1,0,1,434
TR13,bristol_bay,red_king_crab,2013,male,138,0,0,0,530,78,5,0,0,613
TR13,bristol_bay,red_king_crab,2013,male,139,0,0,0,404,42,2,0,0,448
TR13,bristol_bay,red_king_crab,2013,male,140,0,0,0,452,74,2,0,0,528
TR13,bristol_bay,red_king_crab,2013,male,141,0,0,0,408,65,5,0,0,478
TR13,bristol_bay,red_king_crab,2013,male,142,0,0,0,431,70,4,0,0,505
TR13,bristol_bay,red_king_crab,2013,male,143,0,0,0,530,93,6,0,0,629
TR13,bristol_bay,red_king_crab,2013,male,144,0,0,0,452,73,10,0,0,535
TR13,bristol_bay,red_king_crab,2013,male,145,0,0,0,502,81,5,0,0,588
TR13,bristol_bay,red_king_crab,2013,male,146,0,0,0,468,72,3,0,0,543
TR13,bristol_bay,red_king_crab,2013,male,147,0,0,1,368,51,4,0,0,424
TR13,bristol_bay,red_king_crab,2013,male,148,0,0,1,528,112,13,0,0,654
TR13,bristol_bay,red_king_crab,2013,male,149,0,1,0,427,77,11,0,0,516
TR13,bristol_bay,red_king_crab,2013,male,150,0,0,0,516,130,15,0,0,661
TR13,bristol_bay,red_king_crab,2013,male,151,0,0,0,475,103,12,0,0,590
TR13,bristol_bay,red_king_crab,2013,male,152,0,0,0,469,120,14,0,0,603
TR13,bristol_bay,red_king_crab,2013,male,153,0,0,0,580,171,13,0,0,764
TR13,bristol_bay,red_king_crab,2013,male,154,0,0,0,551,151,17,0,0,719
TR13,bristol_bay,red_king_crab,2013,male,155,0,0,0,509,145,19,0,0,673
TR13,bristol_bay,red_king_crab,2013,male,156,0,0,0,515,145,15,0,0,675
TR13,bristol_bay,red_king_crab,2013,male,157,0,0,1,437,79,19,0,0,536
TR13,bristol_bay,red_king_crab,2013,male,158,0,0,0,556,178,24,0,1,759
TR13,bristol_bay,red_king_crab,2013,male,159,0,0,0,423,96,9,0,0,528
TR13,bristol_bay,red_king_crab,2013,male,160,0,0,0,441,117,23,0,0,581
TR13,bristol_bay,red_king_crab,2013,male,161,0,0,0,379,106,16,0,0,501
TR13,bristol_bay,red_king_crab,2013,male,162,0,0,0,392,101,16,0,0,509
TR13,bristol_bay,red_king_crab,2013,male,163,0,0,0,420,128,16,0,0,564
TR13,bristol_bay,red_king_crab,2013,male,164,0,0,1,376,126,21,0,0,524
TR13,bristol_bay,red_king_crab,2013,male,165,0,0,1,380,88,14,0,0,483
TR13,bristol_bay,red_king_crab,2013,male,166,0,0,0,296,70,12,0,0,378
TR13,bristol_bay,red_king_crab,2013,male,167,0,0,0,274,81,14,0,0,369
TR13,bristol_bay,red_king_crab,2013,male,168,0,0,0,296,83,10,0,0,389
TR13,bristol_bay,red_king_crab,2013,male,169,0,0,0,210,69,9,0,1,289
TR13,bristol_bay,red_king_crab,2013,male,170,0,0,0,238,74,9,0,0,321
TR13,bristol_bay,red_king_crab,2013,male,171,0,0,0,155,45,6,0,0,206
TR13,bristol_bay,red_king_crab,2013,male,172,0,0,0,162,41,7,0,0,210
TR13,bristol_bay,red_king_crab,2013,male,173,0,0,0,131,55,6,0,0,192
TR13,bristol_bay,red_king_crab,2013,male,174,0,0,0,117,36,11,0,0,164
TR13,bristol_bay,red_king_crab,2013,male,175,0,0,0,82,32,3,0,0,117
TR13,bristol_bay,red_king_crab,2013,male,176,0,0,0,71,18,3,0,0,92
TR13,bristol_bay,red_king_crab,2013,male,177,0,0,0,40,18,0,0,0,58
TR13,bristol_bay,red_king_crab,2013,male,178,0,0,0,69,26,1,0,0,96
TR13,bristol_bay,red_king_crab,2013,male,179,0,0,0,33,14,1,0,0,48
TR13,bristol_bay,red_king_crab,2013,male,180,0,0,0,30,14,0,0,0,44
TR13,bristol_bay,red_king_crab,2013,male,181,0,0,0,27,13,3,0,0,43
TR13,bristol_bay,red_king_crab,2013,male,182,0,0,0,22,5,0,0,0,27
TR13,bristol_bay,red_king_crab,2013,male,183,0,0,0,11,8,0,0,0,19
TR13,bristol_bay,red_king_crab,2013,male,184,0,0,0,13,9,1,0,0,23
TR13,bristol_bay,red_king_crab,2013,male,185,0,0,0,10,3,0,0,0,13
TR13,bristol_bay,red_king_crab,2013,male,186,0,0,0,4,1,0,0,0,5
TR13,bristol_bay,red_king_crab,2013,male,187,0,0,0,6,0,2,0,0,8
TR13,bristol_bay,red_king_crab,2013,male,188,0,0,0,7,1,1,0,0,9
TR13,bristol_bay,red_king_crab,2013,male,189,0,0,0,5,3,0,0,0,8
TR13,bristol_bay,red_king_crab,2013,male,190,0,0,0,1,1,0,0,0,2
TR13,bristol_bay,red_king_crab,2013,male,191,0,0,0,1,0,1,0,0,2
TR13,bristol_bay,red_king_crab,2013,male,193,0,0,0,1,0,0,0,0,1
TR13,bristol_bay,red_king_crab,2013,male,195,0,0,0,0,1,0,0,0,1
TR13,bristol_bay,red_king_crab,2013,female,2,0,0,0,1,0,0,0,0,1
TR13,bristol_bay,red_king_crab,2013,female,5,0,0,0,3,0,0,0,0,3
TR13,bristol_bay,red_king_crab,2013,female,6,0,0,0,1,0,0,0,0,1
TR13,bristol_bay,red_king_crab,2013,female,7,0,0,0,1,0,0,0,0,1
TR13,bristol_bay,red_king_crab,2013,female,8,0,0,0,1,0,0,0,0,1
TR13,bristol_bay,red_king_crab,2013,female,9,0,0,0,1,0,0,0,0,1
TR13,bristol_bay,red_king_crab,2013,female,10,0,0,0,2,0,0,0,0,2
TR13,bristol_bay,red_king_crab,2013,female,15,0,0,0,1,0,0,0,0,1
TR13,bristol_bay,red_king_crab,2013,female,16,0,0,0,1,0,0,0,0,1
TR13,bristol_bay,red_king_crab,2013,female,17,0,0,0,1,0,0,0,0,1
TR13,bristol_bay,red_king_crab,2013,female,18,0,0,0,1,0,0,0,0,1
TR13,bristol_bay,red_king_crab,2013,female,31,0,0,0,2,0,0,0,0,2
TR13,bristol_bay,red_king_crab,2013,female,32,0,0,0,1,0,0,0,0,1
TR13,bristol_bay,red_king_crab,2013,female,34,0,0,0,1,0,0,0,0,1
TR13,bristol_bay,red_king_crab,2013,female,38,0,0,0,1,0,0,0,0,1
TR13,bristol_bay,red_king_crab,2013,female,44,0,0,0,1,0,0,0,0,1
TR13,bristol_bay,red_king_crab,2013,female,46,0,0,0,1,0,0,0,0,1
TR13,bristol_bay,red_king_crab,2013,female,47,0,0,0,1,0,0,0,0,1
TR13,bristol_bay,red_king_crab,2013,female,66,0,0,0,1,0,0,0,0,1
TR13,bristol_bay,red_king_crab,2013,female,68,0,0,0,1,0,0,0,0,1
TR13,bristol_bay,red_king_crab,2013,female,69,0,0,0,1,0,0,0,0,1
TR13,bristol_bay,red_king_crab,2013,female,70,0,0,0,1,0,0,0,0,1
TR13,bristol_bay,red_king_crab,2013,female,71,0,0,0,1,0,0,0,0,1
TR13,bristol_bay,red_king_crab,2013,female,72,0,0,0,1,0,0,0,0,1
TR13,bristol_bay,red_king_crab,2013,female,73,0,0,0,4,0,0,0,0,4
TR13,bristol_bay,red_king_crab,2013,female,74,0,0,0,3,0,0,0,0,3
TR13,bristol_bay,red_king_crab,2013,female,75,0,0,0,9,0,0,0,0,9
TR13,bristol_bay,red_king_crab,2013,female,76,0,0,0,12,0,0,0,0,12
TR13,bristol_bay,red_king_crab,2013,female,77,0,0,0,9,0,0,0,0,9
TR13,bristol_bay,red_king_crab,2013,female,78,0,0,0,8,0,0,0,0,8
TR13,bristol_bay,red_king_crab,2013,female,79,0,0,0,12,0,0,0,0,12
TR13,bristol_bay,red_king_crab,2013,female,80,0,0,0,13,0,0,0,0,13
TR13,bristol_bay,red_king_crab,2013,female,81,0,0,0,13,0,0,0,0,13
TR13,bristol_bay,red_king_crab,2013,female,82,0,0,0,6,0,0,0,0,6
TR13,bristol_bay,red_king_crab,2013,female,83,0,0,0,14,0,0,0,0,14
TR13,bristol_bay,red_king_crab,2013,female,84,0,0,0,19,0,0,0,0,19
TR13,bristol_bay,red_king_crab,2013,female,85,0,0,0,18,0,0,0,0,18
TR13,bristol_bay,red_king_crab,2013,female,86,0,0,0,20,0,0,0,0,20
TR13,bristol_bay,red_king_crab,2013,female,87,0,0,0,19,0,0,0,0,19
TR13,bristol_bay,red_king_crab,2013,female,88,0,0,0,23,0,0,0,0,23
TR13,bristol_bay,red_king_crab,2013,female,89,0,0,0,33,0,0,0,1,34
TR13,bristol_bay,red_king_crab,2013,female,90,0,0,0,32,1,0,0,0,33
TR13,bristol_bay,red_king_crab,2013,female,91,0,0,0,35,0,0,0,0,35
TR13,bristol_bay,red_king_crab,2013,female,92,0,0,0,43,0,0,0,0,43
TR13,bristol_bay,red_king_crab,2013,female,93,0,0,0,53,0,0,0,0,53
TR13,bristol_bay,red_king_crab,2013,female,94,0,0,0,57,0,0,0,0,57
TR13,bristol_bay,red_king_crab,2013,female,95,0,0,0,82,0,0,0,0,82
TR13,bristol_bay,red_king_crab,2013,female,96,0,0,0,58,0,0,0,0,58
TR13,bristol_bay,red_king_crab,2013,female,97,0,0,0,78,0,0,0,0,78
TR13,bristol_bay,red_king_crab,2013,female,98,0,1,0,108,2,0,0,0,111
TR13,bristol_bay,red_king_crab,2013,female,99,0,0,0,103,0,0,0,0,103
TR13,bristol_bay,red_king_crab,2013,female,100,0,0,0,135,0,0,0,1,136
TR13,bristol_bay,red_king_crab,2013,female,101,0,0,0,142,0,0,0,0,142
TR13,bristol_bay,red_king_crab,2013,female,102,0,0,0,180,0,0,0,1,181
TR13,bristol_bay,red_king_crab,2013,female,103,0,0,0,167,0,0,0,0,167
TR13,bristol_bay,red_king_crab,2013,female,104,0,0,0,176,0,0,0,2,178
TR13,bristol_bay,red_king_crab,2013,female,105,0,0,0,191,0,0,0,0,191
TR13,bristol_bay,red_king_crab,2013,female,106,0,0,0,182,0,0,0,0,182
TR13,bristol_bay,red_king_crab,2013,female,107,0,0,0,135,0,0,0,0,135
TR13,bristol_bay,red_king_crab,2013,female,108,0,0,0,180,0,0,0,0,180
TR13,bristol_bay,red_king_crab,2013,female,109,0,0,0,173,0,0,0,0,173
TR13,bristol_bay,red_king_crab,2013,female,110,0,0,0,148,1,0,0,2,151
TR13,bristol_bay,red_king_crab,2013,female,111,0,0,0,108,0,0,0,0,108
TR13,bristol_bay,red_king_crab,2013,female,112,0,0,0,121,0,0,0,1,122
TR13,bristol_bay,red_king_crab,2013,female,113,0,0,0,118,0,0,0,0,118
TR13,bristol_bay,red_king_crab,2013,female,114,0,0,0,87,0,0,0,2,89
TR13,bristol_bay,red_king_crab,2013,female,115,0,0,0,103,0,0,0,0,103
TR13,bristol_bay,red_king_crab,2013,female,116,0,0,0,104,0,0,0,0,104
TR13,bristol_bay,red_king_crab,2013,female,117,0,0,0,69,0,0,0,0,69
TR13,bristol_bay,red_king_crab,2013,female,118,0,0,0,83,0,0,0,1,84
TR13,bristol_bay,red_king_crab,2013,female,119,0,0,0,73,0,0,0,1,74
TR13,bristol_bay,red_king_crab,2013,female,120,0,0,0,95,1,0,0,1,97
TR13,bristol_bay,red_king_crab,2013,female,121,0,0,0,62,0,0,0,0,62
TR13,bristol_bay,red_king_crab,2013,female,122,0,0,0,64,0,0,0,0,64
TR13,bristol_bay,red_king_crab,2013,female,123,0,0,0,62,0,0,0,0,62
TR13,bristol_bay,red_king_crab,2013,female,124,0,0,0,100,0,0,0,0,100
TR13,bristol_bay,red_king_crab,2013,female,125,0,0,0,103,0,0,0,2,105
TR13,bristol_bay,red_king_crab,2013,female,126,0,0,0,92,1,0,0,1,94
TR13,bristol_bay,red_king_crab,2013,female,127,0,0,0,101,1,0,0,0,102
TR13,bristol_bay,red_king_crab,2013,female,128,0,0,0,99,0,0,0,0,99
TR13,bristol_bay,red_king_crab,2013,female,129,0,0,0,113,3,0,0,1,117
TR13,bristol_bay,red_king_crab,2013,female,130,0,0,0,110,2,0,0,1,113
TR13,bristol_bay,red_king_crab,2013,female,131,0,0,0,90,0,0,0,0,90
TR13,bristol_bay,red_king_crab,2013,female,132,0,0,0,108,0,0,0,0,108
TR13,bristol_bay,red_king_crab,2013,female,133,0,0,0,114,1,0,0,2,117
TR13,bristol_bay,red_king_crab,2013,female,134,0,0,0,118,1,1,0,0,120
TR13,bristol_bay,red_king_crab,2013,female,135,0,0,0,105,2,1,0,0,108
TR13,bristol_bay,red_king_crab,2013,female,136,0,0,0,95,0,0,0,0,95
TR13,bristol_bay,red_king_crab,2013,female,137,0,0,0,73,1,0,0,0,74
TR13,bristol_bay,red_king_crab,2013,female,138,0,0,0,93,1,0,0,1,95
TR13,bristol_bay,red_king_crab,2013,female,139,0,0,0,69,0,0,0,2,71
TR13,bristol_bay,red_king_crab,2013,female,140,0,0,0,81,0,0,0,1,82
TR13,bristol_bay,red_king_crab,2013,female,141,0,0,0,62,0,0,0,0,62
TR13,bristol_bay,red_king_crab,2013,female,142,0,0,0,59,0,0,0,0,59
TR13,bristol_bay,red_king_crab,2013,female,143,0,0,0,49,0,0,0,0,49
TR13,bristol_bay,red_king_crab,2013,female,144,0,0,0,39,0,0,0,1,40
TR13,bristol_bay,red_king_crab,2013,female,145,0,0,0,38,0,0,0,0,38
TR13,bristol_bay,red_king_crab,2013,female,146,0,0,0,35,0,0,0,0,35
TR13,bristol_bay,red_king_crab,2013,female,147,0,0,0,30,0,0,0,0,30
TR13,bristol_bay,red_king_crab,2013,female,148,0,0,0,29,0,0,0,0,29
TR13,bristol_bay,red_king_crab,2013,female,149,0,0,0,25,1,0,0,0,26
TR13,bristol_bay,red_king_crab,2013,female,150,0,0,0,19,1,0,0,0,20
TR13,bristol_bay,red_king_crab,2013,female,151,0,0,0,13,0,0,0,0,13
TR13,bristol_bay,red_king_crab,2013,female,152,0,0,0,13,2,0,0,0,15
TR13,bristol_bay,red_king_crab,2013,female,153,0,0,0,18,0,0,0,0,18
TR13,bristol_bay,red_king_crab,2013,female,154,0,0,0,11,0,0,0,0,11
TR13,bristol_bay,red_king_crab,2013,female,155,0,0,0,11,0,0,0,0,11
TR13,bristol_bay,red_king_crab,2013,female,156,0,0,0,7,0,0,0,0,7
TR13,bristol_bay,red_king_crab,2013,female,157,0,0,0,6,1,0,0,0,7
TR13,bristol_bay,red_king_crab,2013,female,158,0,0,0,4,0,0,0,0,4
TR13,bristol_bay,red_king_crab,2013,female,159,0,0,0,8,0,0,0,0,8
TR13,bristol_bay,red_king_crab,2013,female,160,0,0,0,2,1,0,0,0,3
TR13,bristol_bay,red_king_crab,2013,female,161,0,0,0,3,0,0,0,0,3
TR13,bristol_bay,red_king_crab,2013,female,163,0,0,0,2,0,0,0,0,2
TR13,bristol_bay,red_king_crab,2013,female,164,0,0,0,3,0,0,0,0,3
TR13,bristol_bay,red_king_crab,2013,female,168,0,0,0,1,0,0,0,0,1
TR14,bristol_bay,red_king_crab,2014,male,35,0,0,0,1,0,0,0,0,1
TR14,bristol_bay,red_king_crab,2014,male,36,0,0,0,1,0,0,0,0,1
TR14,bristol_bay,red_king_crab,2014,male,43,0,0,0,1,0,0,0,0,1
TR14,bristol_bay,red_king_crab,2014,male,61,0,0,0,1,0,0,0,0,1
TR14,bristol_bay,red_king_crab,2014,male,65,0,0,0,1,0,0,0,0,1
TR14,bristol_bay,red_king_crab,2014,male,66,0,0,0,1,0,0,0,0,1
TR14,bristol_bay,red_king_crab,2014,male,68,0,0,0,3,0,0,0,0,3
TR14,bristol_bay,red_king_crab,2014,male,69,0,0,0,3,0,0,0,0,3
TR14,bristol_bay,red_king_crab,2014,male,70,0,0,0,3,0,0,0,0,3
TR14,bristol_bay,red_king_crab,2014,male,71,0,0,0,1,0,0,0,0,1
TR14,bristol_bay,red_king_crab,2014,male,72,0,0,0,8,0,0,0,0,8
TR14,bristol_bay,red_king_crab,2014,male,73,0,0,0,2,0,0,0,0,2
TR14,bristol_bay,red_king_crab,2014,male,74,0,0,0,5,0,0,0,0,5
TR14,bristol_bay,red_king_crab,2014,male,75,0,0,0,6,0,0,0,0,6
TR14,bristol_bay,red_king_crab,2014,male,76,0,0,0,4,0,0,0,0,4
TR14,bristol_bay,red_king_crab,2014,male,77,0,0,0,2,0,0,0,0,2
TR14,bristol_bay,red_king_crab,2014,male,78,0,0,0,8,0,0,0,0,8
TR14,bristol_bay,red_king_crab,2014,male,79,0,0,0,6,0,0,0,0,6
TR14,bristol_bay,red_king_crab,2014,male,80,0,0,0,9,0,0,0,0,9
TR14,bristol_bay,red_king_crab,2014,male,81,0,0,0,2,0,0,0,0,2
TR14,bristol_bay,red_king_crab,2014,male,82,0,0,0,6,0,0,0,0,6
TR14,bristol_bay,red_king_crab,2014,male,83,0,0,0,6,0,0,0,0,6
TR14,bristol_bay,red_king_crab,2014,male,84,0,0,0,13,0,0,0,0,13
TR14,bristol_bay,red_king_crab,2014,male,85,0,0,0,5,0,0,0,0,5
TR14,bristol_bay,red_king_crab,2014,male,86,0,0,0,10,0,0,0,0,10
TR14,bristol_bay,red_king_crab,2014,male,87,0,0,0,9,0,0,0,0,9
TR14,bristol_bay,red_king_crab,2014,male,88,0,0,0,10,0,0,0,0,10
TR14,bristol_bay,red_king_crab,2014,male,89,0,0,0,17,1,0,0,0,18
TR14,bristol_bay,red_king_crab,2014,male,90,0,0,0,21,0,0,0,0,21
TR14,bristol_bay,red_king_crab,2014,male,91,0,0,0,22,0,0,0,0,22
TR14,bristol_bay,red_king_crab,2014,male,92,0,0,0,19,0,0,0,0,19
TR14,bristol_bay,red_king_crab,2014,male,93,0,0,0,26,1,0,0,0,27
TR14,bristol_bay,red_king_crab,2014,male,94,0,0,0,29,0,0,0,0,29
TR14,bristol_bay,red_king_crab,2014,male,95,0,0,0,43,0,0,0,0,43
TR14,bristol_bay,red_king_crab,2014,male,96,0,0,0,44,1,0,0,0,45
TR14,bristol_bay,red_king_crab,2014,male,97,0,0,0,19,0,0,0,0,19
TR14,bristol_bay,red_king_crab,2014,male,98,0,0,0,46,1,0,0,0,47
TR14,bristol_bay,red_king_crab,2014,male,99,0,0,0,44,0,0,0,0,44
TR14,bristol_bay,red_king_crab,2014,male,100,0,0,0,71,2,0,0,0,73
TR14,bristol_bay,red_king_crab,2014,male,101,0,0,0,42,2,0,0,0,44
TR14,bristol_bay,red_king_crab,2014,male,102,0,0,0,54,3,0,0,0,57
TR14,bristol_bay,red_king_crab,2014,male,103,0,0,0,67,1,0,0,0,68
TR14,bristol_bay,red_king_crab,2014,male,104,0,0,0,101,2,0,0,0,103
TR14,bristol_bay,red_king_crab,2014,male,105,0,0,0,77,3,0,0,0,80
TR14,bristol_bay,red_king_crab,2014,male,106,0,0,0,77,7,0,0,0,84
TR14,bristol_bay,red_king_crab,2014,male,107,0,0,0,88,3,0,0,0,91
TR14,bristol_bay,red_king_crab,2014,male,108,0,0,0,109,1,0,0,0,110
TR14,bristol_bay,red_king_crab,2014,male,109,0,0,0,112,6,0,0,0,118
TR14,bristol_bay,red_king_crab,2014,male,110,0,0,0,117,2,0,0,0,119
TR14,bristol_bay,red_king_crab,2014,male,111,0,0,0,97,4,0,0,0,101
TR14,bristol_bay,red_king_crab,2014,male,112,0,0,0,143,4,0,0,0,147
TR14,bristol_bay,red_king_crab,2014,male,113,0,0,0,121,8,1,0,0,130
TR14,bristol_bay,red_king_crab,2014,male,114,0,0,0,144,1,0,0,0,145
TR14,bristol_bay,red_king_crab,2014,male,115,0,0,0,203,14,0,0,0,217
TR14,bristol_bay,red_king_crab,2014,male,116,0,0,0,165,5,0,0,0,170
TR14,bristol_bay,red_king_crab,2014,male,117,0,0,0,214,11,0,0,0,225
TR14,bristol_bay,red_king_crab,2014,male,118,0,0,0,188,15,0,0,0,203
TR14,bristol_bay,red_king_crab,2014,male,119,0,0,0,239,21,0,0,0,260
TR14,bristol_bay,red_king_crab,2014,male,120,0,0,0,256,8,0,0,0,264
TR14,bristol_bay,red_king_crab,2014,male,121,0,0,0,264,27,0,0,0,291
TR14,bristol_bay,red_king_crab,2014,male,122,0,0,0,242,14,0,0,0,256
TR14,bristol_bay,red_king_crab,2014,male,123,0,0,0,284,31,1,0,0,316
TR14,bristol_bay,red_king_crab,2014,male,124,0,0,0,327,22,1,0,0,350
TR14,bristol_bay,red_king_crab,2014,male,125,0,0,0,352,22,0,0,0,374
TR14,bristol_bay,red_king_crab,2014,male,126,0,0,0,369,29,0,0,0,398
TR14,bristol_bay,red_king_crab,2014,male,127,0,0,0,409,32,0,0,0,441
TR14,bristol_bay,red_king_crab,2014,male,128,0,0,0,455,47,2,0,0,504
TR14,bristol_bay,red_king_crab,2014,male,129,0,0,0,438,30,2,0,0,470
TR14,bristol_bay,red_king_crab,2014,male,130,0,0,0,530,46,1,0,0,577
TR14,bristol_bay,red_king_crab,2014,male,131,0,0,0,485,56,0,0,0,541
TR14,bristol_bay,red_king_crab,2014,male,132,0,0,0,532,43,0,0,0,575
TR14,bristol_bay,red_king_crab,2014,male,133,0,0,0,463,41,1,0,0,505
TR14,bristol_bay,red_king_crab,2014,male,134,0,0,0,567,47,2,0,0,616
TR14,bristol_bay,red_king_crab,2014,male,135,0,0,0,609,62,1,0,0,672
TR14,bristol_bay,red_king_crab,2014,male,136,0,0,0,606,59,1,0,0,666
TR14,bristol_bay,red_king_crab,2014,male,137,0,0,0,583,60,3,0,0,646
TR14,bristol_bay,red_king_crab,2014,male,138,0,0,0,620,80,1,0,0,701
TR14,bristol_bay,red_king_crab,2014,male,139,0,0,0,554,59,1,0,0,614
TR14,bristol_bay,red_king_crab,2014,male,140,0,0,0,675,80,0,0,0,755
TR14,bristol_bay,red_king_crab,2014,male,141,0,0,0,569,74,2,0,0,645
TR14,bristol_bay,red_king_crab,2014,male,142,0,0,0,618,76,7,0,3,704
TR14,bristol_bay,red_king_crab,2014,male,143,0,0,0,596,67,4,0,1,668
TR14,bristol_bay,red_king_crab,2014,male,144,0,0,0,557,107,10,0,2,676
TR14,bristol_bay,red_king_crab,2014,male,145,0,0,0,660,112,10,0,0,782
TR14,bristol_bay,red_king_crab,2014,male,146,0,0,0,543,83,8,0,0,634
TR14,bristol_bay,red_king_crab,2014,male,147,0,0,0,556,98,6,0,0,660
TR14,bristol_bay,red_king_crab,2014,male,148,0,0,0,482,119,9,0,0,610
TR14,bristol_bay,red_king_crab,2014,male,149,0,0,0,536,99,12,0,0,647
TR14,bristol_bay,red_king_crab,2014,male,150,0,0,0,529,142,13,0,2,686
TR14,bristol_bay,red_king_crab,2014,male,151,0,0,0,476,132,13,0,0,621
TR14,bristol_bay,red_king_crab,2014,male,152,0,0,0,476,131,12,0,2,621
TR14,bristol_bay,red_king_crab,2014,male,153,0,0,0,425,166,16,0,1,608
TR14,bristol_bay,red_king_crab,2014,male,154,0,0,0,427,122,14,0,1,564
TR14,bristol_bay,red_king_crab,2014,male,155,0,0,0,399,165,19,0,1,584
TR14,bristol_bay,red_king_crab,2014,male,156,0,0,0,373,152,16,0,1,542
TR14,bristol_bay,red_king_crab,2014,male,157,0,0,0,335,162,9,0,2,508
TR14,bristol_bay,red_king_crab,2014,male,158,0,0,0,386,203,10,0,0,599
TR14,bristol_bay,red_king_crab,2014,male,159,0,0,0,297,180,15,0,0,492
TR14,bristol_bay,red_king_crab,2014,male,160,0,0,0,311,185,24,0,0,520
TR14,bristol_bay,red_king_crab,2014,male,161,0,0,0,264,163,16,0,0,443
TR14,bristol_bay,red_king_crab,2014,male,162,0,0,0,263,185,22,0,0,470
TR14,bristol_bay,red_king_crab,2014,male,163,0,0,0,318,157,28,0,1,504
TR14,bristol_bay,red_king_crab,2014,male,164,0,0,0,250,155,29,0,1,435
TR14,bristol_bay,red_king_crab,2014,male,165,0,0,0,262,177,27,0,0,466
TR14,bristol_bay,red_king_crab,2014,male,166,0,0,0,200,164,13,0,1,378
TR14,bristol_bay,red_king_crab,2014,male,167,0,0,0,197,131,20,0,0,348
TR14,bristol_bay,red_king_crab,2014,male,168,0,0,0,202,157,21,0,3,383
TR14,bristol_bay,red_king_crab,2014,male,169,0,0,0,150,130,19,0,1,300
TR14,bristol_bay,red_king_crab,2014,male,170,0,0,0,148,137,15,0,1,301
TR14,bristol_bay,red_king_crab,2014,male,171,0,0,0,130,74,16,0,0,220
TR14,bristol_bay,red_king_crab,2014,male,172,0,0,0,122,79,14,0,0,215
TR14,bristol_bay,red_king_crab,2014,male,173,0,0,0,128,85,6,0,0,219
TR14,bristol_bay,red_king_crab,2014,male,174,0,0,0,95,67,19,0,0,181
TR14,bristol_bay,red_king_crab,2014,male,175,0,0,0,89,68,9,0,0,166
TR14,bristol_bay,red_king_crab,2014,male,176,0,0,0,91,45,9,0,0,145
TR14,bristol_bay,red_king_crab,2014,male,177,0,0,0,55,33,6,0,0,94
TR14,bristol_bay,red_king_crab,2014,male,178,0,0,0,60,38,6,0,0,104
TR14,bristol_bay,red_king_crab,2014,male,179,0,0,0,44,25,6,0,0,75
TR14,bristol_bay,red_king_crab,2014,male,180,0,0,0,34,20,5,0,0,59
TR14,bristol_bay,red_king_crab,2014,male,181,0,0,0,21,15,1,0,0,37
TR14,bristol_bay,red_king_crab,2014,male,182,0,0,0,31,14,5,0,0,50
TR14,bristol_bay,red_king_crab,2014,male,183,0,0,0,24,6,1,0,0,31
TR14,bristol_bay,red_king_crab,2014,male,184,0,0,0,19,5,3,0,0,27
TR14,bristol_bay,red_king_crab,2014,male,185,0,0,0,10,10,3,0,0,23
TR14,bristol_bay,red_king_crab,2014,male,186,0,0,0,8,2,1,0,0,11
TR14,bristol_bay,red_king_crab,2014,male,187,0,0,0,9,5,0,0,0,14
TR14,bristol_bay,red_king_crab,2014,male,188,0,0,0,6,3,0,0,0,9
TR14,bristol_bay,red_king_crab,2014,male,189,0,0,0,5,4,2,0,0,11
TR14,bristol_bay,red_king_crab,2014,male,190,0,0,0,9,3,0,0,0,12
TR14,bristol_bay,red_king_crab,2014,male,191,0,0,0,2,2,0,0,0,4
TR14,bristol_bay,red_king_crab,2014,male,192,0,0,0,5,0,0,0,0,5
TR14,bristol_bay,red_king_crab,2014,male,193,0,0,0,1,0,0,0,0,1
TR14,bristol_bay,red_king_crab,2014,male,194,0,0,0,2,0,0,0,0,2
TR14,bristol_bay,red_king_crab,2014,male,196,0,0,0,3,0,0,0,0,3
TR14,bristol_bay,red_king_crab,2014,male,197,0,0,0,1,0,0,0,0,1
TR14,bristol_bay,red_king_crab,2014,male,199,0,0,0,1,1,0,0,0,2
TR14,bristol_bay,red_king_crab,2014,male,200,0,0,0,0,0,1,0,0,1
TR14,bristol_bay,red_king_crab,2014,male,202,0,0,0,0,1,0,0,0,1
TR14,bristol_bay,red_king_crab,2014,female,16,0,0,0,1,0,0,0,0,1
TR14,bristol_bay,red_king_crab,2014,female,28,0,0,0,1,0,0,0,0,1
TR14,bristol_bay,red_king_crab,2014,female,39,0,0,0,1,0,0,0,0,1
TR14,bristol_bay,red_king_crab,2014,female,56,0,0,0,1,0,0,0,0,1
TR14,bristol_bay,red_king_crab,2014,female,65,0,0,0,1,0,0,0,0,1
TR14,bristol_bay,red_king_crab,2014,female,66,0,0,0,1,0,0,0,0,1
TR14,bristol_bay,red_king_crab,2014,female,67,0,0,0,1,0,0,0,0,1
TR14,bristol_bay,red_king_crab,2014,female,70,0,0,0,3,0,0,0,0,3
TR14,bristol_bay,red_king_crab,2014,female,71,0,0,0,1,0,0,0,0,1
TR14,bristol_bay,red_king_crab,2014,female,72,0,0,0,2,0,0,0,0,2
TR14,bristol_bay,red_king_crab,2014,female,73,0,0,0,4,0,0,0,0,4
TR14,bristol_bay,red_king_crab,2014,female,74,0,0,0,4,0,0,0,0,4
TR14,bristol_bay,red_king_crab,2014,female,75,0,0,0,7,0,0,0,0,7
TR14,bristol_bay,red_king_crab,2014,female,76,0,0,0,4,0,0,0,0,4
TR14,bristol_bay,red_king_crab,2014,female,77,0,0,0,2,0,0,0,0,2
TR14,bristol_bay,red_king_crab,2014,female,78,0,0,0,2,0,0,0,0,2
TR14,bristol_bay,red_king_crab,2014,female,79,0,0,0,3,0,0,0,0,3
TR14,bristol_bay,red_king_crab,2014,female,80,0,0,0,8,0,0,0,0,8
TR14,bristol_bay,red_king_crab,2014,female,81,0,0,0,3,0,0,0,0,3
TR14,bristol_bay,red_king_crab,2014,female,82,0,0,0,5,0,0,0,0,5
TR14,bristol_bay,red_king_crab,2014,female,83,0,0,0,1,0,0,0,0,1
TR14,bristol_bay,red_king_crab,2014,female,84,0,0,0,6,0,0,0,0,6
TR14,bristol_bay,red_king_crab,2014,female,85,0,0,0,4,0,0,0,0,4
TR14,bristol_bay,red_king_crab,2014,female,86,0,0,0,2,0,0,0,0,2
TR14,bristol_bay,red_king_crab,2014,female,87,0,0,0,3,0,0,0,0,3
TR14,bristol_bay,red_king_crab,2014,female,88,0,0,0,5,0,0,0,0,5
TR14,bristol_bay,red_king_crab,2014,female,89,0,0,0,9,0,0,0,0,9
TR14,bristol_bay,red_king_crab,2014,female,90,0,0,0,17,0,0,0,0,17
TR14,bristol_bay,red_king_crab,2014,female,91,0,0,0,10,0,0,0,0,10
TR14,bristol_bay,red_king_crab,2014,female,92,0,0,0,9,0,0,0,0,9
TR14,bristol_bay,red_king_crab,2014,female,93,0,0,0,10,0,0,0,0,10
TR14,bristol_bay,red_king_crab,2014,female,94,0,0,0,10,0,0,0,0,10
TR14,bristol_bay,red_king_crab,2014,female,95,0,0,0,9,0,0,0,0,9
TR14,bristol_bay,red_king_crab,2014,female,96,0,0,0,19,0,0,0,0,19
TR14,bristol_bay,red_king_crab,2014,female,97,0,0,0,11,0,0,0,0,11
TR14,bristol_bay,red_king_crab,2014,female,98,0,0,0,16,0,0,0,0,16
TR14,bristol_bay,red_king_crab,2014,female,99,0,0,0,20,0,0,0,0,20
TR14,bristol_bay,red_king_crab,2014,female,100,0,0,0,19,0,0,0,0,19
TR14,bristol_bay,red_king_crab,2014,female,101,0,0,0,11,0,0,0,0,11
TR14,bristol_bay,red_king_crab,2014,female,102,0,0,0,12,0,0,0,0,12
TR14,bristol_bay,red_king_crab,2014,female,103,0,0,0,7,0,0,0,0,7
TR14,bristol_bay,red_king_crab,2014,female,104,0,0,0,24,0,0,0,0,24
TR14,bristol_bay,red_king_crab,2014,female,105,0,0,0,27,0,0,0,0,27
TR14,bristol_bay,red_king_crab,2014,female,106,0,0,0,15,0,0,0,0,15
TR14,bristol_bay,red_king_crab,2014,female,107,0,0,0,33,0,0,0,0,33
TR14,bristol_bay,red_king_crab,2014,female,108,0,0,0,34,0,0,0,0,34
TR14,bristol_bay,red_king_crab,2014,female,109,0,0,0,31,0,0,0,0,31
TR14,bristol_bay,red_king_crab,2014,female,110,0,0,0,38,0,0,0,0,38
TR14,bristol_bay,red_king_crab,2014,female,111,0,0,0,32,0,0,0,0,32
TR14,bristol_bay,red_king_crab,2014,female,112,0,0,0,44,0,0,0,0,44
TR14,bristol_bay,red_king_crab,2014,female,113,0,0,0,38,0,0,0,0,38
TR14,bristol_bay,red_king_crab,2014,female,114,0,0,0,38,0,0,0,0,38
TR14,bristol_bay,red_king_crab,2014,female,115,0,0,0,38,1,0,0,0,39
TR14,bristol_bay,red_king_crab,2014,female,116,0,0,0,34,0,0,0,0,34
TR14,bristol_bay,red_king_crab,2014,female,117,0,0,0,35,1,0,0,0,36
TR14,bristol_bay,red_king_crab,2014,female,118,0,0,0,49,0,0,0,0,49
TR14,bristol_bay,red_king_crab,2014,female,119,0,0,0,43,0,0,0,0,43
TR14,bristol_bay,red_king_crab,2014,female,120,0,0,0,48,1,0,0,0,49
TR14,bristol_bay,red_king_crab,2014,female,121,0,0,0,48,0,0,0,0,48
TR14,bristol_bay,red_king_crab,2014,female,122,0,0,0,34,0,0,0,0,34
TR14,bristol_bay,red_king_crab,2014,female,123,0,0,0,30,0,0,0,0,30
TR14,bristol_bay,red_king_crab,2014,female,124,0,0,0,42,0,0,0,0,42
TR14,bristol_bay,red_king_crab,2014,female,125,0,0,0,51,1,0,0,0,52
TR14,bristol_bay,red_king_crab,2014,female,126,0,0,0,59,0,0,0,0,59
TR14,bristol_bay,red_king_crab,2014,female,127,0,0,0,50,1,0,0,0,51
TR14,bristol_bay,red_king_crab,2014,female,128,0,0,0,47,0,0,0,0,47
TR14,bristol_bay,red_king_crab,2014,female,129,0,0,0,48,0,0,0,0,48
TR14,bristol_bay,red_king_crab,2014,female,130,0,0,0,58,0,0,0,0,58
TR14,bristol_bay,red_king_crab,2014,female,131,0,0,0,52,0,0,0,0,52
TR14,bristol_bay,red_king_crab,2014,female,132,0,0,0,57,1,0,0,0,58
TR14,bristol_bay,red_king_crab,2014,female,133,0,0,0,73,1,0,0,0,74
TR14,bristol_bay,red_king_crab,2014,female,134,0,0,0,62,0,0,0,0,62
TR14,bristol_bay,red_king_crab,2014,female,135,0,0,0,80,0,0,0,0,80
TR14,bristol_bay,red_king_crab,2014,female,136,0,0,0,62,1,0,0,0,63
TR14,bristol_bay,red_king_crab,2014,female,137,0,0,0,75,0,0,0,0,75
TR14,bristol_bay,red_king_crab,2014,female,138,0,0,0,66,0,0,0,0,66
TR14,bristol_bay,red_king_crab,2014,female,139,0,0,0,63,0,0,0,0,63
TR14,bristol_bay,red_king_crab,2014,female,140,0,0,0,66,0,0,0,0,66
TR14,bristol_bay,red_king_crab,2014,female,141,0,0,0,69,0,0,0,0,69
TR14,bristol_bay,red_king_crab,2014,female,142,0,0,0,58,0,0,0,0,58
TR14,bristol_bay,red_king_crab,2014,female,143,0,0,0,67,0,0,0,0,67
TR14,bristol_bay,red_king_crab,2014,female,144,0,0,0,56,0,0,0,0,56
TR14,bristol_bay,red_king_crab,2014,female,145,0,0,0,46,0,0,0,0,46
TR14,bristol_bay,red_king_crab,2014,female,146,0,0,0,51,0,0,0,0,51
TR14,bristol_bay,red_king_crab,2014,female,147,0,0,0,38,0,0,0,0,38
TR14,bristol_bay,red_king_crab,2014,female,148,0,0,0,29,0,0,0,0,29
TR14,bristol_bay,red_king_crab,2014,female,149,0,0,0,29,0,0,0,0,29
TR14,bristol_bay,red_king_crab,2014,female,150,0,0,0,34,0,0,0,0,34
TR14,bristol_bay,red_king_crab,2014,female,151,0,0,0,23,0,0,0,0,23
TR14,bristol_bay,red_king_crab,2014,female,152,0,0,0,33,0,0,0,0,33
TR14,bristol_bay,red_king_crab,2014,female,153,0,0,0,18,0,0,0,0,18
TR14,bristol_bay,red_king_crab,2014,female,154,0,0,0,21,0,0,0,0,21
TR14,bristol_bay,red_king_crab,2014,female,155,0,0,0,14,0,0,0,0,14
TR14,bristol_bay,red_king_crab,2014,female,156,0,0,0,9,0,0,0,0,9
TR14,bristol_bay,red_king_crab,2014,female,157,0,0,0,11,0,0,0,0,11
TR14,bristol_bay,red_king_crab,2014,female,158,0,0,0,5,0,0,0,0,5
TR14,bristol_bay,red_king_crab,2014,female,159,0,0,0,12,0,0,0,0,12
TR14,bristol_bay,red_king_crab,2014,female,160,0,0,0,10,0,0,0,0,10
TR14,bristol_bay,red_king_crab,2014,female,161,0,0,0,6,0,0,0,0,6
TR14,bristol_bay,red_king_crab,2014,female,162,0,0,0,6,0,0,0,0,6
TR14,bristol_bay,red_king_crab,2014,female,163,0,0,0,2,0,0,0,0,2
TR14,bristol_bay,red_king_crab,2014,female,164,0,0,0,4,0,0,0,0,4
TR14,bristol_bay,red_king_crab,2014,female,165,0,0,0,5,0,0,0,0,5
TR14,bristol_bay,red_king_crab,2014,female,166,0,0,0,1,0,0,0,0,1
TR14,bristol_bay,red_king_crab,2014,female,167,0,0,0,4,0,0,0,0,4
TR14,bristol_bay,red_king_crab,2014,female,168,0,0,0,1,0,0,0,0,1
TR14,bristol_bay,red_king_crab,2014,female,170,0,0,0,1,0,0,0,0,1
TR14,bristol_bay,red_king_crab,2014,female,171,0,0,0,2,0,0,0,0,2
TR14,bristol_bay,red_king_crab,2014,female,172,0,0,0,2,0,0,0,0,2
TR14,bristol_bay,red_king_crab,2014,female,177,0,0,0,1,0,0,0,0,1
TR14,bristol_bay,red_king_crab,2014,female,178,0,0,0,1,0,0,0,0,1
TR14,bristol_bay,red_king_crab,2014,female,179,0,0,0,1,0,0,0,0,1
TR15,bristol_bay,red_king_crab,2015,male,34,0,0,0,1,0,0,0,0,1
TR15,bristol_bay,red_king_crab,2015,male,66,0,0,0,1,0,0,0,0,1
TR15,bristol_bay,red_king_crab,2015,male,69,0,0,0,2,0,0,0,0,2
TR15,bristol_bay,red_king_crab,2015,male,71,0,0,0,2,0,0,0,0,2
TR15,bristol_bay,red_king_crab,2015,male,72,0,0,0,2,0,0,0,0,2
TR15,bristol_bay,red_king_crab,2015,male,74,0,0,0,1,0,0,0,0,1
TR15,bristol_bay,red_king_crab,2015,male,75,0,0,0,5,0,0,0,0,5
TR15,bristol_bay,red_king_crab,2015,male,76,0,0,0,5,0,0,0,0,5
TR15,bristol_bay,red_king_crab,2015,male,78,0,0,0,4,0,0,0,0,4
TR15,bristol_bay,red_king_crab,2015,male,79,0,0,0,5,0,0,0,0,5
TR15,bristol_bay,red_king_crab,2015,male,80,0,0,0,6,0,0,0,0,6
TR15,bristol_bay,red_king_crab,2015,male,81,0,0,0,6,0,0,0,0,6
TR15,bristol_bay,red_king_crab,2015,male,82,0,0,0,9,0,0,0,0,9
TR15,bristol_bay,red_king_crab,2015,male,83,0,0,0,9,0,0,0,0,9
TR15,bristol_bay,red_king_crab,2015,male,84,0,0,0,12,0,0,0,0,12
TR15,bristol_bay,red_king_crab,2015,male,85,0,0,0,18,0,0,0,0,18
TR15,bristol_bay,red_king_crab,2015,male,86,0,0,0,18,0,0,0,0,18
TR15,bristol_bay,red_king_crab,2015,male,87,0,0,0,17,0,0,0,0,17
TR15,bristol_bay,red_king_crab,2015,male,88,0,0,0,19,0,0,0,0,19
TR15,bristol_bay,red_king_crab,2015,male,89,0,0,0,22,0,0,0,0,22
TR15,bristol_bay,red_king_crab,2015,male,90,0,0,0,24,0,0,0,0,24
TR15,bristol_bay,red_king_crab,2015,male,91,0,0,0,25,0,0,0,0,25
TR15,bristol_bay,red_king_crab,2015,male,92,0,0,0,35,0,0,0,0,35
TR15,bristol_bay,red_king_crab,2015,male,93,0,0,0,29,0,0,0,0,29
TR15,bristol_bay,red_king_crab,2015,male,94,0,0,0,31,0,0,0,0,31
TR15,bristol_bay,red_king_crab,2015,male,95,0,0,0,37,0,0,0,0,37
TR15,bristol_bay,red_king_crab,2015,male,96,0,0,0,38,1,0,0,0,39
TR15,bristol_bay,red_king_crab,2015,male,97,0,0,0,22,0,0,0,0,22
TR15,bristol_bay,red_king_crab,2015,male,98,0,0,0,34,0,0,0,0,34
TR15,bristol_bay,red_king_crab,2015,male,99,0,0,0,21,1,0,0,0,22
TR15,bristol_bay,red_king_crab,2015,male,100,0,0,0,27,0,0,0,0,27
TR15,bristol_bay,red_king_crab,2015,male,101,0,0,0,31,0,0,0,0,31
TR15,bristol_bay,red_king_crab,2015,male,102,0,0,0,36,0,0,0,0,36
TR15,bristol_bay,red_king_crab,2015,male,103,0,0,0,24,0,0,0,0,24
TR15,bristol_bay,red_king_crab,2015,male,104,0,0,0,53,1,0,0,0,54
TR15,bristol_bay,red_king_crab,2015,male,105,0,0,0,55,0,0,0,0,55
TR15,bristol_bay,red_king_crab,2015,male,106,0,0,0,31,0,0,0,0,31
TR15,bristol_bay,red_king_crab,2015,male,107,0,0,0,57,0,0,0,0,57
TR15,bristol_bay,red_king_crab,2015,male,108,0,0,0,74,0,0,0,0,74
TR15,bristol_bay,red_king_crab,2015,male,109,0,0,0,77,0,0,0,0,77
TR15,bristol_bay,red_king_crab,2015,male,110,0,0,0,100,0,0,0,0,100
TR15,bristol_bay,red_king_crab,2015,male,111,0,0,0,121,0,0,0,0,121
TR15,bristol_bay,red_king_crab,2015,male,112,0,0,0,165,0,0,0,0,165
TR15,bristol_bay,red_king_crab,2015,male,113,0,0,0,113,0,0,0,0,113
TR15,bristol_bay,red_king_crab,2015,male,114,0,0,0,166,1,0,0,0,167
TR15,bristol_bay,red_king_crab,2015,male,115,0,0,0,155,2,0,0,0,157
TR15,bristol_bay,red_king_crab,2015,male,116,0,0,0,144,1,0,0,0,145
TR15,bristol_bay,red_king_crab,2015,male,117,0,0,0,134,1,0,0,0,135
TR15,bristol_bay,red_king_crab,2015,male,118,0,0,0,207,0,0,0,0,207
TR15,bristol_bay,red_king_crab,2015,male,119,0,0,0,178,1,1,0,0,180
TR15,bristol_bay,red_king_crab,2015,male,120,0,0,0,231,3,0,0,0,234
TR15,bristol_bay,red_king_crab,2015,male,121,0,0,0,232,2,0,0,0,234
TR15,bristol_bay,red_king_crab,2015,male,122,0,0,0,247,5,0,0,0,252
TR15,bristol_bay,red_king_crab,2015,male,123,0,0,0,191,3,1,0,0,195
TR15,bristol_bay,red_king_crab,2015,male,124,0,0,0,283,3,0,0,0,286
TR15,bristol_bay,red_king_crab,2015,male,125,0,0,0,246,5,0,0,0,251
TR15,bristol_bay,red_king_crab,2015,male,126,0,0,0,293,3,0,0,0,296
TR15,bristol_bay,red_king_crab,2015,male,127,0,0,0,246,3,2,0,0,251
TR15,bristol_bay,red_king_crab,2015,male,128,0,0,0,274,7,1,0,0,282
TR15,bristol_bay,red_king_crab,2015,male,129,0,0,0,245,3,0,0,0,248
TR15,bristol_bay,red_king_crab,2015,male,130,0,0,0,298,4,1,0,0,303
TR15,bristol_bay,red_king_crab,2015,male,131,0,0,0,295,5,0,0,0,300
TR15,bristol_bay,red_king_crab,2015,male,132,0,0,0,354,9,2,0,0,365
TR15,bristol_bay,red_king_crab,2015,male,133,0,0,0,291,7,3,0,0,301
TR15,bristol_bay,red_king_crab,2015,male,134,0,0,0,355,23,3,0,0,381
TR15,bristol_bay,red_king_crab,2015,male,135,0,0,0,331,21,2,0,0,354
TR15,bristol_bay,red_king_crab,2015,male,136,0,0,0,358,17,3,0,1,379
TR15,bristol_bay,red_king_crab,2015,male,137,0,0,0,355,22,2,0,0,379
TR15,bristol_bay,red_king_crab,2015,male,138,0,0,0,395,25,5,0,0,425
TR15,bristol_bay,red_king_crab,2015,male,139,0,0,0,400,21,3,0,0,424
TR15,bristol_bay,red_king_crab,2015,male,140,0,0,0,482,40,1,0,0,523
TR15,bristol_bay,red_king_crab,2015,male,141,0,0,0,383,29,2,0,2,416
TR15,bristol_bay,red_king_crab,2015,male,142,0,0,0,525,31,3,0,2,561
TR15,bristol_bay,red_king_crab,2015,male,143,0,0,0,458,41,2,0,0,501
TR15,bristol_bay,red_king_crab,2015,male,144,0,0,0,567,55,5,0,0,627
TR15,bristol_bay,red_king_crab,2015,male,145,0,0,0,559,45,5,0,0,609
TR15,bristol_bay,red_king_crab,2015,male,146,0,0,0,495,43,3,0,2,543
TR15,bristol_bay,red_king_crab,2015,male,147,0,0,0,446,48,6,0,1,501
TR15,bristol_bay,red_king_crab,2015,male,148,0,0,0,521,54,10,0,1,586
TR15,bristol_bay,red_king_crab,2015,male,149,0,0,0,571,57,5,0,2,635
TR15,bristol_bay,red_king_crab,2015,male,150,0,0,0,634,58,4,0,1,697
TR15,bristol_bay,red_king_crab,2015,male,151,0,0,0,537,52,6,0,1,596
TR15,bristol_bay,red_king_crab,2015,male,152,0,1,0,620,71,8,0,1,701
TR15,bristol_bay,red_king_crab,2015,male,153,0,0,0,546,77,7,0,4,634
TR15,bristol_bay,red_king_crab,2015,male,154,0,0,0,634,92,11,0,2,739
TR15,bristol_bay,red_king_crab,2015,male,155,0,0,0,534,81,14,0,1,630
TR15,bristol_bay,red_king_crab,2015,male,156,0,0,0,467,52,14,0,2,535
TR15,bristol_bay,red_king_crab,2015,male,157,0,0,0,438,81,13,0,1,533
TR15,bristol_bay,red_king_crab,2015,male,158,0,0,0,366,72,18,0,0,456
TR15,bristol_bay,red_king_crab,2015,male,159,0,0,0,375,56,8,0,2,441
TR15,bristol_bay,red_king_crab,2015,male,160,0,0,0,375,76,20,0,0,471
TR15,bristol_bay,red_king_crab,2015,male,161,0,0,0,274,67,19,0,1,361
TR15,bristol_bay,red_king_crab,2015,male,162,0,0,0,328,66,16,0,1,411
TR15,bristol_bay,red_king_crab,2015,male,163,0,0,0,249,69,20,0,2,340
TR15,bristol_bay,red_king_crab,2015,male,164,0,0,0,292,72,22,0,0,386
TR15,bristol_bay,red_king_crab,2015,male,165,0,0,0,200,85,16,0,0,301
TR15,bristol_bay,red_king_crab,2015,male,166,0,0,0,174,66,15,0,0,255
TR15,bristol_bay,red_king_crab,2015,male,167,0,0,0,174,59,15,0,0,248
TR15,bristol_bay,red_king_crab,2015,male,168,0,0,0,138,76,15,0,0,229
TR15,bristol_bay,red_king_crab,2015,male,169,0,0,0,118,64,12,0,0,194
TR15,bristol_bay,red_king_crab,2015,male,170,0,0,0,112,61,14,0,0,187
TR15,bristol_bay,red_king_crab,2015,male,171,0,0,0,68,47,23,0,0,138
TR15,bristol_bay,red_king_crab,2015,male,172,0,0,0,88,39,13,0,0,140
TR15,bristol_bay,red_king_crab,2015,male,173,0,0,0,72,41,13,0,0,126
TR15,bristol_bay,red_king_crab,2015,male,174,0,0,0,61,36,16,0,0,113
TR15,bristol_bay,red_king_crab,2015,male,175,0,0,0,57,52,11,0,0,120
TR15,bristol_bay,red_king_crab,2015,male,176,0,0,0,33,27,7,0,0,67
TR15,bristol_bay,red_king_crab,2015,male,177,0,0,0,37,21,7,0,0,65
TR15,bristol_bay,red_king_crab,2015,male,178,0,0,0,37,28,7,0,0,72
TR15,bristol_bay,red_king_crab,2015,male,179,0,0,0,32,18,2,0,0,52
TR15,bristol_bay,red_king_crab,2015,male,180,0,0,0,22,20,6,0,0,48
TR15,bristol_bay,red_king_crab,2015,male,181,0,0,0,19,20,3,0,0,42
TR15,bristol_bay,red_king_crab,2015,male,182,0,0,0,18,17,5,0,0,40
TR15,bristol_bay,red_king_crab,2015,male,183,0,0,0,9,7,0,0,0,16
TR15,bristol_bay,red_king_crab,2015,male,184,0,0,0,18,6,0,0,0,24
TR15,bristol_bay,red_king_crab,2015,male,185,0,0,0,14,6,3,0,0,23
TR15,bristol_bay,red_king_crab,2015,male,186,0,0,0,5,2,1,0,0,8
TR15,bristol_bay,red_king_crab,2015,male,187,0,0,0,4,2,1,0,0,7
TR15,bristol_bay,red_king_crab,2015,male,188,0,0,0,3,1,1,0,0,5
TR15,bristol_bay,red_king_crab,2015,male,189,0,0,0,6,3,1,0,0,10
TR15,bristol_bay,red_king_crab,2015,male,190,0,0,0,2,2,0,0,0,4
TR15,bristol_bay,red_king_crab,2015,male,191,0,0,0,0,1,0,0,0,1
TR15,bristol_bay,red_king_crab,2015,male,192,0,0,0,1,0,1,0,0,2
TR15,bristol_bay,red_king_crab,2015,male,193,0,0,0,1,1,0,0,0,2
TR15,bristol_bay,red_king_crab,2015,male,195,0,0,0,1,1,1,0,0,3
TR15,bristol_bay,red_king_crab,2015,male,196,0,0,0,0,2,0,0,0,2
TR15,bristol_bay,red_king_crab,2015,male,197,0,0,0,1,0,0,0,0,1
TR15,bristol_bay,red_king_crab,2015,female,1,0,0,0,1,0,0,0,0,1
TR15,bristol_bay,red_king_crab,2015,female,2,0,0,0,1,0,0,0,0,1
TR15,bristol_bay,red_king_crab,2015,female,64,0,0,0,1,0,0,0,0,1
TR15,bristol_bay,red_king_crab,2015,female,71,0,0,0,1,0,0,0,0,1
TR15,bristol_bay,red_king_crab,2015,female,72,0,0,0,3,0,0,0,0,3
TR15,bristol_bay,red_king_crab,2015,female,73,0,0,0,1,0,0,0,0,1
TR15,bristol_bay,red_king_crab,2015,female,74,0,0,0,3,0,0,0,0,3
TR15,bristol_bay,red_king_crab,2015,female,75,0,0,0,3,0,0,0,0,3
TR15,bristol_bay,red_king_crab,2015,female,76,0,0,0,2,0,0,0,0,2
TR15,bristol_bay,red_king_crab,2015,female,77,0,0,0,1,0,0,0,0,1
TR15,bristol_bay,red_king_crab,2015,female,78,0,0,0,6,0,0,0,0,6
TR15,bristol_bay,red_king_crab,2015,female,79,0,0,0,1,0,0,0,1,2
TR15,bristol_bay,red_king_crab,2015,female,80,0,0,0,7,0,0,0,0,7
TR15,bristol_bay,red_king_crab,2015,female,81,0,0,0,2,0,0,0,1,3
TR15,bristol_bay,red_king_crab,2015,female,82,0,0,0,10,0,0,0,0,10
TR15,bristol_bay,red_king_crab,2015,female,83,0,0,0,6,0,0,0,0,6
TR15,bristol_bay,red_king_crab,2015,female,84,0,0,0,13,0,0,0,0,13
TR15,bristol_bay,red_king_crab,2015,female,85,0,0,0,16,0,0,0,0,16
TR15,bristol_bay,red_king_crab,2015,female,86,0,0,0,20,0,0,0,0,20
TR15,bristol_bay,red_king_crab,2015,female,87,0,0,0,17,0,0,0,0,17
TR15,bristol_bay,red_king_crab,2015,female,88,0,0,0,18,0,0,0,0,18
TR15,bristol_bay,red_king_crab,2015,female,89,0,0,0,18,0,0,0,2,20
TR15,bristol_bay,red_king_crab,2015,female,90,0,0,0,25,0,0,0,0,25
TR15,bristol_bay,red_king_crab,2015,female,91,0,0,0,22,0,0,0,1,23
TR15,bristol_bay,red_king_crab,2015,female,92,0,0,0,32,0,0,0,0,32
TR15,bristol_bay,red_king_crab,2015,female,93,0,0,0,18,0,0,0,1,19
TR15,bristol_bay,red_king_crab,2015,female,94,0,0,0,25,0,0,0,0,25
TR15,bristol_bay,red_king_crab,2015,female,95,0,0,0,41,0,0,0,0,41
TR15,bristol_bay,red_king_crab,2015,female,96,0,0,0,28,0,0,0,0,28
TR15,bristol_bay,red_king_crab,2015,female,97,0,0,0,24,0,0,0,0,24
TR15,bristol_bay,red_king_crab,2015,female,98,0,0,0,26,0,0,0,0,26
TR15,bristol_bay,red_king_crab,2015,female,99,0,0,0,27,0,0,0,0,27
TR15,bristol_bay,red_king_crab,2015,female,100,0,0,0,44,0,0,0,1,45
TR15,bristol_bay,red_king_crab,2015,female,101,0,0,0,33,0,0,0,0,33
TR15,bristol_bay,red_king_crab,2015,female,102,0,0,0,38,0,0,0,0,38
TR15,bristol_bay,red_king_crab,2015,female,103,0,0,0,52,0,0,0,0,52
TR15,bristol_bay,red_king_crab,2015,female,104,0,0,0,96,0,0,0,2,98
TR15,bristol_bay,red_king_crab,2015,female,105,0,0,0,74,0,0,0,0,74
TR15,bristol_bay,red_king_crab,2015,female,106,0,0,0,78,0,0,0,2,80
TR15,bristol_bay,red_king_crab,2015,female,107,0,0,0,61,0,0,0,0,61
TR15,bristol_bay,red_king_crab,2015,female,108,0,0,0,124,0,0,0,1,125
TR15,bristol_bay,red_king_crab,2015,female,109,0,0,0,76,0,0,0,1,77
TR15,bristol_bay,red_king_crab,2015,female,110,0,0,0,120,0,0,0,2,122
TR15,bristol_bay,red_king_crab,2015,female,111,0,0,0,103,0,0,0,1,104
TR15,bristol_bay,red_king_crab,2015,female,112,0,0,0,147,0,0,0,0,147
TR15,bristol_bay,red_king_crab,2015,female,113,0,0,0,111,0,0,0,0,111
TR15,bristol_bay,red_king_crab,2015,female,114,0,0,0,164,0,0,0,0,164
TR15,bristol_bay,red_king_crab,2015,female,115,0,0,0,120,0,0,0,0,120
TR15,bristol_bay,red_king_crab,2015,female,116,0,0,0,99,0,0,0,0,99
TR15,bristol_bay,red_king_crab,2015,female,117,0,0,0,88,0,0,0,0,88
TR15,bristol_bay,red_king_crab,2015,female,118,0,0,0,215,0,0,0,0,215
TR15,bristol_bay,red_king_crab,2015,female,119,0,0,0,138,0,0,0,1,139
TR15,bristol_bay,red_king_crab,2015,female,120,0,0,0,233,1,0,0,1,235
TR15,bristol_bay,red_king_crab,2015,female,121,0,0,0,180,0,0,0,0,180
TR15,bristol_bay,red_king_crab,2015,female,122,0,0,0,209,1,0,0,1,211
TR15,bristol_bay,red_king_crab,2015,female,123,0,0,0,179,0,0,0,0,179
TR15,bristol_bay,red_king_crab,2015,female,124,0,0,0,239,0,0,0,1,240
TR15,bristol_bay,red_king_crab,2015,female,125,0,0,0,217,1,0,0,0,218
TR15,bristol_bay,red_king_crab,2015,female,126,0,0,0,178,0,0,0,0,178
TR15,bristol_bay,red_king_crab,2015,female,127,0,0,0,143,0,0,0,0,143
TR15,bristol_bay,red_king_crab,2015,female,128,0,0,0,169,1,0,0,0,170
TR15,bristol_bay,red_king_crab,2015,female,129,0,0,0,127,0,0,0,0,127
TR15,bristol_bay,red_king_crab,2015,female,130,0,0,0,184,1,0,0,1,186
TR15,bristol_bay,red_king_crab,2015,female,131,0,0,0,118,0,0,0,0,118
TR15,bristol_bay,red_king_crab,2015,female,132,0,0,0,180,1,0,0,2,183
TR15,bristol_bay,red_king_crab,2015,female,133,0,0,0,122,1,0,0,1,124
TR15,bristol_bay,red_king_crab,2015,female,134,0,0,0,157,1,0,0,0,158
TR15,bristol_bay,red_king_crab,2015,female,135,0,0,0,113,1,0,0,1,115
TR15,bristol_bay,red_king_crab,2015,female,136,0,0,0,127,0,0,0,1,128
TR15,bristol_bay,red_king_crab,2015,female,137,0,0,0,98,1,0,0,1,100
TR15,bristol_bay,red_king_crab,2015,female,138,0,0,0,164,0,0,0,1,165
TR15,bristol_bay,red_king_crab,2015,female,139,0,0,0,114,0,0,0,0,114
TR15,bristol_bay,red_king_crab,2015,female,140,0,0,0,178,1,0,0,1,180
TR15,bristol_bay,red_king_crab,2015,female,141,0,0,0,108,0,0,0,0,108
TR15,bristol_bay,red_king_crab,2015,female,142,0,0,0,139,0,0,0,1,140
TR15,bristol_bay,red_king_crab,2015,female,143,0,0,0,116,0,0,0,1,117
TR15,bristol_bay,red_king_crab,2015,female,144,0,0,0,133,0,0,0,0,133
TR15,bristol_bay,red_king_crab,2015,female,145,0,0,0,146,0,0,0,1,147
TR15,bristol_bay,red_king_crab,2015,female,146,0,0,0,121,0,0,0,0,121
TR15,bristol_bay,red_king_crab,2015,female,147,0,0,0,65,1,0,0,1,67
TR15,bristol_bay,red_king_crab,2015,female,148,0,0,0,105,0,0,0,0,105
TR15,bristol_bay,red_king_crab,2015,female,149,0,0,0,82,0,0,0,0,82
TR15,bristol_bay,red_king_crab,2015,female,150,0,0,0,89,0,0,0,0,89
TR15,bristol_bay,red_king_crab,2015,female,151,0,0,0,45,0,0,0,0,45
TR15,bristol_bay,red_king_crab,2015,female,152,0,0,0,71,1,0,0,0,72
TR15,bristol_bay,red_king_crab,2015,female,153,0,0,0,49,0,0,0,1,50
TR15,bristol_bay,red_king_crab,2015,female,154,0,0,0,67,0,0,0,0,67
TR15,bristol_bay,red_king_crab,2015,female,155,0,0,0,48,0,0,0,0,48
TR15,bristol_bay,red_king_crab,2015,female,156,0,0,0,40,0,1,0,0,41
TR15,bristol_bay,red_king_crab,2015,female,157,0,0,0,23,0,0,0,1,24
TR15,bristol_bay,red_king_crab,2015,female,158,0,0,0,25,1,0,0,0,26
TR15,bristol_bay,red_king_crab,2015,female,159,0,0,0,13,0,0,0,0,13
TR15,bristol_bay,red_king_crab,2015,female,160,0,0,0,19,0,0,0,0,19
TR15,bristol_bay,red_king_crab,2015,female,161,0,0,0,12,0,0,0,0,12
TR15,bristol_bay,red_king_crab,2015,female,162,0,0,0,14,1,0,0,0,15
TR15,bristol_bay,red_king_crab,2015,female,163,0,0,0,9,0,0,0,0,9
TR15,bristol_bay,red_king_crab,2015,female,164,0,0,0,9,0,0,0,0,9
TR15,bristol_bay,red_king_crab,2015,female,165,0,0,0,7,0,0,0,0,7
TR15,bristol_bay,red_king_crab,2015,female,166,0,0,0,4,0,0,0,0,4
TR15,bristol_bay,red_king_crab,2015,female,167,0,0,0,5,0,0,0,0,5
TR15,bristol_bay,red_king_crab,2015,female,168,0,0,0,1,0,0,0,0,1
TR15,bristol_bay,red_king_crab,2015,female,169,0,0,0,2,0,0,0,0,2
TR15,bristol_bay,red_king_crab,2015,female,170,0,0,0,2,0,0,0,0,2
TR15,bristol_bay,red_king_crab,2015,female,171,0,0,0,2,0,0,0,0,2
TR15,bristol_bay,red_king_crab,2015,female,172,0,0,0,2,0,0,0,0,2
TR15,bristol_bay,red_king_crab,2015,female,174,0,0,0,1,0,0,0,0,1
TR15,bristol_bay,red_king_crab,2015,female,175,0,0,0,2,0,0,0,0,2
TR15,bristol_bay,red_king_crab,2015,female,177,0,0,0,1,0,0,0,0,1
TR15,bristol_bay,red_king_crab,2015,female,180,0,0,0,1,0,0,0,0,1
TR15,bristol_bay,red_king_crab,2015,female,187,0,0,0,1,0,0,0,0,1
TR15,bristol_bay,red_king_crab,2015,female,192,0,0,0,1,0,0,0,0,1
TR16,bristol_bay,red_king_crab,2016,male,69,0,0,0,2,0,0,0,0,2
TR16,bristol_bay,red_king_crab,2016,male,73,0,0,0,1,0,0,0,0,1
TR16,bristol_bay,red_king_crab,2016,male,74,0,0,0,6,0,0,0,0,6
TR16,bristol_bay,red_king_crab,2016,male,75,0,0,0,1,0,0,0,0,1
TR16,bristol_bay,red_king_crab,2016,male,76,0,0,0,16,0,0,0,0,16
TR16,bristol_bay,red_king_crab,2016,male,77,0,0,0,7,0,0,0,0,7
TR16,bristol_bay,red_king_crab,2016,male,78,0,0,0,11,0,0,0,0,11
TR16,bristol_bay,red_king_crab,2016,male,79,0,0,0,11,0,0,0,0,11
TR16,bristol_bay,red_king_crab,2016,male,80,0,0,0,20,0,0,0,0,20
TR16,bristol_bay,red_king_crab,2016,male,81,0,0,0,20,0,0,0,0,20
TR16,bristol_bay,red_king_crab,2016,male,82,0,0,0,17,0,0,0,0,17
TR16,bristol_bay,red_king_crab,2016,male,83,0,0,0,16,0,0,0,0,16
TR16,bristol_bay,red_king_crab,2016,male,84,0,0,0,28,0,0,0,0,28
TR16,bristol_bay,red_king_crab,2016,male,85,0,0,0,18,0,0,0,0,18
TR16,bristol_bay,red_king_crab,2016,male,86,0,0,0,24,0,0,0,0,24
TR16,bristol_bay,red_king_crab,2016,male,87,0,0,0,21,0,0,0,0,21
TR16,bristol_bay,red_king_crab,2016,male,88,0,0,0,40,0,0,0,0,40
TR16,bristol_bay,red_king_crab,2016,male,89,0,0,0,36,0,0,0,0,36
TR16,bristol_bay,red_king_crab,2016,male,90,0,0,0,27,0,0,0,0,27
TR16,bristol_bay,red_king_crab,2016,male,91,0,0,0,30,0,0,0,0,30
TR16,bristol_bay,red_king_crab,2016,male,92,0,0,0,54,0,0,0,0,54
TR16,bristol_bay,red_king_crab,2016,male,93,0,0,0,38,0,0,0,0,38
TR16,bristol_bay,red_king_crab,2016,male,94,0,0,0,42,0,0,0,0,42
TR16,bristol_bay,red_king_crab,2016,male,95,0,0,0,38,0,0,0,0,38
TR16,bristol_bay,red_king_crab,2016,male,96,0,0,0,62,0,0,0,0,62
TR16,bristol_bay,red_king_crab,2016,male,97,0,0,0,76,0,0,0,0,76
TR16,bristol_bay,red_king_crab,2016,male,98,0,0,0,78,1,0,0,0,79
TR16,bristol_bay,red_king_crab,2016,male,99,0,0,0,78,0,0,0,0,78
TR16,bristol_bay,red_king_crab,2016,male,100,0,1,0,102,0,0,0,0,103
TR16,bristol_bay,red_king_crab,2016,male,101,0,0,0,79,0,0,0,0,79
TR16,bristol_bay,red_king_crab,2016,male,102,0,0,0,111,0,0,0,0,111
TR16,bristol_bay,red_king_crab,2016,male,103,0,0,0,126,1,0,0,0,127
TR16,bristol_bay,red_king_crab,2016,male,104,0,0,0,144,0,0,0,0,144
TR16,bristol_bay,red_king_crab,2016,male,105,0,0,0,138,2,0,0,0,140
TR16,bristol_bay,red_king_crab,2016,male,106,0,0,0,120,1,0,0,0,121
TR16,bristol_bay,red_king_crab,2016,male,107,0,0,0,121,1,0,0,0,122
TR16,bristol_bay,red_king_crab,2016,male,108,0,0,0,152,0,0,0,0,152
TR16,bristol_bay,red_king_crab,2016,male,109,0,0,0,139,1,0,0,0,140
TR16,bristol_bay,red_king_crab,2016,male,110,0,0,0,184,3,0,0,0,187
TR16,bristol_bay,red_king_crab,2016,male,111,0,0,0,136,1,0,0,0,137
TR16,bristol_bay,red_king_crab,2016,male,112,0,0,0,188,1,0,0,0,189
TR16,bristol_bay,red_king_crab,2016,male,113,0,0,0,139,2,0,0,0,141
TR16,bristol_bay,red_king_crab,2016,male,114,0,0,0,184,1,0,0,0,185
TR16,bristol_bay,red_king_crab,2016,male,115,0,0,0,174,0,0,0,0,174
TR16,bristol_bay,red_king_crab,2016,male,116,0,0,0,163,0,0,0,0,163
TR16,bristol_bay,red_king_crab,2016,male,117,0,0,0,158,2,0,0,0,160
TR16,bristol_bay,red_king_crab,2016,male,118,0,0,0,215,1,0,0,0,216
TR16,bristol_bay,red_king_crab,2016,male,119,0,0,0,168,3,0,0,0,171
TR16,bristol_bay,red_king_crab,2016,male,120,0,0,0,238,2,0,0,0,240
TR16,bristol_bay,red_king_crab,2016,male,121,0,0,0,178,1,0,0,0,179
TR16,bristol_bay,red_king_crab,2016,male,122,0,0,0,245,2,0,0,0,247
TR16,bristol_bay,red_king_crab,2016,male,123,0,0,0,224,4,0,0,0,228
TR16,bristol_bay,red_king_crab,2016,male,124,0,0,0,300,4,1,0,0,305
TR16,bristol_bay,red_king_crab,2016,male,125,0,0,0,274,10,0,0,0,284
TR16,bristol_bay,red_king_crab,2016,male,126,0,0,0,282,4,0,0,0,286
TR16,bristol_bay,red_king_crab,2016,male,127,0,0,0,300,8,1,0,0,309
TR16,bristol_bay,red_king_crab,2016,male,128,0,0,0,319,11,0,0,0,330
TR16,bristol_bay,red_king_crab,2016,male,129,0,0,0,305,11,1,0,0,317
TR16,bristol_bay,red_king_crab,2016,male,130,1,0,0,357,17,0,0,0,375
TR16,bristol_bay,red_king_crab,2016,male,131,0,0,0,291,8,1,0,0,300
TR16,bristol_bay,red_king_crab,2016,male,132,1,0,0,483,18,2,0,0,504
TR16,bristol_bay,red_king_crab,2016,male,133,0,0,0,335,20,1,0,0,356
TR16,bristol_bay,red_king_crab,2016,male,134,0,0,0,461,30,0,0,0,491
TR16,bristol_bay,red_king_crab,2016,male,135,0,0,0,439,27,0,0,0,466
TR16,bristol_bay,red_king_crab,2016,male,136,0,0,0,417,22,1,0,0,440
TR16,bristol_bay,red_king_crab,2016,male,137,0,0,0,447,33,2,0,0,482
TR16,bristol_bay,red_king_crab,2016,male,138,0,0,0,483,59,4,0,0,546
TR16,bristol_bay,red_king_crab,2016,male,139,0,0,0,448,59,1,0,0,508
TR16,bristol_bay,red_king_crab,2016,male,140,0,0,0,476,71,1,0,0,548
TR16,bristol_bay,red_king_crab,2016,male,141,0,0,0,410,42,2,0,0,454
TR16,bristol_bay,red_king_crab,2016,male,142,0,0,0,522,81,3,0,2,608
TR16,bristol_bay,red_king_crab,2016,male,143,0,0,0,517,71,4,0,1,593
TR16,bristol_bay,red_king_crab,2016,male,144,0,0,0,531,78,4,0,2,615
TR16,bristol_bay,red_king_crab,2016,male,145,0,0,0,514,105,6,0,0,625
TR16,bristol_bay,red_king_crab,2016,male,146,0,0,0,488,96,10,0,0,594
TR16,bristol_bay,red_king_crab,2016,male,147,0,0,0,547,113,5,0,2,667
TR16,bristol_bay,red_king_crab,2016,male,148,0,0,0,560,141,9,0,0,710
TR16,bristol_bay,red_king_crab,2016,male,149,0,0,0,488,119,4,0,1,612
TR16,bristol_bay,red_king_crab,2016,male,150,0,0,0,565,172,14,0,1,752
TR16,bristol_bay,red_king_crab,2016,male,151,0,0,0,466,139,11,0,0,616
TR16,bristol_bay,red_king_crab,2016,male,152,0,0,0,593,167,11,0,3,774
TR16,bristol_bay,red_king_crab,2016,male,153,0,0,0,541,141,17,0,0,699
TR16,bristol_bay,red_king_crab,2016,male,154,0,0,0,576,211,18,0,0,805
TR16,bristol_bay,red_king_crab,2016,male,155,0,0,0,514,188,20,0,1,723
TR16,bristol_bay,red_king_crab,2016,male,156,0,0,0,452,158,13,0,1,624
TR16,bristol_bay,red_king_crab,2016,male,157,0,0,0,501,167,11,0,1,680
TR16,bristol_bay,red_king_crab,2016,male,158,0,0,0,546,184,14,0,1,745
TR16,bristol_bay,red_king_crab,2016,male,159,0,0,0,415,159,14,0,1,589
TR16,bristol_bay,red_king_crab,2016,male,160,0,0,0,429,150,14,0,2,595
TR16,bristol_bay,red_king_crab,2016,male,161,0,0,0,345,116,10,0,0,471
TR16,bristol_bay,red_king_crab,2016,male,162,0,0,0,397,151,24,0,3,575
TR16,bristol_bay,red_king_crab,2016,male,163,0,0,0,321,120,17,0,0,458
TR16,bristol_bay,red_king_crab,2016,male,164,0,0,0,364,139,14,0,0,517
TR16,bristol_bay,red_king_crab,2016,male,165,0,0,0,334,137,19,0,0,490
TR16,bristol_bay,red_king_crab,2016,male,166,0,0,0,228,103,19,0,1,351
TR16,bristol_bay,red_king_crab,2016,male,167,0,0,0,231,115,16,0,0,362
TR16,bristol_bay,red_king_crab,2016,male,168,0,0,0,231,88,14,0,0,333
TR16,bristol_bay,red_king_crab,2016,male,169,0,0,0,131,72,10,0,0,213
TR16,bristol_bay,red_king_crab,2016,male,170,0,0,0,189,78,24,0,0,291
TR16,bristol_bay,red_king_crab,2016,male,171,0,0,0,117,61,9,0,0,187
TR16,bristol_bay,red_king_crab,2016,male,172,0,0,0,117,61,12,0,0,190
TR16,bristol_bay,red_king_crab,2016,male,173,1,0,0,90,43,10,0,1,145
TR16,bristol_bay,red_king_crab,2016,male,174,0,0,0,88,42,10,0,0,140
TR16,bristol_bay,red_king_crab,2016,male,175,0,0,0,73,40,12,0,0,125
TR16,bristol_bay,red_king_crab,2016,male,176,0,0,0,64,34,5,0,0,103
TR16,bristol_bay,red_king_crab,2016,male,177,0,0,0,43,34,13,0,0,90
TR16,bristol_bay,red_king_crab,2016,male,178,0,0,0,47,29,5,0,0,81
TR16,bristol_bay,red_king_crab,2016,male,179,0,0,0,28,24,9,0,0,61
TR16,bristol_bay,red_king_crab,2016,male,180,0,0,0,28,14,9,0,0,51
TR16,bristol_bay,red_king_crab,2016,male,181,0,0,0,13,14,1,0,0,28
TR16,bristol_bay,red_king_crab,2016,male,182,0,0,0,19,8,4,0,0,31
TR16,bristol_bay,red_king_crab,2016,male,183,0,0,0,11,12,2,0,0,25
TR16,bristol_bay,red_king_crab,2016,male,184,0,0,0,6,13,1,0,0,20
TR16,bristol_bay,red_king_crab,2016,male,185,0,0,0,17,6,2,0,0,25
TR16,bristol_bay,red_king_crab,2016,male,186,0,0,0,10,7,1,0,1,19
TR16,bristol_bay,red_king_crab,2016,male,187,0,0,0,6,4,3,0,0,13
TR16,bristol_bay,red_king_crab,2016,male,188,0,0,0,2,6,0,0,0,8
TR16,bristol_bay,red_king_crab,2016,male,189,0,0,0,1,2,0,0,0,3
TR16,bristol_bay,red_king_crab,2016,male,190,0,0,0,5,2,0,0,0,7
TR16,bristol_bay,red_king_crab,2016,male,191,0,0,0,1,1,0,0,0,2
TR16,bristol_bay,red_king_crab,2016,male,192,0,0,0,3,2,0,0,0,5
TR16,bristol_bay,red_king_crab,2016,male,193,0,0,0,1,1,0,0,0,2
TR16,bristol_bay,red_king_crab,2016,male,194,0,0,0,1,0,0,0,0,1
TR16,bristol_bay,red_king_crab,2016,male,195,0,0,0,0,0,1,0,0,1
TR16,bristol_bay,red_king_crab,2016,male,196,0,0,0,1,0,1,0,0,2
TR16,bristol_bay,red_king_crab,2016,male,201,0,0,0,0,1,0,0,0,1
TR16,bristol_bay,red_king_crab,2016,male,206,0,0,0,1,0,0,0,0,1
TR16,bristol_bay,red_king_crab,2016,female,51,0,0,0,1,0,0,0,0,1
TR16,bristol_bay,red_king_crab,2016,female,72,0,0,0,1,0,0,0,0,1
TR16,bristol_bay,red_king_crab,2016,female,74,0,0,0,1,0,0,0,0,1
TR16,bristol_bay,red_king_crab,2016,female,75,0,0,0,8,0,0,0,0,8
TR16,bristol_bay,red_king_crab,2016,female,76,0,0,0,2,0,0,0,0,2
TR16,bristol_bay,red_king_crab,2016,female,77,0,0,0,4,0,0,0,0,4
TR16,bristol_bay,red_king_crab,2016,female,78,0,0,0,13,0,0,0,0,13
TR16,bristol_bay,red_king_crab,2016,female,79,0,0,0,15,0,0,0,0,15
TR16,bristol_bay,red_king_crab,2016,female,80,0,0,0,9,0,0,0,0,9
TR16,bristol_bay,red_king_crab,2016,female,81,0,0,0,14,0,0,0,0,14
TR16,bristol_bay,red_king_crab,2016,female,82,0,0,0,18,0,0,0,1,19
TR16,bristol_bay,red_king_crab,2016,female,83,0,0,0,10,0,0,0,0,10
TR16,bristol_bay,red_king_crab,2016,female,84,0,0,0,19,0,0,0,0,19
TR16,bristol_bay,red_king_crab,2016,female,85,0,0,0,18,0,0,0,0,18
TR16,bristol_bay,red_king_crab,2016,female,86,0,0,0,25,1,0,0,0,26
TR16,bristol_bay,red_king_crab,2016,female,87,0,0,0,21,0,0,0,0,21
TR16,bristol_bay,red_king_crab,2016,female,88,0,0,0,21,0,0,0,0,21
TR16,bristol_bay,red_king_crab,2016,female,89,0,0,0,21,0,0,0,0,21
TR16,bristol_bay,red_king_crab,2016,female,90,0,0,0,26,0,0,0,0,26
TR16,bristol_bay,red_king_crab,2016,female,91,0,0,0,18,0,0,0,1,19
TR16,bristol_bay,red_king_crab,2016,female,92,0,0,0,25,0,0,0,1,26
TR16,bristol_bay,red_king_crab,2016,female,93,0,0,0,17,0,0,0,1,18
TR16,bristol_bay,red_king_crab,2016,female,94,0,0,0,18,0,0,0,3,21
TR16,bristol_bay,red_king_crab,2016,female,95,0,0,0,20,0,0,0,0,20
TR16,bristol_bay,red_king_crab,2016,female,96,0,0,0,19,0,0,0,0,19
TR16,bristol_bay,red_king_crab,2016,female,97,0,0,0,32,0,0,0,1,33
TR16,bristol_bay,red_king_crab,2016,female,98,0,0,0,30,0,0,0,0,30
TR16,bristol_bay,red_king_crab,2016,female,99,0,0,0,21,0,0,0,1,22
TR16,bristol_bay,red_king_crab,2016,female,100,0,0,0,38,0,0,0,4,42
TR16,bristol_bay,red_king_crab,2016,female,101,0,0,0,34,0,0,0,8,42
TR16,bristol_bay,red_king_crab,2016,female,102,0,0,0,30,0,0,0,3,33
TR16,bristol_bay,red_king_crab,2016,female,103,0,0,0,29,0,0,0,3,32
TR16,bristol_bay,red_king_crab,2016,female,104,0,0,0,48,0,0,0,5,53
TR16,bristol_bay,red_king_crab,2016,female,105,0,0,0,34,1,0,0,2,37
TR16,bristol_bay,red_king_crab,2016,female,106,0,0,0,40,0,0,0,3,43
TR16,bristol_bay,red_king_crab,2016,female,107,0,0,0,34,0,0,0,1,35
TR16,bristol_bay,red_king_crab,2016,female,108,0,0,0,62,0,0,0,2,64
TR16,bristol_bay,red_king_crab,2016,female,109,0,0,0,45,0,0,0,2,47
TR16,bristol_bay,red_king_crab,2016,female,110,0,0,0,78,0,0,0,4,82
TR16,bristol_bay,red_king_crab,2016,female,111,0,0,0,58,0,0,0,5,63
TR16,bristol_bay,red_king_crab,2016,female,112,0,0,0,71,0,0,0,2,73
TR16,bristol_bay,red_king_crab,2016,female,113,0,0,0,54,0,0,0,1,55
TR16,bristol_bay,red_king_crab,2016,female,114,0,0,0,93,0,0,0,5,98
TR16,bristol_bay,red_king_crab,2016,female,115,0,0,0,86,0,0,0,3,89
TR16,bristol_bay,red_king_crab,2016,female,116,0,0,0,102,0,0,0,4,106
TR16,bristol_bay,red_king_crab,2016,female,117,0,0,0,95,0,0,0,1,96
TR16,bristol_bay,red_king_crab,2016,female,118,0,0,0,154,0,0,0,4,158
TR16,bristol_bay,red_king_crab,2016,female,119,0,0,0,133,0,0,0,0,133
TR16,bristol_bay,red_king_crab,2016,female,120,0,0,0,183,0,0,0,1,184
TR16,bristol_bay,red_king_crab,2016,female,121,0,0,0,119,0,0,0,1,120
TR16,bristol_bay,red_king_crab,2016,female,122,0,0,0,201,0,0,0,2,203
TR16,bristol_bay,red_king_crab,2016,female,123,0,0,0,142,0,0,0,2,144
TR16,bristol_bay,red_king_crab,2016,female,124,0,0,0,235,0,0,0,0,235
TR16,bristol_bay,red_king_crab,2016,female,125,0,0,0,194,0,0,0,2,196
TR16,bristol_bay,red_king_crab,2016,female,126,0,0,0,223,0,0,0,2,225
TR16,bristol_bay,red_king_crab,2016,female,127,0,0,0,209,0,0,0,0,209
TR16,bristol_bay,red_king_crab,2016,female,128,0,0,0,214,0,0,0,1,215
TR16,bristol_bay,red_king_crab,2016,female,129,0,0,0,157,0,0,0,0,157
TR16,bristol_bay,red_king_crab,2016,female,130,0,0,0,206,0,0,0,2,208
TR16,bristol_bay,red_king_crab,2016,female,131,0,0,0,121,0,0,0,3,124
TR16,bristol_bay,red_king_crab,2016,female,132,0,0,0,200,0,0,0,1,201
TR16,bristol_bay,red_king_crab,2016,female,133,0,0,0,83,0,0,0,0,83
TR16,bristol_bay,red_king_crab,2016,female,134,0,0,0,159,0,0,0,1,160
TR16,bristol_bay,red_king_crab,2016,female,135,0,0,0,93,0,0,0,1,94
TR16,bristol_bay,red_king_crab,2016,female,136,0,0,0,95,0,0,0,0,95
TR16,bristol_bay,red_king_crab,2016,female,137,0,0,0,89,0,0,0,0,89
TR16,bristol_bay,red_king_crab,2016,female,138,0,0,0,95,0,0,0,0,95
TR16,bristol_bay,red_king_crab,2016,female,139,0,0,0,36,0,0,0,0,36
TR16,bristol_bay,red_king_crab,2016,female,140,0,0,0,87,0,0,0,1,88
TR16,bristol_bay,red_king_crab,2016,female,141,0,0,0,51,1,0,0,1,53
TR16,bristol_bay,red_king_crab,2016,female,142,0,0,0,79,0,0,0,2,81
TR16,bristol_bay,red_king_crab,2016,female,143,0,0,0,59,0,0,0,0,59
TR16,bristol_bay,red_king_crab,2016,female,144,0,0,0,89,0,0,0,0,89
TR16,bristol_bay,red_king_crab,2016,female,145,0,0,0,70,0,0,0,0,70
TR16,bristol_bay,red_king_crab,2016,female,146,0,0,0,41,0,0,0,0,41
TR16,bristol_bay,red_king_crab,2016,female,147,0,0,0,45,0,0,0,0,45
TR16,bristol_bay,red_king_crab,2016,female,148,0,0,0,65,0,0,0,0,65
TR16,bristol_bay,red_king_crab,2016,female,149,0,0,0,50,0,0,0,0,50
TR16,bristol_bay,red_king_crab,2016,female,150,0,0,0,59,0,0,0,0,59
TR16,bristol_bay,red_king_crab,2016,female,151,0,0,0,17,0,0,0,0,17
TR16,bristol_bay,red_king_crab,2016,female,152,0,0,0,37,0,0,0,1,38
TR16,bristol_bay,red_king_crab,2016,female,153,0,0,0,20,0,0,0,2,22
TR16,bristol_bay,red_king_crab,2016,female,154,0,0,0,31,0,0,0,0,31
TR16,bristol_bay,red_king_crab,2016,female,155,0,0,0,19,0,0,0,0,19
TR16,bristol_bay,red_king_crab,2016,female,156,0,0,0,18,0,0,0,0,18
TR16,bristol_bay,red_king_crab,2016,female,157,0,0,0,10,0,0,0,0,10
TR16,bristol_bay,red_king_crab,2016,female,158,0,0,0,8,0,0,0,0,8
TR16,bristol_bay,red_king_crab,2016,female,159,0,0,0,15,0,0,0,0,15
TR16,bristol_bay,red_king_crab,2016,female,160,0,0,0,6,0,0,0,0,6
TR16,bristol_bay,red_king_crab,2016,female,161,0,0,0,5,0,0,0,0,5
TR16,bristol_bay,red_king_crab,2016,female,162,0,0,0,5,0,0,0,0,5
TR16,bristol_bay,red_king_crab,2016,female,163,0,0,0,6,1,0,0,0,7
TR16,bristol_bay,red_king_crab,2016,female,164,0,0,0,3,0,0,0,0,3
TR16,bristol_bay,red_king_crab,2016,female,165,0,0,0,5,0,0,0,0,5
TR16,bristol_bay,red_king_crab,2016,female,166,0,0,0,1,0,0,0,0,1
TR16,bristol_bay,red_king_crab,2016,female,167,0,0,0,2,0,0,0,0,2
TR16,bristol_bay,red_king_crab,2016,female,168,0,0,0,2,0,0,0,1,3
TR16,bristol_bay,red_king_crab,2016,female,170,0,0,0,1,0,0,0,0,1
TR16,bristol_bay,red_king_crab,2016,female,172,0,0,0,2,0,0,0,0,2
TR16,bristol_bay,red_king_crab,2016,female,173,0,0,0,1,0,0,0,0,1
TR16,bristol_bay,red_king_crab,2016,female,175,0,0,0,1,0,0,0,0,1
TR16,bristol_bay,red_king_crab,2016,female,177,0,0,0,1,0,0,0,0,1
TR16,bristol_bay,red_king_crab,2016,female,179,0,0,0,1,0,0,0,0,1
TR17,bristol_bay,red_king_crab,2017,male,43,0,0,0,1,0,0,0,0,1
TR17,bristol_bay,red_king_crab,2017,male,46,0,0,0,1,0,0,0,0,1
TR17,bristol_bay,red_king_crab,2017,male,56,0,0,0,1,0,0,0,0,1
TR17,bristol_bay,red_king_crab,2017,male,61,0,0,0,1,0,0,0,0,1
TR17,bristol_bay,red_king_crab,2017,male,62,0,0,0,1,0,0,0,0,1
TR17,bristol_bay,red_king_crab,2017,male,63,0,0,0,1,0,0,0,0,1
TR17,bristol_bay,red_king_crab,2017,male,65,0,0,0,4,0,0,0,0,4
TR17,bristol_bay,red_king_crab,2017,male,67,0,0,0,1,0,0,0,0,1
TR17,bristol_bay,red_king_crab,2017,male,68,0,0,0,2,0,0,0,0,2
TR17,bristol_bay,red_king_crab,2017,male,69,0,0,0,1,0,0,0,0,1
TR17,bristol_bay,red_king_crab,2017,male,70,0,0,0,4,0,0,0,0,4
TR17,bristol_bay,red_king_crab,2017,male,71,0,0,0,1,0,0,0,0,1
TR17,bristol_bay,red_king_crab,2017,male,72,0,0,0,6,0,0,0,0,6
TR17,bristol_bay,red_king_crab,2017,male,73,0,0,0,2,0,0,0,0,2
TR17,bristol_bay,red_king_crab,2017,male,74,0,0,0,5,0,0,0,0,5
TR17,bristol_bay,red_king_crab,2017,male,75,0,0,0,11,0,0,0,0,11
TR17,bristol_bay,red_king_crab,2017,male,76,0,0,0,8,0,0,0,0,8
TR17,bristol_bay,red_king_crab,2017,male,77,0,0,0,20,0,0,0,0,20
TR17,bristol_bay,red_king_crab,2017,male,78,0,0,0,27,0,0,0,0,27
TR17,bristol_bay,red_king_crab,2017,male,79,0,0,0,29,0,0,0,0,29
TR17,bristol_bay,red_king_crab,2017,male,80,0,0,0,53,0,0,0,0,53
TR17,bristol_bay,red_king_crab,2017,male,81,0,0,0,50,0,0,0,1,51
TR17,bristol_bay,red_king_crab,2017,male,82,0,0,0,67,0,0,0,0,67
TR17,bristol_bay,red_king_crab,2017,male,83,0,0,0,75,0,0,0,0,75
TR17,bristol_bay,red_king_crab,2017,male,84,0,0,0,108,1,0,0,0,109
TR17,bristol_bay,red_king_crab,2017,male,85,0,0,0,133,0,0,0,0,133
TR17,bristol_bay,red_king_crab,2017,male,86,0,0,0,114,0,0,0,0,114
TR17,bristol_bay,red_king_crab,2017,male,87,0,0,0,151,0,0,0,1,152
TR17,bristol_bay,red_king_crab,2017,male,88,0,0,0,171,0,0,0,0,171
TR17,bristol_bay,red_king_crab,2017,male,89,0,0,0,186,0,0,0,1,187
TR17,bristol_bay,red_king_crab,2017,male,90,0,0,0,243,1,0,0,0,244
TR17,bristol_bay,red_king_crab,2017,male,91,0,0,0,212,0,0,0,0,212
TR17,bristol_bay,red_king_crab,2017,male,92,0,0,0,213,1,0,0,1,215
TR17,bristol_bay,red_king_crab,2017,male,93,0,0,0,184,0,0,0,2,186
TR17,bristol_bay,red_king_crab,2017,male,94,0,0,0,222,0,0,0,1,223
TR17,bristol_bay,red_king_crab,2017,male,95,0,0,0,215,0,0,0,0,215
TR17,bristol_bay,red_king_crab,2017,male,96,0,0,0,183,0,0,0,1,184
TR17,bristol_bay,red_king_crab,2017,male,97,0,0,0,148,0,0,0,1,149
TR17,bristol_bay,red_king_crab,2017,male,98,0,0,0,246,0,0,0,0,246
TR17,bristol_bay,red_king_crab,2017,male,99,0,0,0,142,0,0,0,1,143
TR17,bristol_bay,red_king_crab,2017,male,100,0,0,0,197,0,0,0,0,197
TR17,bristol_bay,red_king_crab,2017,male,101,0,0,0,117,0,0,0,0,117
TR17,bristol_bay,red_king_crab,2017,male,102,0,0,0,133,0,0,0,0,133
TR17,bristol_bay,red_king_crab,2017,male,103,0,0,0,156,0,0,0,1,157
TR17,bristol_bay,red_king_crab,2017,male,104,0,0,0,147,1,0,0,2,150
TR17,bristol_bay,red_king_crab,2017,male,105,0,0,0,136,1,0,0,1,138
TR17,bristol_bay,red_king_crab,2017,male,106,0,0,0,120,0,0,0,1,121
TR17,bristol_bay,red_king_crab,2017,male,107,0,0,0,115,1,0,0,1,117
TR17,bristol_bay,red_king_crab,2017,male,108,0,0,0,153,1,0,0,1,155
TR17,bristol_bay,red_king_crab,2017,male,109,0,0,0,111,1,0,0,0,112
TR17,bristol_bay,red_king_crab,2017,male,110,0,0,0,161,0,0,0,2,163
TR17,bristol_bay,red_king_crab,2017,male,111,0,0,0,118,0,0,0,2,120
TR17,bristol_bay,red_king_crab,2017,male,112,0,0,0,190,2,0,0,1,193
TR17,bristol_bay,red_king_crab,2017,male,113,0,0,0,153,0,0,0,1,154
TR17,bristol_bay,red_king_crab,2017,male,114,0,0,0,162,2,1,0,1,166
TR17,bristol_bay,red_king_crab,2017,male,115,0,0,0,207,1,0,0,1,209
TR17,bristol_bay,red_king_crab,2017,male,116,0,0,0,152,3,0,0,0,155
TR17,bristol_bay,red_king_crab,2017,male,117,0,0,0,152,2,1,0,0,155
TR17,bristol_bay,red_king_crab,2017,male,118,0,0,0,239,3,0,0,3,245
TR17,bristol_bay,red_king_crab,2017,male,119,0,0,0,173,1,0,0,2,176
TR17,bristol_bay,red_king_crab,2017,male,120,0,0,0,283,1,1,0,2,287
TR17,bristol_bay,red_king_crab,2017,male,121,0,0,0,216,1,0,0,0,217
TR17,bristol_bay,red_king_crab,2017,male,122,0,0,0,322,7,0,0,1,330
TR17,bristol_bay,red_king_crab,2017,male,123,0,0,0,291,3,0,0,0,294
TR17,bristol_bay,red_king_crab,2017,male,124,0,0,0,344,10,1,0,2,357
TR17,bristol_bay,red_king_crab,2017,male,125,0,0,0,308,10,0,0,1,319
TR17,bristol_bay,red_king_crab,2017,male,126,0,0,0,305,10,3,0,4,322
TR17,bristol_bay,red_king_crab,2017,male,127,0,0,0,326,13,0,0,1,340
TR17,bristol_bay,red_king_crab,2017,male,128,0,0,0,379,19,0,0,2,400
TR17,bristol_bay,red_king_crab,2017,male,129,0,0,0,298,14,3,0,4,319
TR17,bristol_bay,red_king_crab,2017,male,130,0,0,0,436,16,2,0,3,457
TR17,bristol_bay,red_king_crab,2017,male,131,0,0,0,315,23,3,0,2,343
TR17,bristol_bay,red_king_crab,2017,male,132,0,0,0,444,22,3,0,3,472
TR17,bristol_bay,red_king_crab,2017,male,133,0,0,0,383,30,3,1,5,422
TR17,bristol_bay,red_king_crab,2017,male,134,0,0,0,422,42,4,0,4,472
TR17,bristol_bay,red_king_crab,2017,male,135,0,1,0,414,37,6,0,1,459
TR17,bristol_bay,red_king_crab,2017,male,136,0,0,0,340,52,3,0,1,396
TR17,bristol_bay,red_king_crab,2017,male,137,0,0,0,368,52,1,0,6,427
TR17,bristol_bay,red_king_crab,2017,male,138,0,0,0,468,59,8,0,2,537
TR17,bristol_bay,red_king_crab,2017,male,139,0,0,0,330,61,6,0,1,398
TR17,bristol_bay,red_king_crab,2017,male,140,0,0,0,415,60,8,0,3,486
TR17,bristol_bay,red_king_crab,2017,male,141,0,0,0,316,95,5,0,3,419
TR17,bristol_bay,red_king_crab,2017,male,142,0,0,0,451,96,5,0,4,556
TR17,bristol_bay,red_king_crab,2017,male,143,0,0,0,510,114,11,0,5,640
TR17,bristol_bay,red_king_crab,2017,male,144,0,0,1,444,101,8,0,5,559
TR17,bristol_bay,red_king_crab,2017,male,145,0,0,0,479,112,12,0,5,608
TR17,bristol_bay,red_king_crab,2017,male,146,0,0,0,439,126,10,0,5,580
TR17,bristol_bay,red_king_crab,2017,male,147,0,0,0,489,118,8,0,3,618
TR17,bristol_bay,red_king_crab,2017,male,148,0,0,0,628,131,21,0,4,784
TR17,bristol_bay,red_king_crab,2017,male,149,0,0,0,449,136,13,0,4,602
TR17,bristol_bay,red_king_crab,2017,male,150,0,0,0,547,139,15,0,6,707
TR17,bristol_bay,red_king_crab,2017,male,151,0,0,0,377,139,13,0,2,531
TR17,bristol_bay,red_king_crab,2017,male,152,0,0,0,508,144,22,0,1,675
TR17,bristol_bay,red_king_crab,2017,male,153,0,0,0,561,149,15,0,5,730
TR17,bristol_bay,red_king_crab,2017,male,154,0,0,0,526,172,16,0,5,719
TR17,bristol_bay,red_king_crab,2017,male,155,0,0,0,443,155,13,0,2,613
TR17,bristol_bay,red_king_crab,2017,male,156,0,0,0,471,160,26,0,5,662
TR17,bristol_bay,red_king_crab,2017,male,157,0,0,0,400,145,22,0,7,574
TR17,bristol_bay,red_king_crab,2017,male,158,0,0,0,594,178,25,0,1,798
TR17,bristol_bay,red_king_crab,2017,male,159,0,0,0,311,136,16,0,3,466
TR17,bristol_bay,red_king_crab,2017,male,160,0,0,0,445,146,26,0,1,618
TR17,bristol_bay,red_king_crab,2017,male,161,0,0,0,283,131,16,0,2,432
TR17,bristol_bay,red_king_crab,2017,male,162,0,0,0,349,145,20,0,3,517
TR17,bristol_bay,red_king_crab,2017,male,163,0,0,0,379,136,20,0,5,540
TR17,bristol_bay,red_king_crab,2017,male,164,0,0,0,333,132,17,0,2,484
TR17,bristol_bay,red_king_crab,2017,male,165,0,0,0,288,134,18,0,1,441
TR17,bristol_bay,red_king_crab,2017,male,166,0,0,0,237,106,9,0,2,354
TR17,bristol_bay,red_king_crab,2017,male,167,0,0,0,240,106,18,0,3,367
TR17,bristol_bay,red_king_crab,2017,male,168,0,0,0,285,113,12,0,2,412
TR17,bristol_bay,red_king_crab,2017,male,169,0,0,0,150,67,12,0,0,229
TR17,bristol_bay,red_king_crab,2017,male,170,0,0,0,186,90,14,0,2,292
TR17,bristol_bay,red_king_crab,2017,male,171,0,0,0,112,55,11,0,2,180
TR17,bristol_bay,red_king_crab,2017,male,172,0,0,0,137,48,4,0,1,190
TR17,bristol_bay,red_king_crab,2017,male,173,0,0,0,103,52,2,0,1,158
TR17,bristol_bay,red_king_crab,2017,male,174,0,0,0,118,48,3,0,0,169
TR17,bristol_bay,red_king_crab,2017,male,175,0,0,0,77,45,10,0,0,132
TR17,bristol_bay,red_king_crab,2017,male,176,0,0,0,54,26,3,0,0,83
TR17,bristol_bay,red_king_crab,2017,male,177,0,0,0,34,13,5,0,0,52
TR17,bristol_bay,red_king_crab,2017,male,178,0,0,0,53,26,3,0,0,82
TR17,bristol_bay,red_king_crab,2017,male,179,0,0,0,30,19,3,0,0,52
TR17,bristol_bay,red_king_crab,2017,male,180,0,0,0,25,17,2,0,0,44
TR17,bristol_bay,red_king_crab,2017,male,181,0,0,0,19,11,1,0,0,31
TR17,bristol_bay,red_king_crab,2017,male,182,0,0,0,18,13,1,0,0,32
TR17,bristol_bay,red_king_crab,2017,male,183,0,0,0,6,9,0,0,0,15
TR17,bristol_bay,red_king_crab,2017,male,184,0,0,0,10,4,1,0,0,15
TR17,bristol_bay,red_king_crab,2017,male,185,0,0,0,5,4,2,0,0,11
TR17,bristol_bay,red_king_crab,2017,male,186,0,0,0,4,5,0,0,0,9
TR17,bristol_bay,red_king_crab,2017,male,187,0,0,0,1,3,0,0,0,4
TR17,bristol_bay,red_king_crab,2017,male,188,0,0,0,0,1,0,0,0,1
TR17,bristol_bay,red_king_crab,2017,male,189,0,0,0,1,1,0,0,0,2
TR17,bristol_bay,red_king_crab,2017,male,190,0,0,0,2,1,0,0,1,4
TR17,bristol_bay,red_king_crab,2017,male,191,0,0,0,0,3,1,0,0,4
TR17,bristol_bay,red_king_crab,2017,male,192,0,0,0,1,1,0,0,0,2
TR17,bristol_bay,red_king_crab,2017,male,193,0,0,0,2,0,0,0,0,2
TR17,bristol_bay,red_king_crab,2017,male,194,0,0,0,1,1,0,0,0,2
TR17,bristol_bay,red_king_crab,2017,male,197,0,0,0,1,0,0,0,0,1
TR17,bristol_bay,red_king_crab,2017,female,55,0,0,0,1,0,0,0,0,1
TR17,bristol_bay,red_king_crab,2017,female,59,0,0,0,1,0,0,0,0,1
TR17,bristol_bay,red_king_crab,2017,female,63,0,0,0,0,0,0,0,1,1
TR17,bristol_bay,red_king_crab,2017,female,69,0,0,0,2,0,0,0,1,3
TR17,bristol_bay,red_king_crab,2017,female,71,0,0,0,2,0,0,0,0,2
TR17,bristol_bay,red_king_crab,2017,female,72,0,0,0,3,0,0,0,1,4
TR17,bristol_bay,red_king_crab,2017,female,73,0,0,0,3,0,0,0,0,3
TR17,bristol_bay,red_king_crab,2017,female,74,0,0,0,3,0,0,0,1,4
TR17,bristol_bay,red_king_crab,2017,female,75,0,0,0,1,0,0,0,3,4
TR17,bristol_bay,red_king_crab,2017,female,76,0,0,0,6,0,0,0,1,7
TR17,bristol_bay,red_king_crab,2017,female,77,0,0,0,8,0,0,0,1,9
TR17,bristol_bay,red_king_crab,2017,female,78,0,0,0,24,0,0,0,0,24
TR17,bristol_bay,red_king_crab,2017,female,79,0,0,0,13,0,0,0,3,16
TR17,bristol_bay,red_king_crab,2017,female,80,0,0,0,26,0,0,0,6,32
TR17,bristol_bay,red_king_crab,2017,female,81,0,0,0,37,0,0,0,3,40
TR17,bristol_bay,red_king_crab,2017,female,82,0,0,0,42,0,0,0,0,42
TR17,bristol_bay,red_king_crab,2017,female,83,0,0,0,36,0,0,0,4,40
TR17,bristol_bay,red_king_crab,2017,female,84,0,0,0,59,0,0,0,7,66
TR17,bristol_bay,red_king_crab,2017,female,85,0,0,0,57,0,0,0,5,62
TR17,bristol_bay,red_king_crab,2017,female,86,0,0,0,74,0,0,0,6,80
TR17,bristol_bay,red_king_crab,2017,female,87,0,0,0,63,0,0,0,8,71
TR17,bristol_bay,red_king_crab,2017,female,88,0,0,0,95,0,0,0,1,96
TR17,bristol_bay,red_king_crab,2017,female,89,0,0,0,88,0,0,0,4,92
TR17,bristol_bay,red_king_crab,2017,female,90,0,0,0,108,0,0,0,8,116
TR17,bristol_bay,red_king_crab,2017,female,91,0,0,0,73,0,0,0,2,75
TR17,bristol_bay,red_king_crab,2017,female,92,0,0,0,89,0,0,0,3,92
TR17,bristol_bay,red_king_crab,2017,female,93,0,0,0,86,1,0,0,5,92
TR17,bristol_bay,red_king_crab,2017,female,94,0,0,0,67,0,0,1,0,68
TR17,bristol_bay,red_king_crab,2017,female,95,0,0,0,85,0,0,0,3,88
TR17,bristol_bay,red_king_crab,2017,female,96,0,0,0,73,1,0,0,2,76
TR17,bristol_bay,red_king_crab,2017,female,97,0,0,0,52,0,0,0,0,52
TR17,bristol_bay,red_king_crab,2017,female,98,0,0,0,59,0,0,0,0,59
TR17,bristol_bay,red_king_crab,2017,female,99,0,0,0,33,0,0,0,3,36
TR17,bristol_bay,red_king_crab,2017,female,100,0,0,0,31,0,0,0,0,31
TR17,bristol_bay,red_king_crab,2017,female,101,0,0,0,15,0,0,0,0,15
TR17,bristol_bay,red_king_crab,2017,female,102,0,0,0,32,0,0,0,1,33
TR17,bristol_bay,red_king_crab,2017,female,103,0,0,0,22,1,0,0,1,24
TR17,bristol_bay,red_king_crab,2017,female,104,0,0,0,24,1,0,0,0,25
TR17,bristol_bay,red_king_crab,2017,female,105,0,0,0,26,0,0,0,0,26
TR17,bristol_bay,red_king_crab,2017,female,106,0,0,0,24,0,0,0,0,24
TR17,bristol_bay,red_king_crab,2017,female,107,0,0,0,22,0,0,1,0,23
TR17,bristol_bay,red_king_crab,2017,female,108,0,0,0,37,0,0,0,0,37
TR17,bristol_bay,red_king_crab,2017,female,109,0,0,0,30,2,0,0,1,33
TR17,bristol_bay,red_king_crab,2017,female,110,0,0,0,31,0,0,0,0,31
TR17,bristol_bay,red_king_crab,2017,female,111,0,0,0,37,0,0,0,0,37
TR17,bristol_bay,red_king_crab,2017,female,112,0,0,0,45,1,0,0,0,46
TR17,bristol_bay,red_king_crab,2017,female,113,0,0,0,43,0,0,0,0,43
TR17,bristol_bay,red_king_crab,2017,female,114,0,0,0,35,0,0,0,1,36
TR17,bristol_bay,red_king_crab,2017,female,115,0,0,0,55,1,0,0,0,56
TR17,bristol_bay,red_king_crab,2017,female,116,0,0,0,49,1,0,0,0,50
TR17,bristol_bay,red_king_crab,2017,female,117,0,0,0,50,3,0,0,1,54
TR17,bristol_bay,red_king_crab,2017,female,118,0,0,0,73,3,0,0,0,76
TR17,bristol_bay,red_king_crab,2017,female,119,0,0,0,47,0,0,0,0,47
TR17,bristol_bay,red_king_crab,2017,female,120,0,0,0,72,2,0,0,1,75
TR17,bristol_bay,red_king_crab,2017,female,121,0,0,0,56,2,0,0,0,58
TR17,bristol_bay,red_king_crab,2017,female,122,0,0,0,75,0,0,0,0,75
TR17,bristol_bay,red_king_crab,2017,female,123,0,0,0,76,1,0,0,1,78
TR17,bristol_bay,red_king_crab,2017,female,124,0,0,0,86,2,0,0,2,90
TR17,bristol_bay,red_king_crab,2017,female,125,0,0,0,81,2,0,0,2,85
TR17,bristol_bay,red_king_crab,2017,female,126,0,0,0,59,1,1,0,1,62
TR17,bristol_bay,red_king_crab,2017,female,127,0,0,0,79,1,0,0,0,80
TR17,bristol_bay,red_king_crab,2017,female,128,0,0,0,99,0,0,0,1,100
TR17,bristol_bay,red_king_crab,2017,female,129,0,0,0,66,3,0,0,0,69
TR17,bristol_bay,red_king_crab,2017,female,130,0,0,0,93,4,0,0,0,97
TR17,bristol_bay,red_king_crab,2017,female,131,0,0,0,72,2,0,0,0,74
TR17,bristol_bay,red_king_crab,2017,female,132,0,0,0,78,1,0,0,0,79
TR17,bristol_bay,red_king_crab,2017,female,133,0,0,0,64,3,0,0,0,67
TR17,bristol_bay,red_king_crab,2017,female,134,0,0,0,74,6,0,0,0,80
TR17,bristol_bay,red_king_crab,2017,female,135,0,0,0,82,0,0,0,0,82
TR17,bristol_bay,red_king_crab,2017,female,136,0,0,0,47,0,0,0,0,47
TR17,bristol_bay,red_king_crab,2017,female,137,0,0,0,50,1,0,0,1,52
TR17,bristol_bay,red_king_crab,2017,female,138,0,0,0,57,1,0,0,0,58
TR17,bristol_bay,red_king_crab,2017,female,139,0,0,0,29,1,0,0,0,30
TR17,bristol_bay,red_king_crab,2017,female,140,0,0,0,45,0,0,0,1,46
TR17,bristol_bay,red_king_crab,2017,female,141,0,0,0,25,0,0,0,0,25
TR17,bristol_bay,red_king_crab,2017,female,142,0,0,0,40,2,0,0,0,42
TR17,bristol_bay,red_king_crab,2017,female,143,0,0,0,51,1,0,0,0,52
TR17,bristol_bay,red_king_crab,2017,female,144,0,0,0,23,1,0,0,0,24
TR17,bristol_bay,red_king_crab,2017,female,145,0,0,0,27,1,0,0,0,28
TR17,bristol_bay,red_king_crab,2017,female,146,0,0,0,18,2,0,0,0,20
TR17,bristol_bay,red_king_crab,2017,female,147,0,0,0,24,1,0,0,0,25
TR17,bristol_bay,red_king_crab,2017,female,148,0,0,0,25,0,0,0,1,26
TR17,bristol_bay,red_king_crab,2017,female,149,0,0,0,14,1,0,0,0,15
TR17,bristol_bay,red_king_crab,2017,female,150,0,0,0,22,0,0,0,1,23
TR17,bristol_bay,red_king_crab,2017,female,151,0,0,0,8,0,0,0,1,9
TR17,bristol_bay,red_king_crab,2017,female,152,0,0,0,14,0,0,0,0,14
TR17,bristol_bay,red_king_crab,2017,female,153,0,0,0,9,0,0,0,0,9
TR17,bristol_bay,red_king_crab,2017,female,154,0,0,0,8,0,0,0,0,8
TR17,bristol_bay,red_king_crab,2017,female,155,0,0,0,7,1,0,0,1,9
TR17,bristol_bay,red_king_crab,2017,female,156,0,0,0,7,0,0,0,1,8
TR17,bristol_bay,red_king_crab,2017,female,157,0,0,0,6,0,0,0,1,7
TR17,bristol_bay,red_king_crab,2017,female,158,0,0,0,4,0,0,0,1,5
TR17,bristol_bay,red_king_crab,2017,female,159,0,0,0,1,1,0,0,0,2
TR17,bristol_bay,red_king_crab,2017,female,160,0,0,0,1,0,0,0,1,2
TR17,bristol_bay,red_king_crab,2017,female,162,0,0,0,1,0,0,0,0,1
TR17,bristol_bay,red_king_crab,2017,female,164,0,0,0,2,0,0,0,0,2
TR17,bristol_bay,red_king_crab,2017,female,166,0,0,0,1,0,0,0,0,1
TR17,bristol_bay,red_king_crab,2017,female,170,0,0,0,2,0,0,0,0,2
TR17,bristol_bay,red_king_crab,2017,female,173,0,0,0,1,0,0,0,0,1
TR17,bristol_bay,red_king_crab,2017,female,189,0,0,0,1,0,0,0,0,1
TR18,bristol_bay,red_king_crab,2018,male,66,0,0,0,1,0,0,0,0,1
TR18,bristol_bay,red_king_crab,2018,male,67,0,0,0,3,0,0,0,0,3
TR18,bristol_bay,red_king_crab,2018,male,68,0,0,0,4,0,0,0,0,4
TR18,bristol_bay,red_king_crab,2018,male,69,0,0,0,2,0,0,0,0,2
TR18,bristol_bay,red_king_crab,2018,male,70,0,0,0,8,0,0,0,0,8
TR18,bristol_bay,red_king_crab,2018,male,71,0,0,0,15,0,0,0,0,15
TR18,bristol_bay,red_king_crab,2018,male,72,0,0,0,15,0,0,0,0,15
TR18,bristol_bay,red_king_crab,2018,male,73,0,0,0,12,0,0,0,0,12
TR18,bristol_bay,red_king_crab,2018,male,74,0,0,0,18,0,0,0,0,18
TR18,bristol_bay,red_king_crab,2018,male,75,0,0,0,24,0,0,0,0,24
TR18,bristol_bay,red_king_crab,2018,male,76,0,0,0,37,0,0,0,0,37
TR18,bristol_bay,red_king_crab,2018,male,77,0,0,0,31,0,0,0,0,31
TR18,bristol_bay,red_king_crab,2018,male,78,0,0,0,48,0,0,0,0,48
TR18,bristol_bay,red_king_crab,2018,male,79,0,0,0,44,0,0,0,1,45
TR18,bristol_bay,red_king_crab,2018,male,80,0,0,0,36,0,0,0,0,36
TR18,bristol_bay,red_king_crab,2018,male,81,0,0,0,23,0,0,0,0,23
TR18,bristol_bay,red_king_crab,2018,male,82,0,0,0,56,0,0,0,3,59
TR18,bristol_bay,red_king_crab,2018,male,83,0,0,0,41,0,0,0,0,41
TR18,bristol_bay,red_king_crab,2018,male,84,0,0,0,52,0,0,0,0,52
TR18,bristol_bay,red_king_crab,2018,male,85,0,0,0,40,0,0,0,0,40
TR18,bristol_bay,red_king_crab,2018,male,86,0,0,0,37,0,0,0,0,37
TR18,bristol_bay,red_king_crab,2018,male,87,0,0,0,34,0,0,0,0,34
TR18,bristol_bay,red_king_crab,2018,male,88,0,0,0,33,0,0,0,0,33
TR18,bristol_bay,red_king_crab,2018,male,89,0,0,0,28,1,0,0,0,29
TR18,bristol_bay,red_king_crab,2018,male,90,0,0,0,38,0,0,0,0,38
TR18,bristol_bay,red_king_crab,2018,male,91,0,0,0,44,0,0,0,0,44
TR18,bristol_bay,red_king_crab,2018,male,92,0,0,0,65,0,0,0,1,66
TR18,bristol_bay,red_king_crab,2018,male,93,0,0,0,49,0,0,0,0,49
TR18,bristol_bay,red_king_crab,2018,male,94,0,0,0,85,0,0,0,0,85
TR18,bristol_bay,red_king_crab,2018,male,95,0,0,0,96,1,0,0,0,97
TR18,bristol_bay,red_king_crab,2018,male,96,0,0,0,110,1,0,0,0,111
TR18,bristol_bay,red_king_crab,2018,male,97,0,0,0,109,0,0,0,0,109
TR18,bristol_bay,red_king_crab,2018,male,98,0,0,0,114,0,0,0,1,115
TR18,bristol_bay,red_king_crab,2018,male,99,0,0,0,162,1,0,0,0,163
TR18,bristol_bay,red_king_crab,2018,male,100,0,0,0,151,2,0,0,0,153
TR18,bristol_bay,red_king_crab,2018,male,101,0,0,0,207,0,0,0,0,207
TR18,bristol_bay,red_king_crab,2018,male,102,0,0,0,200,2,0,0,4,206
TR18,bristol_bay,red_king_crab,2018,male,103,0,0,0,241,1,0,0,0,242
TR18,bristol_bay,red_king_crab,2018,male,104,0,0,0,294,2,1,0,2,299
TR18,bristol_bay,red_king_crab,2018,male,105,0,0,0,319,5,0,0,1,325
TR18,bristol_bay,red_king_crab,2018,male,106,0,0,0,305,2,0,0,2,309
TR18,bristol_bay,red_king_crab,2018,male,107,0,0,0,331,4,0,0,1,336
TR18,bristol_bay,red_king_crab,2018,male,108,0,0,0,322,3,0,0,0,325
TR18,bristol_bay,red_king_crab,2018,male,109,0,0,0,350,4,0,0,0,354
TR18,bristol_bay,red_king_crab,2018,male,110,0,0,0,362,3,0,0,1,366
TR18,bristol_bay,red_king_crab,2018,male,111,0,0,0,379,4,0,0,2,385
TR18,bristol_bay,red_king_crab,2018,male,112,0,0,0,378,5,1,0,0,384
TR18,bristol_bay,red_king_crab,2018,male,113,0,0,0,318,5,0,0,1,324
TR18,bristol_bay,red_king_crab,2018,male,114,0,0,0,389,5,0,0,2,396
TR18,bristol_bay,red_king_crab,2018,male,115,0,0,0,395,7,1,0,0,403
TR18,bristol_bay,red_king_crab,2018,male,116,0,0,0,363,12,0,0,2,377
TR18,bristol_bay,red_king_crab,2018,male,117,0,0,0,270,9,0,0,0,279
TR18,bristol_bay,red_king_crab,2018,male,118,0,0,0,319,10,0,0,1,330
TR18,bristol_bay,red_king_crab,2018,male,119,0,0,0,327,17,0,0,0,344
TR18,bristol_bay,red_king_crab,2018,male,120,0,0,0,299,8,0,0,5,312
TR18,bristol_bay,red_king_crab,2018,male,121,0,0,0,296,16,0,0,0,312
TR18,bristol_bay,red_king_crab,2018,male,122,0,0,0,267,18,0,0,1,286
TR18,bristol_bay,red_king_crab,2018,male,123,0,0,0,223,23,0,0,0,246
TR18,bristol_bay,red_king_crab,2018,male,124,0,0,0,290,18,0,0,0,308
TR18,bristol_bay,red_king_crab,2018,male,125,0,0,0,275,21,0,0,1,297
TR18,bristol_bay,red_king_crab,2018,male,126,0,0,0,251,18,0,0,0,269
TR18,bristol_bay,red_king_crab,2018,male,127,0,0,0,272,28,0,0,0,300
TR18,bristol_bay,red_king_crab,2018,male,128,0,0,0,224,29,1,0,0,254
TR18,bristol_bay,red_king_crab,2018,male,129,0,0,0,272,35,0,0,0,307
TR18,bristol_bay,red_king_crab,2018,male,130,0,0,0,233,29,0,0,1,263
TR18,bristol_bay,red_king_crab,2018,male,131,0,0,0,238,44,0,0,2,284
TR18,bristol_bay,red_king_crab,2018,male,132,0,0,0,272,42,0,0,1,315
TR18,bristol_bay,red_king_crab,2018,male,133,0,0,0,221,36,0,0,0,257
TR18,bristol_bay,red_king_crab,2018,male,134,0,0,0,273,52,0,0,0,325
TR18,bristol_bay,red_king_crab,2018,male,135,0,0,0,269,56,1,0,1,327
TR18,bristol_bay,red_king_crab,2018,male,136,0,0,0,297,41,2,0,0,340
TR18,bristol_bay,red_king_crab,2018,male,137,0,0,0,257,45,0,0,1,303
TR18,bristol_bay,red_king_crab,2018,male,138,0,0,0,227,40,0,0,0,267
TR18,bristol_bay,red_king_crab,2018,male,139,0,0,0,292,59,3,0,0,354
TR18,bristol_bay,red_king_crab,2018,male,140,0,0,0,293,57,3,0,1,354
TR18,bristol_bay,red_king_crab,2018,male,141,0,0,0,262,53,1,0,0,316
TR18,bristol_bay,red_king_crab,2018,male,142,0,0,0,253,56,1,0,1,311
TR18,bristol_bay,red_king_crab,2018,male,143,0,0,0,278,55,0,0,1,334
TR18,bristol_bay,red_king_crab,2018,male,144,0,0,0,286,66,2,0,0,354
TR18,bristol_bay,red_king_crab,2018,male,145,0,0,0,256,62,4,0,2,324
TR18,bristol_bay,red_king_crab,2018,male,146,0,0,0,264,75,3,0,1,343
TR18,bristol_bay,red_king_crab,2018,male,147,0,0,0,263,59,3,0,5,330
TR18,bristol_bay,red_king_crab,2018,male,148,0,0,0,225,66,0,0,1,292
TR18,bristol_bay,red_king_crab,2018,male,149,0,0,0,241,69,6,0,0,316
TR18,bristol_bay,red_king_crab,2018,male,150,0,0,0,228,83,2,0,0,313
TR18,bristol_bay,red_king_crab,2018,male,151,0,0,0,236,74,5,0,1,316
TR18,bristol_bay,red_king_crab,2018,male,152,0,0,0,231,94,8,0,0,333
TR18,bristol_bay,red_king_crab,2018,male,153,0,0,0,211,115,4,0,0,330
TR18,bristol_bay,red_king_crab,2018,male,154,0,0,0,262,94,12,0,0,368
TR18,bristol_bay,red_king_crab,2018,male,155,0,0,0,222,129,16,0,1,368
TR18,bristol_bay,red_king_crab,2018,male,156,0,0,0,250,111,11,0,0,372
TR18,bristol_bay,red_king_crab,2018,male,157,0,0,0,209,111,21,0,0,341
TR18,bristol_bay,red_king_crab,2018,male,158,0,0,0,184,110,11,0,1,306
TR18,bristol_bay,red_king_crab,2018,male,159,0,0,0,199,137,8,0,0,344
TR18,bristol_bay,red_king_crab,2018,male,160,0,0,0,196,132,13,0,0,341
TR18,bristol_bay,red_king_crab,2018,male,161,0,0,0,177,142,8,0,3,330
TR18,bristol_bay,red_king_crab,2018,male,162,0,0,0,201,140,23,0,2,366
TR18,bristol_bay,red_king_crab,2018,male,163,0,0,0,155,145,23,0,0,323
TR18,bristol_bay,red_king_crab,2018,male,164,0,0,0,226,156,22,0,0,404
TR18,bristol_bay,red_king_crab,2018,male,165,0,0,0,184,125,16,0,1,326
TR18,bristol_bay,red_king_crab,2018,male,166,0,0,0,174,127,15,0,2,318
TR18,bristol_bay,red_king_crab,2018,male,167,0,0,0,182,118,11,0,0,311
TR18,bristol_bay,red_king_crab,2018,male,168,0,0,0,168,112,11,0,0,291
TR18,bristol_bay,red_king_crab,2018,male,169,0,0,0,141,111,27,0,0,279
TR18,bristol_bay,red_king_crab,2018,male,170,0,0,0,147,103,10,0,0,260
TR18,bristol_bay,red_king_crab,2018,male,171,0,0,0,135,86,13,0,0,234
TR18,bristol_bay,red_king_crab,2018,male,172,0,0,0,118,89,9,0,0,216
TR18,bristol_bay,red_king_crab,2018,male,173,0,0,0,99,79,15,0,0,193
TR18,bristol_bay,red_king_crab,2018,male,174,0,0,0,89,83,15,0,0,187
TR18,bristol_bay,red_king_crab,2018,male,175,0,0,0,74,42,8,0,0,124
TR18,bristol_bay,red_king_crab,2018,male,176,0,0,0,69,59,3,0,1,132
TR18,bristol_bay,red_king_crab,2018,male,177,0,0,0,51,36,6,0,0,93
TR18,bristol_bay,red_king_crab,2018,male,178,0,0,0,50,43,7,0,0,100
TR18,bristol_bay,red_king_crab,2018,male,179,0,0,0,47,40,1,0,0,88
TR18,bristol_bay,red_king_crab,2018,male,180,0,0,0,35,24,5,0,0,64
TR18,bristol_bay,red_king_crab,2018,male,181,0,0,0,21,27,3,0,0,51
TR18,bristol_bay,red_king_crab,2018,male,182,0,0,0,20,20,4,0,0,44
TR18,bristol_bay,red_king_crab,2018,male,183,0,0,0,9,15,3,0,0,27
TR18,bristol_bay,red_king_crab,2018,male,184,0,0,0,16,15,1,0,0,32
TR18,bristol_bay,red_king_crab,2018,male,185,0,0,0,10,9,1,0,0,20
TR18,bristol_bay,red_king_crab,2018,male,186,0,0,0,13,6,0,0,0,19
TR18,bristol_bay,red_king_crab,2018,male,187,0,0,0,6,3,0,0,0,9
TR18,bristol_bay,red_king_crab,2018,male,188,0,0,0,2,0,1,0,0,3
TR18,bristol_bay,red_king_crab,2018,male,189,0,0,0,2,0,1,0,0,3
TR18,bristol_bay,red_king_crab,2018,male,190,0,0,0,5,0,0,0,0,5
TR18,bristol_bay,red_king_crab,2018,male,191,0,0,0,1,0,0,0,0,1
TR18,bristol_bay,red_king_crab,2018,male,192,0,0,0,0,0,1,0,0,1
TR18,bristol_bay,red_king_crab,2018,male,193,0,0,0,1,1,0,0,0,2
TR18,bristol_bay,red_king_crab,2018,male,194,0,0,0,1,1,0,0,0,2
TR18,bristol_bay,red_king_crab,2018,male,195,0,0,0,1,1,0,0,0,2
TR18,bristol_bay,red_king_crab,2018,male,197,0,0,0,2,0,0,0,0,2
TR18,bristol_bay,red_king_crab,2018,female,53,0,0,0,0,0,0,0,1,1
TR18,bristol_bay,red_king_crab,2018,female,61,0,0,0,1,0,0,0,0,1
TR18,bristol_bay,red_king_crab,2018,female,64,0,0,0,1,0,0,0,0,1
TR18,bristol_bay,red_king_crab,2018,female,67,0,0,0,2,0,0,0,0,2
TR18,bristol_bay,red_king_crab,2018,female,69,0,0,0,3,0,0,0,0,3
TR18,bristol_bay,red_king_crab,2018,female,70,0,0,0,2,0,0,0,0,2
TR18,bristol_bay,red_king_crab,2018,female,71,0,0,0,9,0,0,0,0,9
TR18,bristol_bay,red_king_crab,2018,female,72,0,0,0,9,0,0,0,0,9
TR18,bristol_bay,red_king_crab,2018,female,73,0,0,0,13,0,0,0,3,16
TR18,bristol_bay,red_king_crab,2018,female,74,0,0,0,16,0,0,0,1,17
TR18,bristol_bay,red_king_crab,2018,female,75,0,0,0,27,0,0,0,1,28
TR18,bristol_bay,red_king_crab,2018,female,76,0,0,0,28,0,0,0,0,28
TR18,bristol_bay,red_king_crab,2018,female,77,0,0,0,28,0,0,0,0,28
TR18,bristol_bay,red_king_crab,2018,female,78,0,0,0,45,0,0,0,1,46
TR18,bristol_bay,red_king_crab,2018,female,79,0,0,0,48,0,0,0,1,49
TR18,bristol_bay,red_king_crab,2018,female,80,0,0,0,66,0,0,0,0,66
TR18,bristol_bay,red_king_crab,2018,female,81,0,0,0,42,0,0,0,1,43
TR18,bristol_bay,red_king_crab,2018,female,82,0,0,0,40,0,0,0,0,40
TR18,bristol_bay,red_king_crab,2018,female,83,0,0,0,48,0,0,0,1,49
TR18,bristol_bay,red_king_crab,2018,female,84,0,0,0,38,0,0,0,1,39
TR18,bristol_bay,red_king_crab,2018,female,85,0,0,0,43,0,0,0,0,43
TR18,bristol_bay,red_king_crab,2018,female,86,0,0,0,45,0,0,0,1,46
TR18,bristol_bay,red_king_crab,2018,female,87,0,0,0,57,0,0,0,1,58
TR18,bristol_bay,red_king_crab,2018,female,88,0,0,0,40,0,0,0,0,40
TR18,bristol_bay,red_king_crab,2018,female,89,0,0,0,45,0,0,0,1,46
TR18,bristol_bay,red_king_crab,2018,female,90,0,0,0,57,0,0,0,1,58
TR18,bristol_bay,red_king_crab,2018,female,91,0,0,0,62,1,0,0,2,65
TR18,bristol_bay,red_king_crab,2018,female,92,0,0,0,79,0,0,0,0,79
TR18,bristol_bay,red_king_crab,2018,female,93,0,0,0,75,0,0,0,1,76
TR18,bristol_bay,red_king_crab,2018,female,94,0,0,0,85,0,0,0,2,87
TR18,bristol_bay,red_king_crab,2018,female,95,0,0,0,86,0,0,0,0,86
TR18,bristol_bay,red_king_crab,2018,female,96,0,0,0,128,0,0,0,1,129
TR18,bristol_bay,red_king_crab,2018,female,97,0,0,0,123,0,0,0,1,124
TR18,bristol_bay,red_king_crab,2018,female,98,0,0,0,137,1,0,0,2,140
TR18,bristol_bay,red_king_crab,2018,female,99,0,0,0,135,1,0,0,2,138
TR18,bristol_bay,red_king_crab,2018,female,100,0,0,0,163,1,0,0,2,166
TR18,bristol_bay,red_king_crab,2018,female,101,0,0,0,196,0,0,0,2,198
TR18,bristol_bay,red_king_crab,2018,female,102,0,0,0,184,1,0,0,4,189
TR18,bristol_bay,red_king_crab,2018,female,103,0,0,0,182,1,0,0,5,188
TR18,bristol_bay,red_king_crab,2018,female,104,0,0,0,181,1,0,0,4,186
TR18,bristol_bay,red_king_crab,2018,female,105,0,0,0,174,0,0,0,5,179
TR18,bristol_bay,red_king_crab,2018,female,106,0,0,0,174,1,0,0,3,178
TR18,bristol_bay,red_king_crab,2018,female,107,0,0,0,132,1,0,0,3,136
TR18,bristol_bay,red_king_crab,2018,female,108,0,0,0,142,2,0,0,3,147
TR18,bristol_bay,red_king_crab,2018,female,109,0,0,0,120,1,0,0,1,122
TR18,bristol_bay,red_king_crab,2018,female,110,0,0,0,117,1,0,0,3,121
TR18,bristol_bay,red_king_crab,2018,female,111,0,0,0,117,1,0,0,0,118
TR18,bristol_bay,red_king_crab,2018,female,112,0,0,0,136,1,0,0,0,137
TR18,bristol_bay,red_king_crab,2018,female,113,0,0,0,114,2,0,0,0,116
TR18,bristol_bay,red_king_crab,2018,female,114,0,0,0,145,0,0,0,0,145
TR18,bristol_bay,red_king_crab,2018,female,115,0,0,0,116,0,0,0,0,116
TR18,bristol_bay,red_king_crab,2018,female,116,0,0,0,105,1,0,0,1,107
TR18,bristol_bay,red_king_crab,2018,female,117,0,0,0,111,1,0,0,1,113
TR18,bristol_bay,red_king_crab,2018,female,118,0,0,0,148,4,1,0,0,153
TR18,bristol_bay,red_king_crab,2018,female,119,0,0,0,149,1,0,0,1,151
TR18,bristol_bay,red_king_crab,2018,female,120,0,0,0,191,1,0,0,0,192
TR18,bristol_bay,red_king_crab,2018,female,121,0,0,0,192,1,0,0,1,194
TR18,bristol_bay,red_king_crab,2018,female,122,0,0,0,175,2,0,0,2,179
TR18,bristol_bay,red_king_crab,2018,female,123,0,0,0,214,3,0,0,1,218
TR18,bristol_bay,red_king_crab,2018,female,124,0,0,0,214,3,1,0,2,220
TR18,bristol_bay,red_king_crab,2018,female,125,0,0,0,208,5,0,0,0,213
TR18,bristol_bay,red_king_crab,2018,female,126,0,0,0,195,5,0,0,2,202
TR18,bristol_bay,red_king_crab,2018,female,127,0,0,0,248,6,0,0,1,255
TR18,bristol_bay,red_king_crab,2018,female,128,0,0,0,224,2,0,0,3,229
TR18,bristol_bay,red_king_crab,2018,female,129,0,0,0,216,4,0,0,2,222
TR18,bristol_bay,red_king_crab,2018,female,130,0,0,0,232,8,1,0,3,244
TR18,bristol_bay,red_king_crab,2018,female,131,0,0,0,201,6,1,0,3,211
TR18,bristol_bay,red_king_crab,2018,female,132,0,0,0,221,3,0,0,1,225
TR18,bristol_bay,red_king_crab,2018,female,133,0,0,0,167,1,0,0,1,169
TR18,bristol_bay,red_king_crab,2018,female,134,0,0,0,190,6,0,0,7,203
TR18,bristol_bay,red_king_crab,2018,female,135,0,0,0,183,5,1,0,1,190
TR18,bristol_bay,red_king_crab,2018,female,136,0,0,0,158,5,0,0,1,164
TR18,bristol_bay,red_king_crab,2018,female,137,0,0,0,143,5,0,0,2,150
TR18,bristol_bay,red_king_crab,2018,female,138,0,0,0,161,3,0,0,2,166
TR18,bristol_bay,red_king_crab,2018,female,139,0,0,0,133,6,0,0,2,141
TR18,bristol_bay,red_king_crab,2018,female,140,0,0,0,138,8,1,0,4,151
TR18,bristol_bay,red_king_crab,2018,female,141,0,0,0,120,5,0,0,3,128
TR18,bristol_bay,red_king_crab,2018,female,142,0,0,0,114,3,0,0,2,119
TR18,bristol_bay,red_king_crab,2018,female,143,0,0,0,89,2,0,0,1,92
TR18,bristol_bay,red_king_crab,2018,female,144,0,0,0,95,8,0,0,3,106
TR18,bristol_bay,red_king_crab,2018,female,145,0,0,0,68,4,0,0,0,72
TR18,bristol_bay,red_king_crab,2018,female,146,0,0,0,83,6,0,0,1,90
TR18,bristol_bay,red_king_crab,2018,female,147,0,0,0,59,2,0,0,1,62
TR18,bristol_bay,red_king_crab,2018,female,148,0,0,0,50,2,1,0,0,53
TR18,bristol_bay,red_king_crab,2018,female,149,0,0,0,42,0,0,0,0,42
TR18,bristol_bay,red_king_crab,2018,female,150,0,0,0,41,0,0,1,1,43
TR18,bristol_bay,red_king_crab,2018,female,151,0,0,0,35,4,0,0,0,39
TR18,bristol_bay,red_king_crab,2018,female,152,0,0,0,30,0,0,0,2,32
TR18,bristol_bay,red_king_crab,2018,female,153,0,0,0,33,1,0,0,0,34
TR18,bristol_bay,red_king_crab,2018,female,154,0,0,0,19,3,0,0,0,22
TR18,bristol_bay,red_king_crab,2018,female,155,0,0,0,22,0,0,0,1,23
TR18,bristol_bay,red_king_crab,2018,female,156,0,0,0,12,1,0,0,1,14
TR18,bristol_bay,red_king_crab,2018,female,157,0,0,0,16,2,0,0,0,18
TR18,bristol_bay,red_king_crab,2018,female,158,0,0,0,7,0,0,0,0,7
TR18,bristol_bay,red_king_crab,2018,female,159,0,0,0,12,1,0,0,0,13
TR18,bristol_bay,red_king_crab,2018,female,160,0,0,0,3,0,0,0,1,4
TR18,bristol_bay,red_king_crab,2018,female,161,0,0,0,3,0,0,0,0,3
TR18,bristol_bay,red_king_crab,2018,female,162,0,0,0,7,0,0,0,1,8
TR18,bristol_bay,red_king_crab,2018,female,163,0,0,0,7,0,0,0,0,7
TR18,bristol_bay,red_king_crab,2018,female,164,0,0,0,5,0,0,0,0,5
TR18,bristol_bay,red_king_crab,2018,female,165,0,0,0,3,0,0,0,0,3
TR18,bristol_bay,red_king_crab,2018,female,166,0,0,0,3,0,0,0,0,3
TR18,bristol_bay,red_king_crab,2018,female,167,0,0,0,1,0,0,0,0,1
TR18,bristol_bay,red_king_crab,2018,female,168,0,0,0,1,0,0,0,0,1
TR18,bristol_bay,red_king_crab,2018,female,170,0,0,0,1,0,0,0,0,1
TR18,bristol_bay,red_king_crab,2018,female,177,0,0,0,1,0,0,0,0,1
TR18,bristol_bay,red_king_crab,2018,female,179,0,0,0,1,0,0,0,0,1
TR19,bristol_bay,red_king_crab,2019,male,70,0,0,0,1,0,0,0,0,1
TR19,bristol_bay,red_king_crab,2019,male,74,0,0,0,2,0,0,0,0,2
TR19,bristol_bay,red_king_crab,2019,male,76,0,0,0,1,0,0,0,0,1
TR19,bristol_bay,red_king_crab,2019,male,78,0,0,0,3,0,0,0,0,3
TR19,bristol_bay,red_king_crab,2019,male,79,0,0,0,2,0,0,0,0,2
TR19,bristol_bay,red_king_crab,2019,male,80,0,0,0,7,0,0,0,0,7
TR19,bristol_bay,red_king_crab,2019,male,81,0,0,0,9,0,0,0,0,9
TR19,bristol_bay,red_king_crab,2019,male,82,0,0,0,11,0,0,0,0,11
TR19,bristol_bay,red_king_crab,2019,male,83,0,0,0,8,0,0,0,0,8
TR19,bristol_bay,red_king_crab,2019,male,84,0,0,0,15,0,0,0,0,15
TR19,bristol_bay,red_king_crab,2019,male,85,0,0,0,25,0,0,0,0,25
TR19,bristol_bay,red_king_crab,2019,male,86,0,0,0,22,0,0,0,0,22
TR19,bristol_bay,red_king_crab,2019,male,87,0,0,0,50,0,0,0,0,50
TR19,bristol_bay,red_king_crab,2019,male,88,0,0,0,59,0,0,0,0,59
TR19,bristol_bay,red_king_crab,2019,male,89,0,0,0,60,2,0,0,0,62
TR19,bristol_bay,red_king_crab,2019,male,90,0,0,0,69,1,0,0,0,70
TR19,bristol_bay,red_king_crab,2019,male,91,0,0,0,71,0,0,0,0,71
TR19,bristol_bay,red_king_crab,2019,male,92,0,0,0,89,1,0,0,0,90
TR19,bristol_bay,red_king_crab,2019,male,93,0,0,0,86,0,0,0,0,86
TR19,bristol_bay,red_king_crab,2019,male,94,0,0,0,124,0,0,0,0,124
TR19,bristol_bay,red_king_crab,2019,male,95,0,0,0,128,3,0,0,0,131
TR19,bristol_bay,red_king_crab,2019,male,96,0,0,0,125,0,0,0,0,125
TR19,bristol_bay,red_king_crab,2019,male,97,0,0,0,108,0,0,0,0,108
TR19,bristol_bay,red_king_crab,2019,male,98,0,0,0,112,1,0,0,0,113
TR19,bristol_bay,red_king_crab,2019,male,99,0,0,0,88,1,0,0,0,89
TR19,bristol_bay,red_king_crab,2019,male,100,0,0,0,115,3,0,0,0,118
TR19,bristol_bay,red_king_crab,2019,male,101,0,0,0,107,0,0,0,0,107
TR19,bristol_bay,red_king_crab,2019,male,102,0,0,0,74,2,0,0,0,76
TR19,bristol_bay,red_king_crab,2019,male,103,0,0,0,106,0,0,0,0,106
TR19,bristol_bay,red_king_crab,2019,male,104,0,0,0,95,2,0,0,0,97
TR19,bristol_bay,red_king_crab,2019,male,105,0,0,0,91,2,0,0,0,93
TR19,bristol_bay,red_king_crab,2019,male,106,0,0,0,91,3,0,0,0,94
TR19,bristol_bay,red_king_crab,2019,male,107,0,0,0,64,1,0,0,0,65
TR19,bristol_bay,red_king_crab,2019,male,108,0,0,0,129,2,0,0,0,131
TR19,bristol_bay,red_king_crab,2019,male,109,0,0,0,124,2,0,0,0,126
TR19,bristol_bay,red_king_crab,2019,male,110,0,0,0,160,1,0,0,0,161
TR19,bristol_bay,red_king_crab,2019,male,111,0,0,0,124,7,0,0,0,131
TR19,bristol_bay,red_king_crab,2019,male,112,0,0,0,158,2,0,0,0,160
TR19,bristol_bay,red_king_crab,2019,male,113,0,0,0,197,8,0,0,0,205
TR19,bristol_bay,red_king_crab,2019,male,114,0,0,0,259,8,0,0,1,268
TR19,bristol_bay,red_king_crab,2019,male,115,0,0,0,275,14,0,0,0,289
TR19,bristol_bay,red_king_crab,2019,male,116,0,0,0,247,8,0,0,0,255
TR19,bristol_bay,red_king_crab,2019,male,117,0,0,0,223,8,0,0,0,231
TR19,bristol_bay,red_king_crab,2019,male,118,0,0,0,340,5,0,0,0,345
TR19,bristol_bay,red_king_crab,2019,male,119,0,0,0,322,11,1,0,1,335
TR19,bristol_bay,red_king_crab,2019,male,120,0,0,0,410,18,1,0,0,429
TR19,bristol_bay,red_king_crab,2019,male,121,0,0,0,422,19,0,0,0,441
TR19,bristol_bay,red_king_crab,2019,male,122,0,0,0,379,12,0,0,1,392
TR19,bristol_bay,red_king_crab,2019,male,123,0,0,0,418,40,6,0,1,465
TR19,bristol_bay,red_king_crab,2019,male,124,0,0,0,494,27,3,0,1,525
TR19,bristol_bay,red_king_crab,2019,male,125,0,0,0,553,38,6,0,0,597
TR19,bristol_bay,red_king_crab,2019,male,126,0,0,0,438,31,4,0,0,473
TR19,bristol_bay,red_king_crab,2019,male,127,0,0,0,404,37,2,0,0,443
TR19,bristol_bay,red_king_crab,2019,male,128,0,0,0,458,42,1,0,0,501
TR19,bristol_bay,red_king_crab,2019,male,129,0,0,0,394,33,3,0,0,430
TR19,bristol_bay,red_king_crab,2019,male,130,0,0,0,536,57,5,0,0,598
TR19,bristol_bay,red_king_crab,2019,male,131,0,0,0,390,33,6,0,1,430
TR19,bristol_bay,red_king_crab,2019,male,132,0,0,0,445,58,4,0,1,508
TR19,bristol_bay,red_king_crab,2019,male,133,0,0,0,382,52,5,0,1,440
TR19,bristol_bay,red_king_crab,2019,male,134,0,0,0,506,56,6,0,0,568
TR19,bristol_bay,red_king_crab,2019,male,135,0,0,0,484,82,9,0,0,575
TR19,bristol_bay,red_king_crab,2019,male,136,0,0,0,417,59,6,0,0,482
TR19,bristol_bay,red_king_crab,2019,male,137,0,0,0,363,42,6,0,0,411
TR19,bristol_bay,red_king_crab,2019,male,138,0,0,0,419,62,11,0,0,492
TR19,bristol_bay,red_king_crab,2019,male,139,0,0,0,338,52,8,0,0,398
TR19,bristol_bay,red_king_crab,2019,male,140,0,0,0,390,63,10,0,0,463
TR19,bristol_bay,red_king_crab,2019,male,141,0,0,0,307,51,7,0,0,365
TR19,bristol_bay,red_king_crab,2019,male,142,0,0,0,305,56,11,0,0,372
TR19,bristol_bay,red_king_crab,2019,male,143,0,0,0,324,67,13,0,0,404
TR19,bristol_bay,red_king_crab,2019,male,144,0,0,0,305,64,7,0,0,376
TR19,bristol_bay,red_king_crab,2019,male,145,0,0,0,361,76,10,0,0,447
TR19,bristol_bay,red_king_crab,2019,male,146,0,0,0,275,59,4,0,0,338
TR19,bristol_bay,red_king_crab,2019,male,147,0,0,0,256,41,9,0,0,306
TR19,bristol_bay,red_king_crab,2019,male,148,0,0,0,238,62,6,0,0,306
TR19,bristol_bay,red_king_crab,2019,male,149,0,0,0,223,44,13,0,0,280
TR19,bristol_bay,red_king_crab,2019,male,150,0,0,0,314,54,15,0,0,383
TR19,bristol_bay,red_king_crab,2019,male,151,0,0,0,208,44,7,0,0,259
TR19,bristol_bay,red_king_crab,2019,male,152,0,0,0,241,59,16,0,0,316
TR19,bristol_bay,red_king_crab,2019,male,153,0,0,0,261,76,18,0,0,355
TR19,bristol_bay,red_king_crab,2019,male,154,0,0,0,208,65,18,0,0,291
TR19,bristol_bay,red_king_crab,2019,male,155,0,0,0,250,63,29,0,0,342
TR19,bristol_bay,red_king_crab,2019,male,156,0,0,0,190,49,17,0,0,256
TR19,bristol_bay,red_king_crab,2019,male,157,0,0,0,173,55,31,0,0,259
TR19,bristol_bay,red_king_crab,2019,male,158,0,0,0,209,73,24,0,0,306
TR19,bristol_bay,red_king_crab,2019,male,159,0,0,0,147,46,13,0,0,206
TR19,bristol_bay,red_king_crab,2019,male,160,0,0,0,217,96,35,0,0,348
TR19,bristol_bay,red_king_crab,2019,male,161,0,0,0,167,73,24,0,0,264
TR19,bristol_bay,red_king_crab,2019,male,162,0,0,0,182,63,18,0,0,263
TR19,bristol_bay,red_king_crab,2019,male,163,0,0,0,204,69,36,0,0,309
TR19,bristol_bay,red_king_crab,2019,male,164,0,0,0,162,74,40,0,0,276
TR19,bristol_bay,red_king_crab,2019,male,165,0,0,0,256,95,61,0,0,412
TR19,bristol_bay,red_king_crab,2019,male,166,0,0,0,184,88,32,0,0,304
TR19,bristol_bay,red_king_crab,2019,male,167,0,0,0,136,58,22,0,0,216
TR19,bristol_bay,red_king_crab,2019,male,168,0,0,0,184,81,33,0,0,298
TR19,bristol_bay,red_king_crab,2019,male,169,0,0,0,143,55,24,0,0,222
TR19,bristol_bay,red_king_crab,2019,male,170,0,0,0,168,80,42,0,0,290
TR19,bristol_bay,red_king_crab,2019,male,171,0,0,0,111,52,16,0,0,179
TR19,bristol_bay,red_king_crab,2019,male,172,0,0,0,112,49,25,0,0,186
TR19,bristol_bay,red_king_crab,2019,male,173,0,0,0,113,58,26,0,0,197
TR19,bristol_bay,red_king_crab,2019,male,174,0,0,0,143,44,24,0,0,211
TR19,bristol_bay,red_king_crab,2019,male,175,0,0,0,133,61,31,0,0,225
TR19,bristol_bay,red_king_crab,2019,male,176,0,0,0,90,43,16,0,0,149
TR19,bristol_bay,red_king_crab,2019,male,177,0,0,0,68,31,12,0,0,111
TR19,bristol_bay,red_king_crab,2019,male,178,0,0,0,72,32,13,0,0,117
TR19,bristol_bay,red_king_crab,2019,male,179,0,0,0,59,23,11,0,0,93
TR19,bristol_bay,red_king_crab,2019,male,180,0,0,0,73,18,12,0,0,103
TR19,bristol_bay,red_king_crab,2019,male,181,0,0,0,41,16,6,0,0,63
TR19,bristol_bay,red_king_crab,2019,male,182,0,0,0,43,11,8,0,0,62
TR19,bristol_bay,red_king_crab,2019,male,183,0,0,0,30,8,7,0,0,45
TR19,bristol_bay,red_king_crab,2019,male,184,0,0,0,31,9,8,0,0,48
TR19,bristol_bay,red_king_crab,2019,male,185,0,0,0,31,10,3,0,0,44
TR19,bristol_bay,red_king_crab,2019,male,186,0,0,0,19,6,1,0,0,26
TR19,bristol_bay,red_king_crab,2019,male,187,0,0,0,12,4,1,0,0,17
TR19,bristol_bay,red_king_crab,2019,male,188,0,0,0,5,4,1,0,0,10
TR19,bristol_bay,red_king_crab,2019,male,189,0,0,0,9,0,1,0,0,10
TR19,bristol_bay,red_king_crab,2019,male,190,0,0,0,8,0,0,0,0,8
TR19,bristol_bay,red_king_crab,2019,male,191,0,0,0,3,1,0,0,0,4
TR19,bristol_bay,red_king_crab,2019,male,192,0,0,0,4,0,0,0,0,4
TR19,bristol_bay,red_king_crab,2019,male,193,0,0,0,3,1,0,0,0,4
TR19,bristol_bay,red_king_crab,2019,male,194,0,0,0,1,0,0,0,0,1
TR19,bristol_bay,red_king_crab,2019,male,197,0,0,0,3,0,0,0,0,3
TR19,bristol_bay,red_king_crab,2019,male,200,0,0,0,1,0,0,0,0,1
TR19,bristol_bay,red_king_crab,2019,male,202,0,0,0,1,0,0,0,0,1
TR19,bristol_bay,red_king_crab,2019,female,75,0,0,0,1,0,0,0,0,1
TR19,bristol_bay,red_king_crab,2019,female,78,0,0,0,1,0,0,0,0,1
TR19,bristol_bay,red_king_crab,2019,female,79,0,0,0,3,0,0,0,0,3
TR19,bristol_bay,red_king_crab,2019,female,80,0,0,0,2,0,0,0,0,2
TR19,bristol_bay,red_king_crab,2019,female,81,0,0,0,1,0,0,0,0,1
TR19,bristol_bay,red_king_crab,2019,female,82,0,0,0,3,0,0,0,0,3
TR19,bristol_bay,red_king_crab,2019,female,83,0,0,0,6,0,0,0,0,6
TR19,bristol_bay,red_king_crab,2019,female,84,0,0,0,5,0,0,0,0,5
TR19,bristol_bay,red_king_crab,2019,female,85,0,0,0,12,0,0,0,0,12
TR19,bristol_bay,red_king_crab,2019,female,86,0,0,0,8,0,0,0,0,8
TR19,bristol_bay,red_king_crab,2019,female,87,0,0,0,20,0,0,0,0,20
TR19,bristol_bay,red_king_crab,2019,female,88,0,0,0,20,0,0,0,0,20
TR19,bristol_bay,red_king_crab,2019,female,89,0,0,0,23,0,0,0,0,23
TR19,bristol_bay,red_king_crab,2019,female,90,0,0,0,31,0,0,0,0,31
TR19,bristol_bay,red_king_crab,2019,female,91,0,0,0,33,0,0,0,0,33
TR19,bristol_bay,red_king_crab,2019,female,92,0,0,0,28,0,0,0,0,28
TR19,bristol_bay,red_king_crab,2019,female,93,0,0,0,25,0,0,0,1,26
TR19,bristol_bay,red_king_crab,2019,female,94,0,0,0,24,0,0,0,0,24
TR19,bristol_bay,red_king_crab,2019,female,95,0,0,0,45,0,0,0,0,45
TR19,bristol_bay,red_king_crab,2019,female,96,0,0,0,20,0,0,0,0,20
TR19,bristol_bay,red_king_crab,2019,female,97,0,0,0,8,0,0,0,0,8
TR19,bristol_bay,red_king_crab,2019,female,98,0,0,0,23,0,0,0,1,24
TR19,bristol_bay,red_king_crab,2019,female,99,0,0,0,13,0,0,0,0,13
TR19,bristol_bay,red_king_crab,2019,female,100,0,0,0,21,0,0,0,0,21
TR19,bristol_bay,red_king_crab,2019,female,101,0,0,0,12,0,0,0,0,12
TR19,bristol_bay,red_king_crab,2019,female,102,0,0,0,13,0,0,0,1,14
TR19,bristol_bay,red_king_crab,2019,female,103,0,0,0,29,1,0,0,1,31
TR19,bristol_bay,red_king_crab,2019,female,104,0,0,0,20,0,0,0,1,21
TR19,bristol_bay,red_king_crab,2019,female,105,0,0,0,50,0,0,0,0,50
TR19,bristol_bay,red_king_crab,2019,female,106,0,0,0,21,0,0,0,0,21
TR19,bristol_bay,red_king_crab,2019,female,107,0,0,0,20,0,0,0,0,20
TR19,bristol_bay,red_king_crab,2019,female,108,0,0,0,41,0,0,0,0,41
TR19,bristol_bay,red_king_crab,2019,female,109,0,0,0,27,0,0,0,0,27
TR19,bristol_bay,red_king_crab,2019,female,110,0,0,0,71,0,0,0,0,71
TR19,bristol_bay,red_king_crab,2019,female,111,0,0,0,35,0,0,0,0,35
TR19,bristol_bay,red_king_crab,2019,female,112,0,0,0,39,0,0,0,0,39
TR19,bristol_bay,red_king_crab,2019,female,113,0,0,0,39,0,0,0,0,39
TR19,bristol_bay,red_king_crab,2019,female,114,0,0,0,35,0,0,0,0,35
TR19,bristol_bay,red_king_crab,2019,female,115,0,0,0,74,2,0,0,0,76
TR19,bristol_bay,red_king_crab,2019,female,116,0,0,0,23,0,0,0,0,23
TR19,bristol_bay,red_king_crab,2019,female,117,0,0,0,29,0,0,0,0,29
TR19,bristol_bay,red_king_crab,2019,female,118,0,0,0,37,0,0,0,0,37
TR19,bristol_bay,red_king_crab,2019,female,119,0,0,0,34,0,0,0,1,35
TR19,bristol_bay,red_king_crab,2019,female,120,0,0,0,67,1,0,0,0,68
TR19,bristol_bay,red_king_crab,2019,female,121,0,0,0,30,1,0,0,0,31
TR19,bristol_bay,red_king_crab,2019,female,122,0,0,0,30,0,0,0,0,30
TR19,bristol_bay,red_king_crab,2019,female,123,0,0,0,59,0,0,0,0,59
TR19,bristol_bay,red_king_crab,2019,female,124,0,0,0,31,0,0,0,0,31
TR19,bristol_bay,red_king_crab,2019,female,125,0,0,0,92,2,0,0,1,95
TR19,bristol_bay,red_king_crab,2019,female,126,0,0,0,58,1,0,0,0,59
TR19,bristol_bay,red_king_crab,2019,female,127,0,0,0,41,0,0,0,0,41
TR19,bristol_bay,red_king_crab,2019,female,128,0,0,0,55,0,0,0,0,55
TR19,bristol_bay,red_king_crab,2019,female,129,0,0,0,53,0,0,0,0,53
TR19,bristol_bay,red_king_crab,2019,female,130,0,0,0,108,1,0,0,0,109
TR19,bristol_bay,red_king_crab,2019,female,131,0,0,0,54,1,0,0,0,55
TR19,bristol_bay,red_king_crab,2019,female,132,0,0,0,70,3,0,0,0,73
TR19,bristol_bay,red_king_crab,2019,female,133,0,0,0,69,1,0,0,1,71
TR19,bristol_bay,red_king_crab,2019,female,134,0,0,0,57,3,1,0,0,61
TR19,bristol_bay,red_king_crab,2019,female,135,0,0,0,98,4,0,0,0,102
TR19,bristol_bay,red_king_crab,2019,female,136,0,0,0,68,2,0,0,0,70
TR19,bristol_bay,red_king_crab,2019,female,137,0,0,0,52,2,0,0,0,54
TR19,bristol_bay,red_king_crab,2019,female,138,0,0,0,60,3,0,0,1,64
TR19,bristol_bay,red_king_crab,2019,female,139,0,0,0,39,0,0,0,0,39
TR19,bristol_bay,red_king_crab,2019,female,140,0,0,0,112,7,1,0,2,122
TR19,bristol_bay,red_king_crab,2019,female,141,0,0,0,51,3,0,0,0,54
TR19,bristol_bay,red_king_crab,2019,female,142,0,0,0,52,1,0,0,0,53
TR19,bristol_bay,red_king_crab,2019,female,143,0,0,0,50,6,0,0,1,57
TR19,bristol_bay,red_king_crab,2019,female,144,0,0,0,27,3,0,0,0,30
TR19,bristol_bay,red_king_crab,2019,female,145,0,0,0,62,4,0,0,0,66
TR19,bristol_bay,red_king_crab,2019,female,146,0,0,0,41,2,0,0,0,43
TR19,bristol_bay,red_king_crab,2019,female,147,0,0,0,20,0,0,0,0,20
TR19,bristol_bay,red_king_crab,2019,female,148,0,0,0,31,1,0,0,0,32
TR19,bristol_bay,red_king_crab,2019,female,149,0,0,0,14,1,0,0,0,15
TR19,bristol_bay,red_king_crab,2019,female,150,0,0,0,44,1,0,0,0,45
TR19,bristol_bay,red_king_crab,2019,female,151,0,0,0,13,2,0,0,1,16
TR19,bristol_bay,red_king_crab,2019,female,152,0,0,0,15,2,0,0,0,17
TR19,bristol_bay,red_king_crab,2019,female,153,0,0,0,16,0,0,0,2,18
TR19,bristol_bay,red_king_crab,2019,female,154,0,0,0,6,1,0,0,0,7
TR19,bristol_bay,red_king_crab,2019,female,155,0,0,0,12,0,0,0,0,12
TR19,bristol_bay,red_king_crab,2019,female,156,0,0,0,9,2,0,0,0,11
TR19,bristol_bay,red_king_crab,2019,female,157,0,0,0,4,0,0,0,0,4
TR19,bristol_bay,red_king_crab,2019,female,158,0,0,0,4,0,0,0,0,4
TR19,bristol_bay,red_king_crab,2019,female,159,0,0,0,3,0,0,0,0,3
TR19,bristol_bay,red_king_crab,2019,female,160,0,0,0,3,1,0,0,0,4
TR19,bristol_bay,red_king_crab,2019,female,162,0,0,0,2,0,0,0,0,2
TR19,bristol_bay,red_king_crab,2019,female,163,0,0,0,2,0,0,0,0,2
TR19,bristol_bay,red_king_crab,2019,female,166,0,0,0,1,0,0,0,0,1
TR19,bristol_bay,red_king_crab,2019,female,168,0,0,0,1,0,0,0,0,1
TR19,bristol_bay,red_king_crab,2019,female,170,0,0,0,1,0,0,0,0,1
TR20,bristol_bay,red_king_crab,2020,male,70,0,0,0,1,0,0,0,0,1
TR20,bristol_bay,red_king_crab,2020,male,72,0,0,0,4,0,0,0,0,4
TR20,bristol_bay,red_king_crab,2020,male,73,0,0,0,2,0,0,0,0,2
TR20,bristol_bay,red_king_crab,2020,male,74,0,0,0,4,0,0,0,0,4
TR20,bristol_bay,red_king_crab,2020,male,75,0,0,0,6,0,0,0,0,6
TR20,bristol_bay,red_king_crab,2020,male,76,0,0,0,8,0,0,0,0,8
TR20,bristol_bay,red_king_crab,2020,male,77,0,0,0,8,0,0,0,0,8
TR20,bristol_bay,red_king_crab,2020,male,78,0,0,0,21,0,0,0,0,21
TR20,bristol_bay,red_king_crab,2020,male,79,0,0,0,13,0,0,0,0,13
TR20,bristol_bay,red_king_crab,2020,male,80,0,0,0,19,0,0,0,0,19
TR20,bristol_bay,red_king_crab,2020,male,81,0,0,0,21,0,0,0,0,21
TR20,bristol_bay,red_king_crab,2020,male,82,0,0,0,19,0,0,0,0,19
TR20,bristol_bay,red_king_crab,2020,male,83,0,0,0,22,0,0,0,0,22
TR20,bristol_bay,red_king_crab,2020,male,84,0,0,0,44,0,0,0,0,44
TR20,bristol_bay,red_king_crab,2020,male,85,0,0,0,36,0,0,0,0,36
TR20,bristol_bay,red_king_crab,2020,male,86,0,0,0,24,0,0,0,0,24
TR20,bristol_bay,red_king_crab,2020,male,87,0,0,0,27,0,0,0,0,27
TR20,bristol_bay,red_king_crab,2020,male,88,0,0,0,43,0,0,0,0,43
TR20,bristol_bay,red_king_crab,2020,male,89,0,0,0,38,0,0,0,0,38
TR20,bristol_bay,red_king_crab,2020,male,90,0,0,0,46,0,0,0,0,46
TR20,bristol_bay,red_king_crab,2020,male,91,0,0,0,31,0,0,0,0,31
TR20,bristol_bay,red_king_crab,2020,male,92,0,0,0,49,0,0,0,0,49
TR20,bristol_bay,red_king_crab,2020,male,93,0,0,0,55,0,0,0,0,55
TR20,bristol_bay,red_king_crab,2020,male,94,0,0,0,55,0,0,0,0,55
TR20,bristol_bay,red_king_crab,2020,male,95,0,0,0,45,0,0,0,0,45
TR20,bristol_bay,red_king_crab,2020,male,96,0,0,0,53,0,0,0,0,53
TR20,bristol_bay,red_king_crab,2020,male,97,0,0,0,59,0,0,0,0,59
TR20,bristol_bay,red_king_crab,2020,male,98,0,0,0,68,0,0,0,0,68
TR20,bristol_bay,red_king_crab,2020,male,99,0,0,0,69,0,0,0,0,69
TR20,bristol_bay,red_king_crab,2020,male,100,0,0,0,80,0,0,0,0,80
TR20,bristol_bay,red_king_crab,2020,male,101,0,0,0,70,0,0,0,0,70
TR20,bristol_bay,red_king_crab,2020,male,102,0,0,0,99,0,0,0,0,99
TR20,bristol_bay,red_king_crab,2020,male,103,0,0,0,111,1,0,0,0,112
TR20,bristol_bay,red_king_crab,2020,male,104,0,0,0,138,0,0,0,0,138
TR20,bristol_bay,red_king_crab,2020,male,105,0,0,0,111,0,0,0,0,111
TR20,bristol_bay,red_king_crab,2020,male,106,0,0,0,117,1,0,0,0,118
TR20,bristol_bay,red_king_crab,2020,male,107,0,0,0,116,0,0,0,0,116
TR20,bristol_bay,red_king_crab,2020,male,108,0,0,0,204,0,0,0,0,204
TR20,bristol_bay,red_king_crab,2020,male,109,0,0,0,160,0,0,0,0,160
TR20,bristol_bay,red_king_crab,2020,male,110,0,0,0,168,0,0,0,0,168
TR20,bristol_bay,red_king_crab,2020,male,111,0,0,0,174,0,0,0,0,174
TR20,bristol_bay,red_king_crab,2020,male,112,0,0,0,232,1,0,0,0,233
TR20,bristol_bay,red_king_crab,2020,male,113,0,0,0,181,3,0,0,0,184
TR20,bristol_bay,red_king_crab,2020,male,114,0,0,0,220,1,0,0,0,221
TR20,bristol_bay,red_king_crab,2020,male,115,0,0,0,196,2,0,0,0,198
TR20,bristol_bay,red_king_crab,2020,male,116,0,0,0,207,1,0,0,0,208
TR20,bristol_bay,red_king_crab,2020,male,117,0,0,0,179,2,0,0,0,181
TR20,bristol_bay,red_king_crab,2020,male,118,0,0,0,244,2,0,0,0,246
TR20,bristol_bay,red_king_crab,2020,male,119,0,0,0,174,4,0,0,0,178
TR20,bristol_bay,red_king_crab,2020,male,120,0,0,0,154,4,0,0,0,158
TR20,bristol_bay,red_king_crab,2020,male,121,0,0,0,153,7,0,0,0,160
TR20,bristol_bay,red_king_crab,2020,male,122,0,0,0,178,14,0,0,0,192
TR20,bristol_bay,red_king_crab,2020,male,123,0,0,0,218,19,3,0,0,240
TR20,bristol_bay,red_king_crab,2020,male,124,0,0,0,193,12,0,0,0,205
TR20,bristol_bay,red_king_crab,2020,male,125,0,0,0,175,17,0,0,0,192
TR20,bristol_bay,red_king_crab,2020,male,126,0,0,0,183,20,1,0,0,204
TR20,bristol_bay,red_king_crab,2020,male,127,0,0,0,203,32,2,0,0,237
TR20,bristol_bay,red_king_crab,2020,male,128,0,0,0,185,33,3,0,0,221
TR20,bristol_bay,red_king_crab,2020,male,129,0,0,0,172,25,4,0,0,201
TR20,bristol_bay,red_king_crab,2020,male,130,0,0,0,188,35,2,0,0,225
TR20,bristol_bay,red_king_crab,2020,male,131,0,0,0,243,30,3,0,0,276
TR20,bristol_bay,red_king_crab,2020,male,132,0,0,0,239,39,2,0,0,280
TR20,bristol_bay,red_king_crab,2020,male,133,0,0,0,246,44,3,0,0,293
TR20,bristol_bay,red_king_crab,2020,male,134,0,0,0,307,48,2,0,0,357
TR20,bristol_bay,red_king_crab,2020,male,135,0,0,0,279,41,3,0,0,323
TR20,bristol_bay,red_king_crab,2020,male,136,0,0,0,345,48,1,0,0,394
TR20,bristol_bay,red_king_crab,2020,male,137,0,0,0,356,62,3,0,0,421
TR20,bristol_bay,red_king_crab,2020,male,138,0,0,0,347,49,4,0,1,401
TR20,bristol_bay,red_king_crab,2020,male,139,0,0,0,301,49,8,0,0,358
TR20,bristol_bay,red_king_crab,2020,male,140,0,0,0,338,52,6,0,1,397
TR20,bristol_bay,red_king_crab,2020,male,141,0,0,0,278,38,2,0,0,318
TR20,bristol_bay,red_king_crab,2020,male,142,0,0,0,369,47,1,0,0,417
TR20,bristol_bay,red_king_crab,2020,male,143,0,0,0,396,55,2,0,0,453
TR20,bristol_bay,red_king_crab,2020,male,144,0,0,0,349,47,2,0,0,398
TR20,bristol_bay,red_king_crab,2020,male,145,0,0,0,353,49,2,0,0,404
TR20,bristol_bay,red_king_crab,2020,male,146,0,0,0,308,41,6,0,0,355
TR20,bristol_bay,red_king_crab,2020,male,147,0,0,0,369,48,6,0,0,423
TR20,bristol_bay,red_king_crab,2020,male,148,0,0,0,349,47,2,0,0,398
TR20,bristol_bay,red_king_crab,2020,male,149,0,0,0,264,38,2,0,0,304
TR20,bristol_bay,red_king_crab,2020,male,150,0,0,0,276,34,3,0,0,313
TR20,bristol_bay,red_king_crab,2020,male,151,0,0,0,226,24,3,0,0,253
TR20,bristol_bay,red_king_crab,2020,male,152,0,0,0,303,45,1,0,0,349
TR20,bristol_bay,red_king_crab,2020,male,153,0,0,0,231,36,1,0,0,268
TR20,bristol_bay,red_king_crab,2020,male,154,0,0,0,223,38,4,0,0,265
TR20,bristol_bay,red_king_crab,2020,male,155,0,0,0,156,24,8,0,0,188
TR20,bristol_bay,red_king_crab,2020,male,156,0,0,0,158,25,2,0,0,185
TR20,bristol_bay,red_king_crab,2020,male,157,0,0,0,111,30,3,0,0,144
TR20,bristol_bay,red_king_crab,2020,male,158,0,0,0,152,22,8,0,0,182
TR20,bristol_bay,red_king_crab,2020,male,159,0,0,0,91,23,5,0,0,119
TR20,bristol_bay,red_king_crab,2020,male,160,0,0,0,80,16,4,0,0,100
TR20,bristol_bay,red_king_crab,2020,male,161,0,0,0,70,16,3,0,0,89
TR20,bristol_bay,red_king_crab,2020,male,162,0,0,0,60,21,5,0,0,86
TR20,bristol_bay,red_king_crab,2020,male,163,0,0,0,65,22,10,0,0,97
TR20,bristol_bay,red_king_crab,2020,male,164,0,0,0,49,23,16,0,0,88
TR20,bristol_bay,red_king_crab,2020,male,165,0,0,0,37,26,3,0,0,66
TR20,bristol_bay,red_king_crab,2020,male,166,0,0,0,36,29,10,0,0,75
TR20,bristol_bay,red_king_crab,2020,male,167,0,0,0,29,30,8,0,0,67
TR20,bristol_bay,red_king_crab,2020,male,168,0,0,0,28,23,8,0,0,59
TR20,bristol_bay,red_king_crab,2020,male,169,0,0,0,13,10,9,0,0,32
TR20,bristol_bay,red_king_crab,2020,male,170,0,0,0,22,21,2,0,0,45
TR20,bristol_bay,red_king_crab,2020,male,171,0,0,0,10,13,8,0,0,31
TR20,bristol_bay,red_king_crab,2020,male,172,0,0,0,14,15,4,0,0,33
TR20,bristol_bay,red_king_crab,2020,male,173,0,0,0,16,11,2,0,0,29
TR20,bristol_bay,red_king_crab,2020,male,174,0,0,0,12,17,6,0,0,35
TR20,bristol_bay,red_king_crab,2020,male,175,0,0,0,8,11,2,0,0,21
TR20,bristol_bay,red_king_crab,2020,male,176,0,0,0,12,8,3,0,0,23
TR20,bristol_bay,red_king_crab,2020,male,177,0,0,0,6,13,3,0,0,22
TR20,bristol_bay,red_king_crab,2020,male,178,0,0,0,9,11,3,0,0,23
TR20,bristol_bay,red_king_crab,2020,male,179,0,0,0,3,7,2,0,0,12
TR20,bristol_bay,red_king_crab,2020,male,180,0,0,0,6,5,3,0,0,14
TR20,bristol_bay,red_king_crab,2020,male,181,0,0,0,3,8,3,0,0,14
TR20,bristol_bay,red_king_crab,2020,male,182,0,0,0,3,7,1,0,0,11
TR20,bristol_bay,red_king_crab,2020,male,183,0,0,0,2,4,2,0,0,8
TR20,bristol_bay,red_king_crab,2020,male,184,0,0,0,2,1,2,0,0,5
TR20,bristol_bay,red_king_crab,2020,male,185,0,0,0,0,2,3,0,0,5
TR20,bristol_bay,red_king_crab,2020,male,186,0,0,0,1,0,0,0,0,1
TR20,bristol_bay,red_king_crab,2020,male,187,0,0,0,1,1,1,0,0,3
TR20,bristol_bay,red_king_crab,2020,male,188,0,0,0,0,2,0,0,0,2
TR20,bristol_bay,red_king_crab,2020,male,190,0,0,0,0,3,0,0,0,3
TR20,bristol_bay,red_king_crab,2020,male,196,0,0,0,1,1,0,0,0,2
TR20,bristol_bay,red_king_crab,2020,female,71,0,0,0,1,0,0,0,0,1
TR20,bristol_bay,red_king_crab,2020,female,72,0,0,0,2,0,0,0,0,2
TR20,bristol_bay,red_king_crab,2020,female,73,0,0,0,3,0,0,0,0,3
TR20,bristol_bay,red_king_crab,2020,female,74,0,0,0,5,0,0,0,0,5
TR20,bristol_bay,red_king_crab,2020,female,75,0,0,0,2,0,0,0,0,2
TR20,bristol_bay,red_king_crab,2020,female,76,0,0,0,5,0,0,0,0,5
TR20,bristol_bay,red_king_crab,2020,female,77,0,0,0,5,0,0,0,0,5
TR20,bristol_bay,red_king_crab,2020,female,78,0,0,0,11,0,0,0,0,11
TR20,bristol_bay,red_king_crab,2020,female,79,0,0,0,13,0,0,0,0,13
TR20,bristol_bay,red_king_crab,2020,female,80,0,0,0,18,0,0,0,0,18
TR20,bristol_bay,red_king_crab,2020,female,81,0,0,0,15,0,0,0,0,15
TR20,bristol_bay,red_king_crab,2020,female,82,1,0,0,19,0,0,0,0,20
TR20,bristol_bay,red_king_crab,2020,female,83,0,0,0,24,0,0,0,0,24
TR20,bristol_bay,red_king_crab,2020,female,84,0,0,0,17,0,0,0,0,17
TR20,bristol_bay,red_king_crab,2020,female,85,0,0,0,20,0,0,0,0,20
TR20,bristol_bay,red_king_crab,2020,female,86,0,0,0,21,0,0,0,0,21
TR20,bristol_bay,red_king_crab,2020,female,87,0,0,0,16,0,0,0,0,16
TR20,bristol_bay,red_king_crab,2020,female,88,0,0,0,20,0,0,0,0,20
TR20,bristol_bay,red_king_crab,2020,female,89,0,0,0,7,0,0,0,0,7
TR20,bristol_bay,red_king_crab,2020,female,90,0,0,0,5,0,0,0,0,5
TR20,bristol_bay,red_king_crab,2020,female,91,0,0,0,8,0,0,0,0,8
TR20,bristol_bay,red_king_crab,2020,female,92,0,0,0,19,0,0,0,0,19
TR20,bristol_bay,red_king_crab,2020,female,93,0,0,0,9,0,0,0,0,9
TR20,bristol_bay,red_king_crab,2020,female,94,0,0,0,7,0,0,0,0,7
TR20,bristol_bay,red_king_crab,2020,female,95,0,0,0,11,0,0,0,0,11
TR20,bristol_bay,red_king_crab,2020,female,96,0,0,0,5,0,0,0,0,5
TR20,bristol_bay,red_king_crab,2020,female,97,0,0,0,3,0,0,0,0,3
TR20,bristol_bay,red_king_crab,2020,female,98,0,0,0,9,0,0,0,0,9
TR20,bristol_bay,red_king_crab,2020,female,99,0,0,0,9,0,0,0,0,9
TR20,bristol_bay,red_king_crab,2020,female,100,0,0,0,9,0,0,0,0,9
TR20,bristol_bay,red_king_crab,2020,female,101,0,0,0,9,0,0,0,0,9
TR20,bristol_bay,red_king_crab,2020,female,102,0,0,0,15,0,0,0,0,15
TR20,bristol_bay,red_king_crab,2020,female,103,0,0,1,18,0,0,0,0,19
TR20,bristol_bay,red_king_crab,2020,female,104,0,0,0,16,0,0,0,0,16
TR20,bristol_bay,red_king_crab,2020,female,105,0,0,0,14,1,0,0,0,15
TR20,bristol_bay,red_king_crab,2020,female,106,0,0,0,12,0,0,0,0,12
TR20,bristol_bay,red_king_crab,2020,female,107,0,0,0,8,0,0,0,0,8
TR20,bristol_bay,red_king_crab,2020,female,108,0,0,0,14,0,0,0,0,14
TR20,bristol_bay,red_king_crab,2020,female,109,0,0,0,6,0,0,0,0,6
TR20,bristol_bay,red_king_crab,2020,female,110,0,0,0,5,0,0,0,0,5
TR20,bristol_bay,red_king_crab,2020,female,111,0,0,0,8,0,0,0,0,8
TR20,bristol_bay,red_king_crab,2020,female,112,0,0,0,11,0,0,0,0,11
TR20,bristol_bay,red_king_crab,2020,female,113,0,0,0,18,0,0,0,0,18
TR20,bristol_bay,red_king_crab,2020,female,114,0,0,0,14,0,0,0,0,14
TR20,bristol_bay,red_king_crab,2020,female,115,0,0,0,11,0,0,0,0,11
TR20,bristol_bay,red_king_crab,2020,female,116,0,0,0,13,0,0,0,0,13
TR20,bristol_bay,red_king_crab,2020,female,117,0,0,0,5,0,0,0,0,5
TR20,bristol_bay,red_king_crab,2020,female,118,0,0,0,14,0,0,0,0,14
TR20,bristol_bay,red_king_crab,2020,female,119,0,0,0,11,0,0,0,0,11
TR20,bristol_bay,red_king_crab,2020,female,120,0,0,0,13,0,0,0,0,13
TR20,bristol_bay,red_king_crab,2020,female,121,0,0,0,11,0,0,0,0,11
TR20,bristol_bay,red_king_crab,2020,female,122,0,0,0,9,0,0,0,0,9
TR20,bristol_bay,red_king_crab,2020,female,123,0,0,0,8,0,0,0,0,8
TR20,bristol_bay,red_king_crab,2020,female,124,0,0,0,16,0,0,0,0,16
TR20,bristol_bay,red_king_crab,2020,female,125,0,0,0,11,1,0,0,0,12
TR20,bristol_bay,red_king_crab,2020,female,126,0,0,0,10,1,0,0,0,11
TR20,bristol_bay,red_king_crab,2020,female,127,0,0,0,12,0,1,0,0,13
TR20,bristol_bay,red_king_crab,2020,female,128,0,0,0,11,0,0,0,0,11
TR20,bristol_bay,red_king_crab,2020,female,129,0,0,0,10,0,0,0,0,10
TR20,bristol_bay,red_king_crab,2020,female,130,0,0,0,12,0,0,0,0,12
TR20,bristol_bay,red_king_crab,2020,female,131,0,0,0,8,0,0,0,0,8
TR20,bristol_bay,red_king_crab,2020,female,132,0,0,0,14,0,0,0,0,14
TR20,bristol_bay,red_king_crab,2020,female,133,0,0,0,6,0,0,0,0,6
TR20,bristol_bay,red_king_crab,2020,female,134,0,0,0,23,0,0,0,0,23
TR20,bristol_bay,red_king_crab,2020,female,135,0,0,0,25,0,0,0,0,25
TR20,bristol_bay,red_king_crab,2020,female,136,0,0,0,13,1,0,0,0,14
TR20,bristol_bay,red_king_crab,2020,female,137,0,0,0,5,0,0,0,0,5
TR20,bristol_bay,red_king_crab,2020,female,138,0,0,0,7,0,0,0,0,7
TR20,bristol_bay,red_king_crab,2020,female,139,0,0,0,13,0,0,0,0,13
TR20,bristol_bay,red_king_crab,2020,female,140,0,0,0,21,1,0,0,0,22
TR20,bristol_bay,red_king_crab,2020,female,141,0,0,0,8,1,0,0,0,9
TR20,bristol_bay,red_king_crab,2020,female,142,0,0,0,23,0,0,0,0,23
TR20,bristol_bay,red_king_crab,2020,female,143,0,0,0,6,0,0,0,0,6
TR20,bristol_bay,red_king_crab,2020,female,144,0,0,0,12,0,0,0,0,12
TR20,bristol_bay,red_king_crab,2020,female,145,0,0,0,12,0,0,0,0,12
TR20,bristol_bay,red_king_crab,2020,female,146,0,0,0,15,0,0,0,0,15
TR20,bristol_bay,red_king_crab,2020,female,147,0,0,0,4,0,0,0,0,4
TR20,bristol_bay,red_king_crab,2020,female,148,0,0,0,13,1,0,0,0,14
TR20,bristol_bay,red_king_crab,2020,female,149,0,0,0,10,0,0,0,0,10
TR20,bristol_bay,red_king_crab,2020,female,150,0,0,0,9,0,0,0,0,9
TR20,bristol_bay,red_king_crab,2020,female,151,0,0,0,5,0,0,0,0,5
TR20,bristol_bay,red_king_crab,2020,female,152,0,0,0,5,1,0,0,0,6
TR20,bristol_bay,red_king_crab,2020,female,153,0,0,0,4,1,0,0,0,5
TR20,bristol_bay,red_king_crab,2020,female,154,0,0,0,9,0,0,0,0,9
TR20,bristol_bay,red_king_crab,2020,female,155,0,0,0,4,0,0,0,0,4
TR20,bristol_bay,red_king_crab,2020,female,156,0,0,0,3,0,0,0,0,3
TR20,bristol_bay,red_king_crab,2020,female,158,0,0,0,4,0,0,0,0,4
TR20,bristol_bay,red_king_crab,2020,female,159,0,0,0,2,0,0,0,0,2
TR20,bristol_bay,red_king_crab,2020,female,162,0,0,0,1,0,0,0,0,1
TR20,bristol_bay,red_king_crab,2020,female,164,0,0,0,1,0,0,0,0,1
TR20,bristol_bay,red_king_crab,2020,female,166,0,0,0,1,0,0,0,0,1
TR21,bristol_bay,red_king_crab,2021,male,69,0,0,0,1,0,0,0,0,1
TR21,bristol_bay,red_king_crab,2021,male,76,0,0,0,1,0,0,0,0,1
TR21,bristol_bay,red_king_crab,2021,male,77,0,0,0,3,0,0,0,0,3
TR21,bristol_bay,red_king_crab,2021,male,78,0,0,0,1,0,0,0,0,1
TR21,bristol_bay,red_king_crab,2021,male,79,0,0,0,4,0,0,0,0,4
TR21,bristol_bay,red_king_crab,2021,male,80,0,0,0,4,0,0,0,0,4
TR21,bristol_bay,red_king_crab,2021,male,81,0,0,0,2,0,0,0,0,2
TR21,bristol_bay,red_king_crab,2021,male,82,0,0,0,3,0,0,0,0,3
TR21,bristol_bay,red_king_crab,2021,male,83,0,0,0,4,0,0,0,0,4
TR21,bristol_bay,red_king_crab,2021,male,84,0,0,0,1,0,0,0,0,1
TR21,bristol_bay,red_king_crab,2021,male,86,0,0,0,3,0,0,0,0,3
TR21,bristol_bay,red_king_crab,2021,male,87,0,0,0,1,0,0,0,0,1
TR21,bristol_bay,red_king_crab,2021,male,88,0,0,0,1,0,0,0,0,1
TR21,bristol_bay,red_king_crab,2021,male,89,0,0,0,3,0,0,0,0,3
TR21,bristol_bay,red_king_crab,2021,male,90,0,0,0,2,0,0,0,0,2
TR21,bristol_bay,red_king_crab,2021,male,92,0,0,0,5,0,0,0,0,5
TR21,bristol_bay,red_king_crab,2021,male,93,0,0,0,3,0,0,0,0,3
TR21,bristol_bay,red_king_crab,2021,male,94,0,0,0,4,0,0,0,0,4
TR21,bristol_bay,red_king_crab,2021,male,95,0,0,0,3,0,0,0,0,3
TR21,bristol_bay,red_king_crab,2021,male,96,0,0,0,1,0,0,0,0,1
TR21,bristol_bay,red_king_crab,2021,male,97,0,0,0,5,0,0,0,0,5
TR21,bristol_bay,red_king_crab,2021,male,98,0,0,0,4,0,0,0,0,4
TR21,bristol_bay,red_king_crab,2021,male,99,0,0,0,3,0,0,0,0,3
TR21,bristol_bay,red_king_crab,2021,male,100,0,0,0,2,0,0,0,0,2
TR21,bristol_bay,red_king_crab,2021,male,101,0,0,0,5,0,0,0,0,5
TR21,bristol_bay,red_king_crab,2021,male,102,0,0,0,4,0,0,0,0,4
TR21,bristol_bay,red_king_crab,2021,male,103,0,0,0,8,0,0,0,0,8
TR21,bristol_bay,red_king_crab,2021,male,104,0,0,0,3,0,0,0,0,3
TR21,bristol_bay,red_king_crab,2021,male,105,0,0,0,4,0,0,0,0,4
TR21,bristol_bay,red_king_crab,2021,male,106,0,0,0,2,0,0,0,0,2
TR21,bristol_bay,red_king_crab,2021,male,107,0,0,0,4,0,0,0,0,4
TR21,bristol_bay,red_king_crab,2021,male,108,0,0,0,10,0,0,0,0,10
TR21,bristol_bay,red_king_crab,2021,male,109,0,0,0,4,0,0,0,0,4
TR21,bristol_bay,red_king_crab,2021,male,110,0,0,0,10,0,0,0,0,10
TR21,bristol_bay,red_king_crab,2021,male,111,0,0,0,8,0,0,0,0,8
TR21,bristol_bay,red_king_crab,2021,male,112,0,0,0,11,0,0,0,0,11
TR21,bristol_bay,red_king_crab,2021,male,113,0,0,0,11,1,0,0,0,12
TR21,bristol_bay,red_king_crab,2021,male,114,0,0,0,5,0,0,0,0,5
TR21,bristol_bay,red_king_crab,2021,male,115,0,0,0,10,0,0,0,0,10
TR21,bristol_bay,red_king_crab,2021,male,116,0,0,0,10,0,0,0,0,10
TR21,bristol_bay,red_king_crab,2021,male,117,0,0,0,5,0,0,0,0,5
TR21,bristol_bay,red_king_crab,2021,male,118,0,0,0,12,2,0,0,0,14
TR21,bristol_bay,red_king_crab,2021,male,119,0,0,0,8,0,0,0,0,8
TR21,bristol_bay,red_king_crab,2021,male,120,0,0,0,13,0,0,0,0,13
TR21,bristol_bay,red_king_crab,2021,male,121,0,0,0,8,0,0,0,0,8
TR21,bristol_bay,red_king_crab,2021,male,122,0,0,0,17,4,0,0,0,21
TR21,bristol_bay,red_king_crab,2021,male,123,0,0,0,15,4,2,0,0,21
TR21,bristol_bay,red_king_crab,2021,male,124,0,0,0,14,1,1,0,0,16
TR21,bristol_bay,red_king_crab,2021,male,125,0,0,0,16,2,0,0,0,18
TR21,bristol_bay,red_king_crab,2021,male,126,0,0,0,17,4,2,0,0,23
TR21,bristol_bay,red_king_crab,2021,male,127,0,0,0,13,8,0,0,0,21
TR21,bristol_bay,red_king_crab,2021,male,128,0,0,0,12,1,0,0,0,13
TR21,bristol_bay,red_king_crab,2021,male,129,0,0,0,9,6,1,0,0,16
TR21,bristol_bay,red_king_crab,2021,male,130,0,0,0,16,4,0,0,0,20
TR21,bristol_bay,red_king_crab,2021,male,131,0,0,0,7,4,1,0,0,12
TR21,bristol_bay,red_king_crab,2021,male,132,0,0,0,31,9,3,0,0,43
TR21,bristol_bay,red_king_crab,2021,male,133,0,0,0,14,4,3,0,0,21
TR21,bristol_bay,red_king_crab,2021,male,134,0,0,0,15,3,4,0,0,22
TR21,bristol_bay,red_king_crab,2021,male,135,0,0,0,23,4,3,0,0,30
TR21,bristol_bay,red_king_crab,2021,male,136,0,0,0,17,6,1,0,0,24
TR21,bristol_bay,red_king_crab,2021,male,137,0,0,0,10,9,6,0,0,25
TR21,bristol_bay,red_king_crab,2021,male,138,0,0,0,17,9,7,0,0,33
TR21,bristol_bay,red_king_crab,2021,male,139,0,0,0,19,8,3,0,0,30
TR21,bristol_bay,red_king_crab,2021,male,140,0,0,0,11,4,3,0,0,18
TR21,bristol_bay,red_king_crab,2021,male,141,0,0,0,10,4,2,0,0,16
TR21,bristol_bay,red_king_crab,2021,male,142,0,0,0,17,1,6,0,0,24
TR21,bristol_bay,red_king_crab,2021,male,143,0,0,0,13,7,6,0,0,26
TR21,bristol_bay,red_king_crab,2021,male,144,0,0,0,19,3,7,0,0,29
TR21,bristol_bay,red_king_crab,2021,male,145,0,0,0,16,4,6,0,0,26
TR21,bristol_bay,red_king_crab,2021,male,146,0,0,0,10,5,6,0,0,21
TR21,bristol_bay,red_king_crab,2021,male,147,0,0,0,27,9,3,0,0,39
TR21,bristol_bay,red_king_crab,2021,male,148,0,0,0,10,8,5,0,0,23
TR21,bristol_bay,red_king_crab,2021,male,149,0,0,0,12,10,2,0,0,24
TR21,bristol_bay,red_king_crab,2021,male,150,0,0,0,11,7,7,0,0,25
TR21,bristol_bay,red_king_crab,2021,male,151,0,0,0,8,4,2,0,0,14
TR21,bristol_bay,red_king_crab,2021,male,152,0,0,0,19,6,4,0,0,29
TR21,bristol_bay,red_king_crab,2021,male,153,0,0,0,9,2,4,0,0,15
TR21,bristol_bay,red_king_crab,2021,male,154,0,0,0,5,1,1,0,0,7
TR21,bristol_bay,red_king_crab,2021,male,155,0,0,0,7,4,5,0,0,16
TR21,bristol_bay,red_king_crab,2021,male,156,0,0,0,11,2,2,0,0,15
TR21,bristol_bay,red_king_crab,2021,male,157,0,0,0,11,1,3,0,0,15
TR21,bristol_bay,red_king_crab,2021,male,158,0,0,0,6,2,2,0,0,10
TR21,bristol_bay,red_king_crab,2021,male,159,0,0,0,1,2,2,0,0,5
TR21,bristol_bay,red_king_crab,2021,male,160,0,0,0,4,3,1,0,0,8
TR21,bristol_bay,red_king_crab,2021,male,161,0,0,0,6,1,1,0,0,8
TR21,bristol_bay,red_king_crab,2021,male,162,0,0,0,3,2,1,0,0,6
TR21,bristol_bay,red_king_crab,2021,male,163,0,0,0,5,3,1,0,0,9
TR21,bristol_bay,red_king_crab,2021,male,164,0,0,0,1,0,1,0,0,2
TR21,bristol_bay,red_king_crab,2021,male,165,0,0,0,3,1,2,0,0,6
TR21,bristol_bay,red_king_crab,2021,male,166,0,0,0,2,0,2,0,0,4
TR21,bristol_bay,red_king_crab,2021,male,167,0,0,0,2,1,0,0,0,3
TR21,bristol_bay,red_king_crab,2021,male,168,0,0,0,2,0,2,0,0,4
TR21,bristol_bay,red_king_crab,2021,male,169,0,0,0,0,0,1,0,0,1
TR21,bristol_bay,red_king_crab,2021,male,170,0,0,0,2,0,0,0,0,2
TR21,bristol_bay,red_king_crab,2021,male,171,0,0,0,1,1,1,0,0,3
TR21,bristol_bay,red_king_crab,2021,male,174,0,0,0,2,1,1,0,0,4
TR21,bristol_bay,red_king_crab,2021,male,175,0,0,0,1,0,1,0,0,2
TR21,bristol_bay,red_king_crab,2021,male,176,0,0,0,1,0,0,0,0,1
TR21,bristol_bay,red_king_crab,2021,male,177,0,0,0,0,1,2,0,0,3
TR21,bristol_bay,red_king_crab,2021,male,178,0,0,0,0,0,1,0,0,1
TR21,bristol_bay,red_king_crab,2021,male,179,0,0,0,0,1,0,0,0,1
TR21,bristol_bay,red_king_crab,2021,male,180,0,0,0,0,0,1,0,0,1
TR21,bristol_bay,red_king_crab,2021,male,185,0,0,0,0,0,1,0,0,1
TR21,bristol_bay,red_king_crab,2021,male,186,0,0,0,1,0,0,0,0,1
TR21,bristol_bay,red_king_crab,2021,male,187,0,0,0,0,1,0,0,0,1
TR21,bristol_bay,red_king_crab,2021,female,72,0,0,0,2,0,0,0,0,2
TR21,bristol_bay,red_king_crab,2021,female,73,0,0,0,1,0,0,0,0,1
TR21,bristol_bay,red_king_crab,2021,female,76,0,0,0,1,0,0,0,0,1
TR21,bristol_bay,red_king_crab,2021,female,77,0,0,0,3,0,0,0,0,3
TR21,bristol_bay,red_king_crab,2021,female,79,0,0,0,1,0,0,0,0,1
TR21,bristol_bay,red_king_crab,2021,female,80,0,0,0,4,0,0,0,0,4
TR21,bristol_bay,red_king_crab,2021,female,81,0,0,0,2,0,0,0,0,2
TR21,bristol_bay,red_king_crab,2021,female,82,0,0,0,4,0,0,0,0,4
TR21,bristol_bay,red_king_crab,2021,female,83,0,0,0,3,0,0,0,0,3
TR21,bristol_bay,red_king_crab,2021,female,84,0,0,0,4,0,0,0,0,4
TR21,bristol_bay,red_king_crab,2021,female,85,0,0,0,5,0,0,0,0,5
TR21,bristol_bay,red_king_crab,2021,female,86,0,0,0,5,0,0,0,0,5
TR21,bristol_bay,red_king_crab,2021,female,87,0,0,0,3,0,0,0,0,3
TR21,bristol_bay,red_king_crab,2021,female,88,0,0,0,5,0,0,0,0,5
TR21,bristol_bay,red_king_crab,2021,female,89,0,0,0,3,0,0,0,0,3
TR21,bristol_bay,red_king_crab,2021,female,90,0,0,0,5,0,0,0,0,5
TR21,bristol_bay,red_king_crab,2021,female,91,0,0,0,3,0,0,0,0,3
TR21,bristol_bay,red_king_crab,2021,female,92,0,0,0,11,0,0,0,0,11
TR21,bristol_bay,red_king_crab,2021,female,93,0,0,0,14,0,0,0,0,14
TR21,bristol_bay,red_king_crab,2021,female,94,0,0,0,6,0,0,0,0,6
TR21,bristol_bay,red_king_crab,2021,female,95,0,0,0,16,0,0,0,0,16
TR21,bristol_bay,red_king_crab,2021,female,96,0,0,0,9,0,0,0,0,9
TR21,bristol_bay,red_king_crab,2021,female,97,0,0,0,12,0,0,0,0,12
TR21,bristol_bay,red_king_crab,2021,female,98,0,0,0,12,0,0,0,0,12
TR21,bristol_bay,red_king_crab,2021,female,99,0,0,0,12,0,0,0,0,12
TR21,bristol_bay,red_king_crab,2021,female,100,0,0,0,8,0,0,0,0,8
TR21,bristol_bay,red_king_crab,2021,female,101,0,0,0,19,0,0,0,0,19
TR21,bristol_bay,red_king_crab,2021,female,102,0,0,0,14,0,0,0,0,14
TR21,bristol_bay,red_king_crab,2021,female,103,0,0,0,27,0,0,0,0,27
TR21,bristol_bay,red_king_crab,2021,female,104,0,0,0,17,0,0,0,0,17
TR21,bristol_bay,red_king_crab,2021,female,105,0,0,0,18,0,0,0,0,18
TR21,bristol_bay,red_king_crab,2021,female,106,0,0,0,22,0,0,0,0,22
TR21,bristol_bay,red_king_crab,2021,female,107,0,0,0,14,0,0,0,0,14
TR21,bristol_bay,red_king_crab,2021,female,108,0,0,0,19,0,0,0,0,19
TR21,bristol_bay,red_king_crab,2021,female,109,0,0,0,23,0,0,0,0,23
TR21,bristol_bay,red_king_crab,2021,female,110,0,0,0,14,0,0,0,0,14
TR21,bristol_bay,red_king_crab,2021,female,111,0,0,0,15,0,0,0,0,15
TR21,bristol_bay,red_king_crab,2021,female,112,0,0,0,33,0,0,0,0,33
TR21,bristol_bay,red_king_crab,2021,female,113,0,0,0,22,0,0,0,0,22
TR21,bristol_bay,red_king_crab,2021,female,114,0,0,0,34,0,0,0,0,34
TR21,bristol_bay,red_king_crab,2021,female,115,0,0,0,30,0,0,0,0,30
TR21,bristol_bay,red_king_crab,2021,female,116,0,0,0,25,0,0,0,0,25
TR21,bristol_bay,red_king_crab,2021,female,117,0,0,0,28,0,0,0,0,28
TR21,bristol_bay,red_king_crab,2021,female,118,0,0,0,24,0,0,0,0,24
TR21,bristol_bay,red_king_crab,2021,female,119,0,0,0,21,0,0,0,0,21
TR21,bristol_bay,red_king_crab,2021,female,120,0,0,0,32,0,0,0,0,32
TR21,bristol_bay,red_king_crab,2021,female,121,0,0,0,23,0,0,0,0,23
TR21,bristol_bay,red_king_crab,2021,female,122,0,0,0,30,0,0,0,0,30
TR21,bristol_bay,red_king_crab,2021,female,123,0,0,0,43,0,0,0,0,43
TR21,bristol_bay,red_king_crab,2021,female,124,0,0,0,33,0,0,0,0,33
TR21,bristol_bay,red_king_crab,2021,female,125,0,0,0,29,0,0,0,0,29
TR21,bristol_bay,red_king_crab,2021,female,126,0,0,0,29,0,0,0,0,29
TR21,bristol_bay,red_king_crab,2021,female,127,0,0,0,41,1,0,0,0,42
TR21,bristol_bay,red_king_crab,2021,female,128,0,0,0,47,0,0,0,0,47
TR21,bristol_bay,red_king_crab,2021,female,129,0,0,0,36,0,0,0,0,36
TR21,bristol_bay,red_king_crab,2021,female,130,0,0,0,32,0,0,0,0,32
TR21,bristol_bay,red_king_crab,2021,female,131,0,0,0,43,1,0,0,0,44
TR21,bristol_bay,red_king_crab,2021,female,132,0,0,0,34,0,0,0,0,34
TR21,bristol_bay,red_king_crab,2021,female,133,0,0,0,20,0,0,0,0,20
TR21,bristol_bay,red_king_crab,2021,female,134,0,0,0,18,0,0,0,0,18
TR21,bristol_bay,red_king_crab,2021,female,135,0,0,0,16,0,0,0,0,16
TR21,bristol_bay,red_king_crab,2021,female,136,0,0,0,14,0,0,0,0,14
TR21,bristol_bay,red_king_crab,2021,female,137,0,0,0,35,1,0,0,0,36
TR21,bristol_bay,red_king_crab,2021,female,138,0,0,0,17,0,0,0,0,17
TR21,bristol_bay,red_king_crab,2021,female,139,0,0,0,23,0,0,0,0,23
TR21,bristol_bay,red_king_crab,2021,female,140,0,0,0,12,0,0,0,0,12
TR21,bristol_bay,red_king_crab,2021,female,141,0,0,0,20,0,0,0,0,20
TR21,bristol_bay,red_king_crab,2021,female,142,0,0,0,30,0,0,0,0,30
TR21,bristol_bay,red_king_crab,2021,female,143,0,0,0,20,0,0,0,0,20
TR21,bristol_bay,red_king_crab,2021,female,144,0,0,0,15,0,0,0,0,15
TR21,bristol_bay,red_king_crab,2021,female,145,0,0,0,21,0,0,0,0,21
TR21,bristol_bay,red_king_crab,2021,female,146,0,0,0,9,0,0,0,0,9
TR21,bristol_bay,red_king_crab,2021,female,147,0,0,0,19,0,0,0,0,19
TR21,bristol_bay,red_king_crab,2021,female,148,0,0,0,22,0,0,0,0,22
TR21,bristol_bay,red_king_crab,2021,female,149,0,0,0,12,0,0,0,0,12
TR21,bristol_bay,red_king_crab,2021,female,150,0,0,0,16,0,0,0,0,16
TR21,bristol_bay,red_king_crab,2021,female,151,0,0,0,10,0,0,0,0,10
TR21,bristol_bay,red_king_crab,2021,female,152,0,0,0,9,0,0,0,0,9
TR21,bristol_bay,red_king_crab,2021,female,153,0,0,0,6,0,0,0,0,6
TR21,bristol_bay,red_king_crab,2021,female,154,0,0,0,4,0,0,0,0,4
TR21,bristol_bay,red_king_crab,2021,female,155,0,0,0,5,0,0,0,0,5
TR21,bristol_bay,red_king_crab,2021,female,156,0,0,0,8,0,0,0,0,8
TR21,bristol_bay,red_king_crab,2021,female,157,0,0,0,5,0,0,0,0,5
TR21,bristol_bay,red_king_crab,2021,female,158,0,0,0,6,0,0,0,0,6
TR21,bristol_bay,red_king_crab,2021,female,160,0,0,0,1,1,0,0,0,2
TR21,bristol_bay,red_king_crab,2021,female,161,0,0,0,2,0,0,0,0,2
TR21,bristol_bay,red_king_crab,2021,female,162,0,0,0,4,0,0,0,0,4
TR21,bristol_bay,red_king_crab,2021,female,164,0,0,0,2,0,0,0,0,2
TR21,bristol_bay,red_king_crab,2021,female,165,0,0,0,1,0,0,0,0,1
TR21,bristol_bay,red_king_crab,2021,female,169,0,0,0,2,0,0,0,0,2
TR22,bristol_bay,red_king_crab,2022,male,83,0,0,0,1,0,0,0,0,1
TR22,bristol_bay,red_king_crab,2022,male,94,0,0,0,1,0,0,0,0,1
TR22,bristol_bay,red_king_crab,2022,male,96,0,0,0,2,0,0,0,0,2
TR22,bristol_bay,red_king_crab,2022,male,97,0,0,0,3,0,0,0,0,3
TR22,bristol_bay,red_king_crab,2022,male,98,0,0,0,1,0,0,0,0,1
TR22,bristol_bay,red_king_crab,2022,male,99,0,0,0,2,0,0,0,0,2
TR22,bristol_bay,red_king_crab,2022,male,100,0,0,0,2,0,0,0,0,2
TR22,bristol_bay,red_king_crab,2022,male,101,0,0,0,4,0,0,0,0,4
TR22,bristol_bay,red_king_crab,2022,male,104,0,0,0,1,0,0,0,0,1
TR22,bristol_bay,red_king_crab,2022,male,105,0,0,0,2,0,0,0,0,2
TR22,bristol_bay,red_king_crab,2022,male,106,0,0,0,2,0,0,0,0,2
TR22,bristol_bay,red_king_crab,2022,male,107,0,0,0,1,0,0,0,0,1
TR22,bristol_bay,red_king_crab,2022,male,108,0,0,0,1,0,0,0,0,1
TR22,bristol_bay,red_king_crab,2022,male,109,0,0,0,1,0,0,0,0,1
TR22,bristol_bay,red_king_crab,2022,male,110,0,0,0,1,0,0,0,0,1
TR22,bristol_bay,red_king_crab,2022,male,111,0,0,0,2,0,0,0,0,2
TR22,bristol_bay,red_king_crab,2022,male,112,0,0,0,3,0,0,0,0,3
TR22,bristol_bay,red_king_crab,2022,male,113,0,0,0,3,0,0,0,0,3
TR22,bristol_bay,red_king_crab,2022,male,114,0,0,0,4,0,0,0,0,4
TR22,bristol_bay,red_king_crab,2022,male,115,0,0,0,5,0,0,0,0,5
TR22,bristol_bay,red_king_crab,2022,male,116,0,0,0,3,0,0,0,0,3
TR22,bristol_bay,red_king_crab,2022,male,117,0,0,0,6,1,0,0,0,7
TR22,bristol_bay,red_king_crab,2022,male,118,0,0,0,7,0,0,0,0,7
TR22,bristol_bay,red_king_crab,2022,male,119,0,0,0,5,0,0,0,0,5
TR22,bristol_bay,red_king_crab,2022,male,120,0,0,0,11,0,0,0,0,11
TR22,bristol_bay,red_king_crab,2022,male,121,0,0,0,7,0,0,0,0,7
TR22,bristol_bay,red_king_crab,2022,male,122,0,0,0,7,0,0,0,0,7
TR22,bristol_bay,red_king_crab,2022,male,123,0,0,0,9,2,0,0,0,11
TR22,bristol_bay,red_king_crab,2022,male,124,0,0,0,5,0,1,0,0,6
TR22,bristol_bay,red_king_crab,2022,male,125,0,0,0,11,1,1,0,0,13
TR22,bristol_bay,red_king_crab,2022,male,126,0,0,0,9,0,0,0,0,9
TR22,bristol_bay,red_king_crab,2022,male,127,0,0,0,20,1,1,0,0,22
TR22,bristol_bay,red_king_crab,2022,male,128,0,0,0,7,2,1,0,0,10
TR22,bristol_bay,red_king_crab,2022,male,129,0,0,0,13,0,1,0,0,14
TR22,bristol_bay,red_king_crab,2022,male,130,0,0,0,15,0,1,0,0,16
TR22,bristol_bay,red_king_crab,2022,male,131,0,0,0,7,0,0,0,0,7
TR22,bristol_bay,red_king_crab,2022,male,132,0,0,0,7,3,1,0,0,11
TR22,bristol_bay,red_king_crab,2022,male,133,0,0,0,9,0,0,0,0,9
TR22,bristol_bay,red_king_crab,2022,male,134,0,0,0,17,3,0,0,0,20
TR22,bristol_bay,red_king_crab,2022,male,135,0,0,0,6,2,2,0,0,10
TR22,bristol_bay,red_king_crab,2022,male,136,0,0,0,13,0,1,0,0,14
TR22,bristol_bay,red_king_crab,2022,male,137,0,0,0,18,2,2,0,0,22
TR22,bristol_bay,red_king_crab,2022,male,138,0,0,0,18,1,0,0,0,19
TR22,bristol_bay,red_king_crab,2022,male,139,0,0,0,17,2,2,0,0,21
TR22,bristol_bay,red_king_crab,2022,male,140,0,0,0,23,4,5,0,0,32
TR22,bristol_bay,red_king_crab,2022,male,141,0,0,0,13,1,2,0,0,16
TR22,bristol_bay,red_king_crab,2022,male,142,0,0,0,25,2,2,0,0,29
TR22,bristol_bay,red_king_crab,2022,male,143,0,0,0,34,2,3,0,0,39
TR22,bristol_bay,red_king_crab,2022,male,144,0,0,0,24,3,1,0,0,28
TR22,bristol_bay,red_king_crab,2022,male,145,0,0,0,37,1,4,0,0,42
TR22,bristol_bay,red_king_crab,2022,male,146,0,0,0,22,2,5,0,0,29
TR22,bristol_bay,red_king_crab,2022,male,147,0,0,0,37,4,2,0,0,43
TR22,bristol_bay,red_king_crab,2022,male,148,0,0,0,27,2,0,0,0,29
TR22,bristol_bay,red_king_crab,2022,male,149,0,0,0,21,0,1,0,0,22
TR22,bristol_bay,red_king_crab,2022,male,150,0,0,0,25,1,4,0,0,30
TR22,bristol_bay,red_king_crab,2022,male,151,0,0,0,28,0,1,0,0,29
TR22,bristol_bay,red_king_crab,2022,male,152,0,0,0,21,2,4,0,0,27
TR22,bristol_bay,red_king_crab,2022,male,153,0,0,0,39,6,6,0,0,51
TR22,bristol_bay,red_king_crab,2022,male,154,0,0,0,20,1,6,0,0,27
TR22,bristol_bay,red_king_crab,2022,male,155,0,0,0,18,0,5,0,0,23
TR22,bristol_bay,red_king_crab,2022,male,156,0,0,0,15,1,2,0,0,18
TR22,bristol_bay,red_king_crab,2022,male,157,0,0,0,37,2,3,0,0,42
TR22,bristol_bay,red_king_crab,2022,male,158,0,0,0,19,3,6,0,0,28
TR22,bristol_bay,red_king_crab,2022,male,159,0,0,0,12,1,3,0,0,16
TR22,bristol_bay,red_king_crab,2022,male,160,0,0,0,11,2,0,0,0,13
TR22,bristol_bay,red_king_crab,2022,male,161,0,0,0,9,0,2,0,0,11
TR22,bristol_bay,red_king_crab,2022,male,162,0,0,0,19,1,0,0,0,20
TR22,bristol_bay,red_king_crab,2022,male,163,0,0,0,18,2,2,0,0,22
TR22,bristol_bay,red_king_crab,2022,male,164,0,0,0,15,3,2,0,0,20
TR22,bristol_bay,red_king_crab,2022,male,165,0,0,0,11,0,2,0,0,13
TR22,bristol_bay,red_king_crab,2022,male,166,0,0,0,12,0,1,0,0,13
TR22,bristol_bay,red_king_crab,2022,male,167,0,0,0,11,1,1,0,0,13
TR22,bristol_bay,red_king_crab,2022,male,168,0,0,0,6,1,0,0,0,7
TR22,bristol_bay,red_king_crab,2022,male,169,0,0,0,7,0,0,0,0,7
TR22,bristol_bay,red_king_crab,2022,male,170,0,0,0,3,0,0,0,0,3
TR22,bristol_bay,red_king_crab,2022,male,171,0,0,0,1,0,0,0,0,1
TR22,bristol_bay,red_king_crab,2022,male,172,0,0,0,1,0,0,0,0,1
TR22,bristol_bay,red_king_crab,2022,male,173,0,0,0,2,0,0,0,0,2
TR22,bristol_bay,red_king_crab,2022,male,174,0,0,0,3,0,1,0,0,4
TR22,bristol_bay,red_king_crab,2022,male,175,0,0,0,2,1,0,0,0,3
TR22,bristol_bay,red_king_crab,2022,male,176,0,0,0,0,0,1,0,0,1
TR22,bristol_bay,red_king_crab,2022,male,177,0,0,0,0,0,2,0,0,2
TR22,bristol_bay,red_king_crab,2022,male,178,0,0,0,2,0,1,0,0,3
TR22,bristol_bay,red_king_crab,2022,male,179,0,0,0,0,1,0,0,0,1
TR22,bristol_bay,red_king_crab,2022,male,180,0,0,0,0,0,1,0,0,1
TR22,bristol_bay,red_king_crab,2022,male,183,0,0,0,1,0,1,0,0,2
TR22,bristol_bay,red_king_crab,2022,male,184,0,0,0,0,1,0,0,0,1
TR22,bristol_bay,red_king_crab,2022,male,185,0,0,0,0,0,1,0,0,1
TR22,bristol_bay,red_king_crab,2022,female,80,0,0,0,1,0,0,0,0,1
TR22,bristol_bay,red_king_crab,2022,female,96,0,0,0,1,0,0,0,0,1
TR22,bristol_bay,red_king_crab,2022,female,97,0,0,0,1,0,0,0,0,1
TR22,bristol_bay,red_king_crab,2022,female,98,0,0,0,2,0,0,0,0,2
TR22,bristol_bay,red_king_crab,2022,female,99,0,0,0,2,0,0,0,0,2
TR22,bristol_bay,red_king_crab,2022,female,102,0,0,0,1,0,0,0,0,1
TR22,bristol_bay,red_king_crab,2022,female,103,0,0,0,2,0,0,0,0,2
TR22,bristol_bay,red_king_crab,2022,female,104,0,0,0,2,0,0,0,0,2
TR22,bristol_bay,red_king_crab,2022,female,105,0,0,0,3,0,0,0,0,3
TR22,bristol_bay,red_king_crab,2022,female,106,0,0,0,1,0,0,0,0,1
TR22,bristol_bay,red_king_crab,2022,female,108,0,0,0,3,0,0,0,0,3
TR22,bristol_bay,red_king_crab,2022,female,110,0,0,0,2,0,0,0,0,2
TR22,bristol_bay,red_king_crab,2022,female,111,0,0,0,2,0,0,0,0,2
TR22,bristol_bay,red_king_crab,2022,female,112,0,0,0,4,0,0,0,0,4
TR22,bristol_bay,red_king_crab,2022,female,113,0,0,0,7,0,0,0,0,7
TR22,bristol_bay,red_king_crab,2022,female,114,0,0,0,4,0,0,0,0,4
TR22,bristol_bay,red_king_crab,2022,female,115,0,0,0,4,0,0,0,0,4
TR22,bristol_bay,red_king_crab,2022,female,116,0,0,0,4,0,0,0,0,4
TR22,bristol_bay,red_king_crab,2022,female,117,0,0,0,6,0,0,0,0,6
TR22,bristol_bay,red_king_crab,2022,female,118,0,0,0,9,0,0,0,0,9
TR22,bristol_bay,red_king_crab,2022,female,119,0,0,0,6,0,0,0,0,6
TR22,bristol_bay,red_king_crab,2022,female,120,0,0,0,11,0,0,0,0,11
TR22,bristol_bay,red_king_crab,2022,female,121,0,0,0,6,0,0,0,0,6
TR22,bristol_bay,red_king_crab,2022,female,122,0,0,0,6,0,0,0,0,6
TR22,bristol_bay,red_king_crab,2022,female,123,0,0,0,7,0,0,0,0,7
TR22,bristol_bay,red_king_crab,2022,female,124,0,0,0,16,0,0,0,0,16
TR22,bristol_bay,red_king_crab,2022,female,125,0,0,0,10,0,0,0,0,10
TR22,bristol_bay,red_king_crab,2022,female,126,0,0,0,10,0,0,0,0,10
TR22,bristol_bay,red_king_crab,2022,female,127,0,0,0,16,0,0,0,0,16
TR22,bristol_bay,red_king_crab,2022,female,128,0,0,0,8,0,0,0,0,8
TR22,bristol_bay,red_king_crab,2022,female,129,0,0,0,8,0,0,0,0,8
TR22,bristol_bay,red_king_crab,2022,female,130,0,0,0,11,0,0,0,0,11
TR22,bristol_bay,red_king_crab,2022,female,131,0,0,0,4,0,0,0,0,4
TR22,bristol_bay,red_king_crab,2022,female,132,0,0,0,10,0,0,0,0,10
TR22,bristol_bay,red_king_crab,2022,female,133,0,0,0,12,0,0,0,0,12
TR22,bristol_bay,red_king_crab,2022,female,134,0,0,0,4,0,0,0,0,4
TR22,bristol_bay,red_king_crab,2022,female,135,0,0,0,8,0,0,0,0,8
TR22,bristol_bay,red_king_crab,2022,female,136,0,0,0,9,0,0,0,0,9
TR22,bristol_bay,red_king_crab,2022,female,137,0,0,0,9,1,0,0,0,10
TR22,bristol_bay,red_king_crab,2022,female,138,0,0,0,3,0,0,0,0,3
TR22,bristol_bay,red_king_crab,2022,female,139,0,0,0,2,0,0,0,0,2
TR22,bristol_bay,red_king_crab,2022,female,140,0,0,0,4,0,0,0,0,4
TR22,bristol_bay,red_king_crab,2022,female,141,0,0,0,4,0,0,0,0,4
TR22,bristol_bay,red_king_crab,2022,female,143,0,0,0,6,0,0,0,0,6
TR22,bristol_bay,red_king_crab,2022,female,144,0,0,0,9,0,0,0,0,9
TR22,bristol_bay,red_king_crab,2022,female,145,0,0,0,3,0,0,0,0,3
TR22,bristol_bay,red_king_crab,2022,female,146,0,0,0,4,0,0,0,0,4
TR22,bristol_bay,red_king_crab,2022,female,147,0,0,0,7,0,0,0,0,7
TR22,bristol_bay,red_king_crab,2022,female,148,0,0,0,4,0,0,0,0,4
TR22,bristol_bay,red_king_crab,2022,female,149,0,0,0,5,0,0,0,0,5
TR22,bristol_bay,red_king_crab,2022,female,150,0,0,0,1,0,0,0,0,1
TR22,bristol_bay,red_king_crab,2022,female,152,0,0,0,2,0,0,0,0,2
TR22,bristol_bay,red_king_crab,2022,female,153,0,0,0,0,0,1,0,0,1
TR22,bristol_bay,red_king_crab,2022,female,155,0,0,0,2,0,0,0,0,2
TR22,bristol_bay,red_king_crab,2022,female,156,0,0,0,3,0,0,0,0,3
TR22,bristol_bay,red_king_crab,2022,female,157,0,0,0,3,0,0,0,0,3
TR22,bristol_bay,red_king_crab,2022,female,158,0,0,0,1,0,0,0,0,1
TR22,bristol_bay,red_king_crab,2022,female,160,0,0,0,1,0,0,0,0,1
TR22,bristol_bay,red_king_crab,2022,female,163,0,0,0,1,0,0,0,0,1
TR23,bristol_bay,red_king_crab,2023,male,30,0,0,0,1,0,0,0,0,1
TR23,bristol_bay,red_king_crab,2023,male,58,0,0,0,1,0,0,0,0,1
TR23,bristol_bay,red_king_crab,2023,male,67,0,0,0,1,0,0,0,0,1
TR23,bristol_bay,red_king_crab,2023,male,69,0,0,0,3,0,0,0,0,3
TR23,bristol_bay,red_king_crab,2023,male,71,0,0,0,1,0,0,0,0,1
TR23,bristol_bay,red_king_crab,2023,male,72,0,0,0,1,0,0,0,0,1
TR23,bristol_bay,red_king_crab,2023,male,74,0,0,0,6,0,0,0,0,6
TR23,bristol_bay,red_king_crab,2023,male,75,0,0,0,2,0,0,0,0,2
TR23,bristol_bay,red_king_crab,2023,male,76,0,0,0,2,0,0,0,0,2
TR23,bristol_bay,red_king_crab,2023,male,77,0,0,0,2,0,0,0,0,2
TR23,bristol_bay,red_king_crab,2023,male,78,0,0,0,2,0,0,0,0,2
TR23,bristol_bay,red_king_crab,2023,male,79,0,0,0,1,0,0,0,0,1
TR23,bristol_bay,red_king_crab,2023,male,80,0,0,0,3,0,0,0,0,3
TR23,bristol_bay,red_king_crab,2023,male,81,0,0,0,3,0,0,0,0,3
TR23,bristol_bay,red_king_crab,2023,male,82,0,0,0,3,0,0,0,0,3
TR23,bristol_bay,red_king_crab,2023,male,83,0,0,0,3,0,0,0,0,3
TR23,bristol_bay,red_king_crab,2023,male,84,0,0,0,6,0,0,0,0,6
TR23,bristol_bay,red_king_crab,2023,male,85,0,0,0,12,0,0,0,0,12
TR23,bristol_bay,red_king_crab,2023,male,86,0,0,0,8,1,0,0,0,9
TR23,bristol_bay,red_king_crab,2023,male,87,0,0,0,11,0,0,0,1,12
TR23,bristol_bay,red_king_crab,2023,male,88,0,0,0,18,0,0,0,0,18
TR23,bristol_bay,red_king_crab,2023,male,89,0,0,0,19,0,0,0,0,19
TR23,bristol_bay,red_king_crab,2023,male,90,0,0,0,14,0,0,0,0,14
TR23,bristol_bay,red_king_crab,2023,male,91,0,0,0,18,0,0,0,1,19
TR23,bristol_bay,red_king_crab,2023,male,92,0,0,0,21,0,0,0,0,21
TR23,bristol_bay,red_king_crab,2023,male,93,0,0,0,10,0,0,0,0,10
TR23,bristol_bay,red_king_crab,2023,male,94,0,0,0,29,1,0,0,0,30
TR23,bristol_bay,red_king_crab,2023,male,95,0,0,0,26,0,0,0,0,26
TR23,bristol_bay,red_king_crab,2023,male,96,0,0,0,36,0,0,0,0,36
TR23,bristol_bay,red_king_crab,2023,male,97,0,0,0,24,0,0,0,0,24
TR23,bristol_bay,red_king_crab,2023,male,98,0,0,0,35,0,0,0,0,35
TR23,bristol_bay,red_king_crab,2023,male,99,0,0,0,26,0,0,0,0,26
TR23,bristol_bay,red_king_crab,2023,male,100,0,0,0,24,0,0,0,0,24
TR23,bristol_bay,red_king_crab,2023,male,101,0,0,0,28,0,0,0,0,28
TR23,bristol_bay,red_king_crab,2023,male,102,0,0,0,35,0,0,0,0,35
TR23,bristol_bay,red_king_crab,2023,male,103,0,0,0,25,0,0,0,0,25
TR23,bristol_bay,red_king_crab,2023,male,104,0,0,0,60,1,0,0,0,61
TR23,bristol_bay,red_king_crab,2023,male,105,0,0,0,40,0,0,0,0,40
TR23,bristol_bay,red_king_crab,2023,male,106,0,0,0,32,0,0,0,0,32
TR23,bristol_bay,red_king_crab,2023,male,107,0,0,0,37,0,0,0,0,37
TR23,bristol_bay,red_king_crab,2023,male,108,0,0,0,31,1,0,0,0,32
TR23,bristol_bay,red_king_crab,2023,male,109,0,0,0,50,1,0,0,0,51
TR23,bristol_bay,red_king_crab,2023,male,110,0,0,0,35,0,0,0,0,35
TR23,bristol_bay,red_king_crab,2023,male,111,0,0,0,54,0,0,0,0,54
TR23,bristol_bay,red_king_crab,2023,male,112,0,0,0,45,2,0,0,0,47
TR23,bristol_bay,red_king_crab,2023,male,113,0,0,0,46,0,0,0,0,46
TR23,bristol_bay,red_king_crab,2023,male,114,0,0,0,81,1,0,0,0,82
TR23,bristol_bay,red_king_crab,2023,male,115,0,0,0,63,2,0,0,0,65
TR23,bristol_bay,red_king_crab,2023,male,116,0,0,0,79,2,0,0,0,81
TR23,bristol_bay,red_king_crab,2023,male,117,0,0,0,68,1,0,0,0,69
TR23,bristol_bay,red_king_crab,2023,male,118,0,0,0,99,1,1,0,0,101
TR23,bristol_bay,red_king_crab,2023,male,119,0,0,0,123,1,1,0,0,125
TR23,bristol_bay,red_king_crab,2023,male,120,0,0,0,112,2,0,0,1,115
TR23,bristol_bay,red_king_crab,2023,male,121,0,0,0,130,5,0,0,0,135
TR23,bristol_bay,red_king_crab,2023,male,122,0,0,0,91,2,0,0,1,94
TR23,bristol_bay,red_king_crab,2023,male,123,0,0,0,112,2,0,0,0,114
TR23,bristol_bay,red_king_crab,2023,male,124,0,0,0,134,5,1,0,0,140
TR23,bristol_bay,red_king_crab,2023,male,125,0,0,0,126,13,1,0,0,140
TR23,bristol_bay,red_king_crab,2023,male,126,0,0,0,132,7,2,0,0,141
TR23,bristol_bay,red_king_crab,2023,male,127,0,0,0,117,8,0,0,0,125
TR23,bristol_bay,red_king_crab,2023,male,128,0,0,0,104,9,3,0,0,116
TR23,bristol_bay,red_king_crab,2023,male,129,0,0,0,141,12,2,0,0,155
TR23,bristol_bay,red_king_crab,2023,male,130,0,0,0,131,18,2,0,0,151
TR23,bristol_bay,red_king_crab,2023,male,131,0,0,0,134,10,2,0,0,146
TR23,bristol_bay,red_king_crab,2023,male,132,0,0,0,149,13,1,0,0,163
TR23,bristol_bay,red_king_crab,2023,male,133,0,0,0,130,21,1,0,1,153
TR23,bristol_bay,red_king_crab,2023,male,134,0,0,0,175,28,5,0,0,208
TR23,bristol_bay,red_king_crab,2023,male,135,0,0,0,167,17,3,0,0,187
TR23,bristol_bay,red_king_crab,2023,male,136,0,0,0,183,23,6,0,0,212
TR23,bristol_bay,red_king_crab,2023,male,137,0,0,0,175,26,3,0,0,204
TR23,bristol_bay,red_king_crab,2023,male,138,0,0,0,185,30,2,0,0,217
TR23,bristol_bay,red_king_crab,2023,male,139,0,0,0,207,40,4,0,1,252
TR23,bristol_bay,red_king_crab,2023,male,140,0,0,0,225,51,1,0,0,277
TR23,bristol_bay,red_king_crab,2023,male,141,0,1,0,225,52,7,0,0,285
TR23,bristol_bay,red_king_crab,2023,male,142,0,0,0,198,54,8,0,0,260
TR23,bristol_bay,red_king_crab,2023,male,143,0,0,0,222,52,3,0,1,278
TR23,bristol_bay,red_king_crab,2023,male,144,0,0,0,264,54,4,0,0,322
TR23,bristol_bay,red_king_crab,2023,male,145,0,0,0,258,69,11,0,0,338
TR23,bristol_bay,red_king_crab,2023,male,146,0,0,0,232,72,8,0,0,312
TR23,bristol_bay,red_king_crab,2023,male,147,0,0,0,210,52,10,0,0,272
TR23,bristol_bay,red_king_crab,2023,male,148,0,0,0,189,56,10,0,0,255
TR23,bristol_bay,red_king_crab,2023,male,149,0,0,0,268,70,12,0,1,351
TR23,bristol_bay,red_king_crab,2023,male,150,0,0,0,262,67,10,0,0,339
TR23,bristol_bay,red_king_crab,2023,male,151,0,1,0,175,55,14,0,0,245
TR23,bristol_bay,red_king_crab,2023,male,152,0,0,0,220,65,7,0,1,293
TR23,bristol_bay,red_king_crab,2023,male,153,0,0,0,204,55,6,0,0,265
TR23,bristol_bay,red_king_crab,2023,male,154,0,0,0,221,50,16,0,0,287
TR23,bristol_bay,red_king_crab,2023,male,155,0,0,0,194,56,14,0,1,265
TR23,bristol_bay,red_king_crab,2023,male,156,0,0,0,191,50,12,0,0,253
TR23,bristol_bay,red_king_crab,2023,male,157,0,0,0,157,46,11,0,0,214
TR23,bristol_bay,red_king_crab,2023,male,158,0,0,0,163,60,4,0,0,227
TR23,bristol_bay,red_king_crab,2023,male,159,0,0,0,127,45,6,0,0,178
TR23,bristol_bay,red_king_crab,2023,male,160,0,0,0,167,52,14,1,0,234
TR23,bristol_bay,red_king_crab,2023,male,161,0,0,0,117,45,10,0,0,172
TR23,bristol_bay,red_king_crab,2023,male,162,0,0,0,121,28,13,0,0,162
TR23,bristol_bay,red_king_crab,2023,male,163,0,0,0,101,36,7,0,1,145
TR23,bristol_bay,red_king_crab,2023,male,164,0,0,0,98,31,9,0,0,138
TR23,bristol_bay,red_king_crab,2023,male,165,0,0,0,83,30,6,0,0,119
TR23,bristol_bay,red_king_crab,2023,male,166,0,0,0,76,28,10,0,0,114
TR23,bristol_bay,red_king_crab,2023,male,167,0,0,0,39,29,7,0,0,75
TR23,bristol_bay,red_king_crab,2023,male,168,0,0,0,68,25,8,0,0,101
TR23,bristol_bay,red_king_crab,2023,male,169,0,0,0,45,24,6,0,0,75
TR23,bristol_bay,red_king_crab,2023,male,170,0,0,0,50,12,2,0,0,64
TR23,bristol_bay,red_king_crab,2023,male,171,0,0,0,42,11,3,0,0,56
TR23,bristol_bay,red_king_crab,2023,male,172,0,0,0,20,6,3,0,0,29
TR23,bristol_bay,red_king_crab,2023,male,173,0,0,0,27,6,3,0,0,36
TR23,bristol_bay,red_king_crab,2023,male,174,0,0,0,18,7,2,0,0,27
TR23,bristol_bay,red_king_crab,2023,male,175,0,0,0,16,6,3,0,0,25
TR23,bristol_bay,red_king_crab,2023,male,176,0,0,0,19,2,2,0,0,23
TR23,bristol_bay,red_king_crab,2023,male,177,0,0,0,9,5,0,0,0,14
TR23,bristol_bay,red_king_crab,2023,male,178,0,0,0,8,0,0,0,0,8
TR23,bristol_bay,red_king_crab,2023,male,179,0,0,0,10,4,1,0,0,15
TR23,bristol_bay,red_king_crab,2023,male,180,0,0,0,8,2,1,0,0,11
TR23,bristol_bay,red_king_crab,2023,male,181,0,0,0,2,0,0,0,0,2
TR23,bristol_bay,red_king_crab,2023,male,182,0,0,0,3,2,0,0,0,5
TR23,bristol_bay,red_king_crab,2023,male,183,0,0,0,2,0,0,0,0,2
TR23,bristol_bay,red_king_crab,2023,male,184,0,0,0,4,0,0,0,0,4
TR23,bristol_bay,red_king_crab,2023,male,185,0,0,0,1,0,0,0,0,1
TR23,bristol_bay,red_king_crab,2023,male,186,0,0,0,1,0,0,0,0,1
TR23,bristol_bay,red_king_crab,2023,male,187,0,0,0,3,0,0,0,0,3
TR23,bristol_bay,red_king_crab,2023,male,188,0,0,0,0,1,0,0,0,1
TR23,bristol_bay,red_king_crab,2023,male,189,0,0,0,1,0,0,0,0,1
TR23,bristol_bay,red_king_crab,2023,female,61,0,0,0,1,0,0,0,0,1
TR23,bristol_bay,red_king_crab,2023,female,65,0,0,0,1,0,0,0,0,1
TR23,bristol_bay,red_king_crab,2023,female,71,0,0,0,1,0,0,0,0,1
TR23,bristol_bay,red_king_crab,2023,female,72,0,0,0,2,0,0,0,0,2
TR23,bristol_bay,red_king_crab,2023,female,73,0,0,0,1,0,0,0,0,1
TR23,bristol_bay,red_king_crab,2023,female,74,0,0,0,2,0,0,0,0,2
TR23,bristol_bay,red_king_crab,2023,female,75,0,0,0,2,0,0,0,0,2
TR23,bristol_bay,red_king_crab,2023,female,76,0,0,0,2,0,0,0,0,2
TR23,bristol_bay,red_king_crab,2023,female,77,0,0,0,2,0,0,0,0,2
TR23,bristol_bay,red_king_crab,2023,female,78,0,0,0,3,0,0,0,0,3
TR23,bristol_bay,red_king_crab,2023,female,79,0,0,0,4,0,0,0,0,4
TR23,bristol_bay,red_king_crab,2023,female,80,0,0,0,3,0,0,0,0,3
TR23,bristol_bay,red_king_crab,2023,female,81,0,0,0,3,0,0,0,1,4
TR23,bristol_bay,red_king_crab,2023,female,82,0,0,0,6,0,0,0,0,6
TR23,bristol_bay,red_king_crab,2023,female,83,0,0,0,3,0,0,0,0,3
TR23,bristol_bay,red_king_crab,2023,female,84,0,0,0,14,0,0,0,0,14
TR23,bristol_bay,red_king_crab,2023,female,85,0,0,0,5,0,0,0,0,5
TR23,bristol_bay,red_king_crab,2023,female,86,0,0,0,8,0,0,0,0,8
TR23,bristol_bay,red_king_crab,2023,female,87,0,0,0,10,0,0,0,0,10
TR23,bristol_bay,red_king_crab,2023,female,88,0,0,0,8,0,0,0,0,8
TR23,bristol_bay,red_king_crab,2023,female,89,0,0,0,13,0,0,0,0,13
TR23,bristol_bay,red_king_crab,2023,female,90,0,0,0,18,0,0,0,0,18
TR23,bristol_bay,red_king_crab,2023,female,91,0,0,0,12,0,0,0,0,12
TR23,bristol_bay,red_king_crab,2023,female,92,0,0,0,16,0,0,0,1,17
TR23,bristol_bay,red_king_crab,2023,female,93,0,0,0,12,0,0,0,0,12
TR23,bristol_bay,red_king_crab,2023,female,94,0,0,0,15,0,0,0,0,15
TR23,bristol_bay,red_king_crab,2023,female,95,0,0,0,13,0,0,0,0,13
TR23,bristol_bay,red_king_crab,2023,female,96,0,0,0,14,0,0,0,0,14
TR23,bristol_bay,red_king_crab,2023,female,97,0,0,0,8,0,0,0,0,8
TR23,bristol_bay,red_king_crab,2023,female,98,0,0,0,13,0,0,0,0,13
TR23,bristol_bay,red_king_crab,2023,female,99,0,0,0,6,0,0,0,0,6
TR23,bristol_bay,red_king_crab,2023,female,100,0,0,0,7,0,0,0,0,7
TR23,bristol_bay,red_king_crab,2023,female,101,0,0,0,5,0,0,0,0,5
TR23,bristol_bay,red_king_crab,2023,female,102,0,0,0,6,0,0,0,0,6
TR23,bristol_bay,red_king_crab,2023,female,103,0,0,0,4,0,0,0,0,4
TR23,bristol_bay,red_king_crab,2023,female,104,0,0,0,12,0,0,0,0,12
TR23,bristol_bay,red_king_crab,2023,female,105,0,0,0,9,0,0,0,0,9
TR23,bristol_bay,red_king_crab,2023,female,106,0,0,0,10,0,0,0,0,10
TR23,bristol_bay,red_king_crab,2023,female,107,0,0,0,9,0,0,0,0,9
TR23,bristol_bay,red_king_crab,2023,female,108,0,0,0,13,0,0,0,0,13
TR23,bristol_bay,red_king_crab,2023,female,109,0,0,0,9,0,0,0,1,10
TR23,bristol_bay,red_king_crab,2023,female,110,0,0,0,7,0,0,0,0,7
TR23,bristol_bay,red_king_crab,2023,female,111,0,0,0,10,0,0,0,0,10
TR23,bristol_bay,red_king_crab,2023,female,112,0,0,0,6,0,0,0,0,6
TR23,bristol_bay,red_king_crab,2023,female,113,0,0,0,8,0,0,0,0,8
TR23,bristol_bay,red_king_crab,2023,female,114,0,0,0,7,0,0,0,0,7
TR23,bristol_bay,red_king_crab,2023,female,115,0,0,0,13,0,0,0,0,13
TR23,bristol_bay,red_king_crab,2023,female,116,0,0,0,13,0,0,0,0,13
TR23,bristol_bay,red_king_crab,2023,female,117,0,0,0,10,0,0,0,0,10
TR23,bristol_bay,red_king_crab,2023,female,118,0,0,0,9,0,0,0,0,9
TR23,bristol_bay,red_king_crab,2023,female,119,0,0,0,17,0,0,0,0,17
TR23,bristol_bay,red_king_crab,2023,female,120,0,0,0,13,0,0,0,0,13
TR23,bristol_bay,red_king_crab,2023,female,121,0,0,0,17,0,1,0,0,18
TR23,bristol_bay,red_king_crab,2023,female,122,0,0,0,12,0,0,0,0,12
TR23,bristol_bay,red_king_crab,2023,female,123,0,0,0,14,0,0,0,0,14
TR23,bristol_bay,red_king_crab,2023,female,124,0,0,0,19,0,0,0,0,19
TR23,bristol_bay,red_king_crab,2023,female,125,0,0,0,19,0,0,0,0,19
TR23,bristol_bay,red_king_crab,2023,female,126,0,0,0,20,0,0,0,0,20
TR23,bristol_bay,red_king_crab,2023,female,127,0,0,0,17,0,0,0,0,17
TR23,bristol_bay,red_king_crab,2023,female,128,0,0,0,24,0,0,0,0,24
TR23,bristol_bay,red_king_crab,2023,female,129,0,0,0,16,0,0,0,0,16
TR23,bristol_bay,red_king_crab,2023,female,130,0,0,0,16,1,0,0,0,17
TR23,bristol_bay,red_king_crab,2023,female,131,0,0,0,14,0,0,0,0,14
TR23,bristol_bay,red_king_crab,2023,female,132,0,0,0,27,0,0,0,0,27
TR23,bristol_bay,red_king_crab,2023,female,133,0,0,0,12,0,0,0,0,12
TR23,bristol_bay,red_king_crab,2023,female,134,0,0,0,14,0,0,0,0,14
TR23,bristol_bay,red_king_crab,2023,female,135,0,0,0,14,0,0,0,0,14
TR23,bristol_bay,red_king_crab,2023,female,136,0,0,0,15,0,0,0,0,15
TR23,bristol_bay,red_king_crab,2023,female,137,0,0,0,11,0,0,0,0,11
TR23,bristol_bay,red_king_crab,2023,female,138,0,0,0,11,0,0,0,1,12
TR23,bristol_bay,red_king_crab,2023,female,139,0,0,0,16,1,0,0,0,17
TR23,bristol_bay,red_king_crab,2023,female,140,0,0,0,18,0,0,0,0,18
TR23,bristol_bay,red_king_crab,2023,female,141,0,0,0,9,0,0,0,0,9
TR23,bristol_bay,red_king_crab,2023,female,142,0,0,0,14,0,0,0,0,14
TR23,bristol_bay,red_king_crab,2023,female,143,0,0,0,16,0,0,0,0,16
TR23,bristol_bay,red_king_crab,2023,female,144,0,0,0,14,0,0,0,0,14
TR23,bristol_bay,red_king_crab,2023,female,145,0,0,0,9,1,0,0,0,10
TR23,bristol_bay,red_king_crab,2023,female,146,0,0,0,9,0,0,0,0,9
TR23,bristol_bay,red_king_crab,2023,female,147,0,0,0,4,0,0,0,0,4
TR23,bristol_bay,red_king_crab,2023,female,148,0,0,0,8,0,0,0,0,8
TR23,bristol_bay,red_king_crab,2023,female,149,0,0,0,5,0,0,0,0,5
TR23,bristol_bay,red_king_crab,2023,female,150,0,0,0,4,2,0,0,0,6
TR23,bristol_bay,red_king_crab,2023,female,151,0,0,0,6,0,0,0,0,6
TR23,bristol_bay,red_king_crab,2023,female,152,0,0,0,8,1,0,0,0,9
TR23,bristol_bay,red_king_crab,2023,female,153,0,0,0,5,0,0,0,0,5
TR23,bristol_bay,red_king_crab,2023,female,154,0,0,0,9,0,0,0,0,9
TR23,bristol_bay,red_king_crab,2023,female,155,0,0,0,7,0,0,0,0,7
TR23,bristol_bay,red_king_crab,2023,female,156,0,0,0,3,1,0,0,0,4
TR23,bristol_bay,red_king_crab,2023,female,157,0,0,0,3,0,0,0,0,3
TR23,bristol_bay,red_king_crab,2023,female,158,0,0,0,3,0,0,0,0,3
TR23,bristol_bay,red_king_crab,2023,female,159,0,0,0,4,0,0,0,0,4
TR23,bristol_bay,red_king_crab,2023,female,160,0,0,0,2,0,0,0,0,2
TR23,bristol_bay,red_king_crab,2023,female,161,0,0,0,1,0,0,0,0,1
TR23,bristol_bay,red_king_crab,2023,female,162,0,0,0,1,0,0,0,0,1
TR23,bristol_bay,red_king_crab,2023,female,163,0,0,0,4,0,0,0,0,4
TR23,bristol_bay,red_king_crab,2023,female,164,0,0,0,1,0,0,0,0,1
TR23,bristol_bay,red_king_crab,2023,female,165,0,0,0,2,0,0,0,0,2
TR23,bristol_bay,red_king_crab,2023,female,167,0,0,0,2,0,0,0,0,2
TR23,bristol_bay,red_king_crab,2023,female,170,0,0,0,1,0,0,0,0,1
TR90,bristol_bay,red_king_crab,1990,male,62,0,0,0,1,0,0,0,0,1
TR90,bristol_bay,red_king_crab,1990,male,78,0,0,0,1,0,0,0,0,1
TR90,bristol_bay,red_king_crab,1990,male,80,0,0,0,1,0,0,0,0,1
TR90,bristol_bay,red_king_crab,1990,male,81,0,0,0,2,0,0,0,0,2
TR90,bristol_bay,red_king_crab,1990,male,82,0,0,0,2,0,0,0,0,2
TR90,bristol_bay,red_king_crab,1990,male,84,0,0,0,2,0,0,0,0,2
TR90,bristol_bay,red_king_crab,1990,male,85,0,0,0,1,0,0,0,0,1
TR90,bristol_bay,red_king_crab,1990,male,86,0,0,0,2,0,0,0,0,2
TR90,bristol_bay,red_king_crab,1990,male,89,0,0,0,1,0,0,0,0,1
TR90,bristol_bay,red_king_crab,1990,male,90,0,0,0,2,0,0,0,0,2
TR90,bristol_bay,red_king_crab,1990,male,91,0,0,0,4,0,0,0,0,4
TR90,bristol_bay,red_king_crab,1990,male,93,0,0,0,3,0,0,0,0,3
TR90,bristol_bay,red_king_crab,1990,male,94,0,0,0,2,0,0,0,0,2
TR90,bristol_bay,red_king_crab,1990,male,95,0,0,0,3,0,0,0,0,3
TR90,bristol_bay,red_king_crab,1990,male,96,0,0,0,1,0,0,0,0,1
TR90,bristol_bay,red_king_crab,1990,male,98,0,0,0,2,0,0,0,0,2
TR90,bristol_bay,red_king_crab,1990,male,100,0,0,0,5,0,0,0,0,5
TR90,bristol_bay,red_king_crab,1990,male,101,0,0,0,6,0,0,0,0,6
TR90,bristol_bay,red_king_crab,1990,male,102,0,0,0,4,0,0,0,0,4
TR90,bristol_bay,red_king_crab,1990,male,103,0,0,0,2,0,0,0,0,2
TR90,bristol_bay,red_king_crab,1990,male,104,0,0,0,16,0,0,0,0,16
TR90,bristol_bay,red_king_crab,1990,male,105,0,0,0,7,0,0,0,0,7
TR90,bristol_bay,red_king_crab,1990,male,106,0,0,0,4,0,0,0,1,5
TR90,bristol_bay,red_king_crab,1990,male,107,0,0,0,8,1,0,0,0,9
TR90,bristol_bay,red_king_crab,1990,male,108,0,0,0,12,0,0,0,0,12
TR90,bristol_bay,red_king_crab,1990,male,109,0,0,0,11,0,0,0,0,11
TR90,bristol_bay,red_king_crab,1990,male,110,0,0,0,11,0,0,0,0,11
TR90,bristol_bay,red_king_crab,1990,male,111,0,0,0,8,0,0,0,0,8
TR90,bristol_bay,red_king_crab,1990,male,112,0,0,0,17,1,0,0,0,18
TR90,bristol_bay,red_king_crab,1990,male,113,0,0,0,14,2,0,0,0,16
TR90,bristol_bay,red_king_crab,1990,male,114,0,0,0,14,0,0,0,0,14
TR90,bristol_bay,red_king_crab,1990,male,115,0,0,0,22,0,0,0,0,22
TR90,bristol_bay,red_king_crab,1990,male,116,0,0,0,18,1,0,0,0,19
TR90,bristol_bay,red_king_crab,1990,male,117,0,0,0,20,2,0,0,0,22
TR90,bristol_bay,red_king_crab,1990,male,118,0,0,0,24,1,0,0,0,25
TR90,bristol_bay,red_king_crab,1990,male,119,0,0,0,18,1,0,0,0,19
TR90,bristol_bay,red_king_crab,1990,male,120,0,0,0,31,0,0,0,0,31
TR90,bristol_bay,red_king_crab,1990,male,121,0,0,0,25,5,0,0,0,30
TR90,bristol_bay,red_king_crab,1990,male,122,0,0,0,16,0,0,0,0,16
TR90,bristol_bay,red_king_crab,1990,male,123,0,0,0,22,3,0,0,1,26
TR90,bristol_bay,red_king_crab,1990,male,124,0,0,0,24,3,0,0,3,30
TR90,bristol_bay,red_king_crab,1990,male,125,0,0,0,21,2,0,0,0,23
TR90,bristol_bay,red_king_crab,1990,male,126,0,0,0,29,2,1,0,1,33
TR90,bristol_bay,red_king_crab,1990,male,127,0,0,0,31,7,0,0,1,39
TR90,bristol_bay,red_king_crab,1990,male,128,0,0,0,31,1,0,0,2,34
TR90,bristol_bay,red_king_crab,1990,male,129,0,0,0,27,2,2,0,3,34
TR90,bristol_bay,red_king_crab,1990,male,130,0,0,0,25,1,0,0,2,28
TR90,bristol_bay,red_king_crab,1990,male,131,0,0,0,56,7,0,0,0,63
TR90,bristol_bay,red_king_crab,1990,male,132,0,0,0,35,4,0,0,2,41
TR90,bristol_bay,red_king_crab,1990,male,133,0,0,0,42,3,0,0,0,45
TR90,bristol_bay,red_king_crab,1990,male,134,0,0,0,57,5,0,0,1,63
TR90,bristol_bay,red_king_crab,1990,male,135,0,0,0,45,7,0,0,0,52
TR90,bristol_bay,red_king_crab,1990,male,136,0,0,0,34,7,0,0,1,42
TR90,bristol_bay,red_king_crab,1990,male,137,0,0,0,48,9,0,0,0,57
TR90,bristol_bay,red_king_crab,1990,male,138,0,0,0,45,8,2,0,2,57
TR90,bristol_bay,red_king_crab,1990,male,139,0,0,0,42,4,5,0,0,51
TR90,bristol_bay,red_king_crab,1990,male,140,0,0,0,45,6,0,0,3,54
TR90,bristol_bay,red_king_crab,1990,male,141,0,0,0,42,7,2,0,1,52
TR90,bristol_bay,red_king_crab,1990,male,142,0,0,0,46,14,0,0,4,64
TR90,bristol_bay,red_king_crab,1990,male,143,0,0,0,43,11,1,0,1,56
TR90,bristol_bay,red_king_crab,1990,male,144,0,0,0,37,9,4,0,6,56
TR90,bristol_bay,red_king_crab,1990,male,145,0,0,0,48,9,1,0,1,59
TR90,bristol_bay,red_king_crab,1990,male,146,0,0,0,46,13,3,0,1,63
TR90,bristol_bay,red_king_crab,1990,male,147,0,0,0,50,11,4,0,2,67
TR90,bristol_bay,red_king_crab,1990,male,148,0,0,0,45,7,3,0,2,57
TR90,bristol_bay,red_king_crab,1990,male,149,0,0,0,35,12,1,0,0,48
TR90,bristol_bay,red_king_crab,1990,male,150,0,0,0,39,9,1,0,0,49
TR90,bristol_bay,red_king_crab,1990,male,151,0,0,0,30,15,3,0,1,49
TR90,bristol_bay,red_king_crab,1990,male,152,0,0,0,45,8,0,0,2,55
TR90,bristol_bay,red_king_crab,1990,male,153,0,0,0,29,11,2,0,2,44
TR90,bristol_bay,red_king_crab,1990,male,154,0,0,0,28,8,1,0,1,38
TR90,bristol_bay,red_king_crab,1990,male,155,0,0,0,43,9,0,0,2,54
TR90,bristol_bay,red_king_crab,1990,male,156,0,0,0,36,7,1,0,3,47
TR90,bristol_bay,red_king_crab,1990,male,157,0,0,0,32,7,4,0,1,44
TR90,bristol_bay,red_king_crab,1990,male,158,0,0,0,45,10,0,0,0,55
TR90,bristol_bay,red_king_crab,1990,male,159,0,0,0,35,8,1,0,3,47
TR90,bristol_bay,red_king_crab,1990,male,160,0,0,0,33,9,1,0,1,44
TR90,bristol_bay,red_king_crab,1990,male,161,0,0,0,33,2,1,0,0,36
TR90,bristol_bay,red_king_crab,1990,male,162,0,0,0,40,6,1,0,2,49
TR90,bristol_bay,red_king_crab,1990,male,163,0,0,0,35,4,1,0,0,40
TR90,bristol_bay,red_king_crab,1990,male,164,0,0,0,34,2,0,0,0,36
TR90,bristol_bay,red_king_crab,1990,male,165,0,0,0,27,6,0,0,1,34
TR90,bristol_bay,red_king_crab,1990,male,166,0,0,0,28,0,1,0,0,29
TR90,bristol_bay,red_king_crab,1990,male,167,0,0,0,21,4,0,0,0,25
TR90,bristol_bay,red_king_crab,1990,male,168,0,0,0,20,2,0,0,0,22
TR90,bristol_bay,red_king_crab,1990,male,169,0,0,0,9,0,1,0,1,11
TR90,bristol_bay,red_king_crab,1990,male,170,0,0,0,16,0,0,0,0,16
TR90,bristol_bay,red_king_crab,1990,male,171,0,0,0,13,4,0,0,0,17
TR90,bristol_bay,red_king_crab,1990,male,172,0,0,0,6,2,1,0,0,9
TR90,bristol_bay,red_king_crab,1990,male,173,0,0,0,11,1,0,0,0,12
TR90,bristol_bay,red_king_crab,1990,male,174,0,0,0,6,2,0,0,0,8
TR90,bristol_bay,red_king_crab,1990,male,175,0,0,0,5,2,0,0,0,7
TR90,bristol_bay,red_king_crab,1990,male,176,0,0,0,4,0,0,0,0,4
TR90,bristol_bay,red_king_crab,1990,male,177,0,0,0,1,0,0,0,0,1
TR90,bristol_bay,red_king_crab,1990,male,178,0,0,0,3,0,0,0,0,3
TR90,bristol_bay,red_king_crab,1990,male,179,0,0,0,0,1,0,0,0,1
TR90,bristol_bay,red_king_crab,1990,male,180,0,0,0,1,0,0,0,0,1
TR90,bristol_bay,red_king_crab,1990,male,181,0,0,0,2,0,0,0,0,2
TR90,bristol_bay,red_king_crab,1990,male,182,0,0,0,1,0,0,0,0,1
TR90,bristol_bay,red_king_crab,1990,male,183,0,0,0,1,0,0,0,0,1
TR90,bristol_bay,red_king_crab,1990,male,185,0,0,0,0,1,0,0,0,1
TR90,bristol_bay,red_king_crab,1990,male,189,0,0,0,0,1,0,0,0,1
TR90,bristol_bay,red_king_crab,1990,female,74,0,0,0,1,0,0,0,0,1
TR90,bristol_bay,red_king_crab,1990,female,77,0,0,0,1,0,0,0,0,1
TR90,bristol_bay,red_king_crab,1990,female,78,0,0,0,1,0,0,0,0,1
TR90,bristol_bay,red_king_crab,1990,female,80,0,0,0,0,0,0,0,1,1
TR90,bristol_bay,red_king_crab,1990,female,84,0,0,0,1,0,0,0,0,1
TR90,bristol_bay,red_king_crab,1990,female,85,0,0,0,1,0,0,0,0,1
TR90,bristol_bay,red_king_crab,1990,female,86,0,0,0,1,0,0,0,0,1
TR90,bristol_bay,red_king_crab,1990,female,87,0,0,0,2,0,0,0,0,2
TR90,bristol_bay,red_king_crab,1990,female,90,0,0,0,1,0,0,0,0,1
TR90,bristol_bay,red_king_crab,1990,female,91,0,0,0,1,0,0,0,0,1
TR90,bristol_bay,red_king_crab,1990,female,92,0,0,0,1,0,0,0,0,1
TR90,bristol_bay,red_king_crab,1990,female,93,0,0,0,1,0,0,0,0,1
TR90,bristol_bay,red_king_crab,1990,female,94,0,0,0,1,0,0,0,0,1
TR90,bristol_bay,red_king_crab,1990,female,95,0,0,0,1,0,0,0,0,1
TR90,bristol_bay,red_king_crab,1990,female,97,0,0,0,1,0,0,0,0,1
TR90,bristol_bay,red_king_crab,1990,female,98,0,0,0,5,0,0,0,0,5
TR90,bristol_bay,red_king_crab,1990,female,99,0,0,0,3,0,0,0,0,3
TR90,bristol_bay,red_king_crab,1990,female,100,0,0,0,6,0,0,0,0,6
TR90,bristol_bay,red_king_crab,1990,female,101,0,0,0,5,0,0,0,0,5
TR90,bristol_bay,red_king_crab,1990,female,102,0,0,0,11,0,0,0,0,11
TR90,bristol_bay,red_king_crab,1990,female,103,0,0,0,16,0,0,0,0,16
TR90,bristol_bay,red_king_crab,1990,female,104,0,0,0,9,0,0,0,0,9
TR90,bristol_bay,red_king_crab,1990,female,105,0,0,0,10,0,0,0,0,10
TR90,bristol_bay,red_king_crab,1990,female,106,0,0,0,10,0,0,0,0,10
TR90,bristol_bay,red_king_crab,1990,female,107,0,0,0,15,0,0,0,0,15
TR90,bristol_bay,red_king_crab,1990,female,108,0,0,0,9,0,0,0,0,9
TR90,bristol_bay,red_king_crab,1990,female,109,0,0,0,26,1,0,0,0,27
TR90,bristol_bay,red_king_crab,1990,female,110,0,0,0,24,0,0,0,1,25
TR90,bristol_bay,red_king_crab,1990,female,111,0,0,0,16,0,0,0,0,16
TR90,bristol_bay,red_king_crab,1990,female,112,0,0,0,29,0,0,0,0,29
TR90,bristol_bay,red_king_crab,1990,female,113,0,0,0,24,0,0,0,0,24
TR90,bristol_bay,red_king_crab,1990,female,114,0,0,0,26,0,0,0,1,27
TR90,bristol_bay,red_king_crab,1990,female,115,0,0,0,36,0,0,0,0,36
TR90,bristol_bay,red_king_crab,1990,female,116,0,0,0,29,0,0,0,0,29
TR90,bristol_bay,red_king_crab,1990,female,117,0,0,0,16,0,0,0,0,16
TR90,bristol_bay,red_king_crab,1990,female,118,0,0,0,26,1,0,0,0,27
TR90,bristol_bay,red_king_crab,1990,female,119,0,0,0,10,0,0,0,0,10
TR90,bristol_bay,red_king_crab,1990,female,120,0,0,0,36,0,0,0,0,36
TR90,bristol_bay,red_king_crab,1990,female,121,0,0,0,29,1,0,0,0,30
TR90,bristol_bay,red_king_crab,1990,female,122,0,0,0,21,0,0,0,0,21
TR90,bristol_bay,red_king_crab,1990,female,123,0,0,0,30,0,0,0,0,30
TR90,bristol_bay,red_king_crab,1990,female,124,0,0,0,32,0,0,0,0,32
TR90,bristol_bay,red_king_crab,1990,female,125,0,0,0,30,0,0,0,0,30
TR90,bristol_bay,red_king_crab,1990,female,126,0,0,0,13,1,0,0,0,14
TR90,bristol_bay,red_king_crab,1990,female,127,0,0,0,15,0,0,0,0,15
TR90,bristol_bay,red_king_crab,1990,female,128,0,0,0,23,0,0,0,0,23
TR90,bristol_bay,red_king_crab,1990,female,129,0,0,0,13,0,0,0,0,13
TR90,bristol_bay,red_king_crab,1990,female,130,0,0,0,16,0,0,0,0,16
TR90,bristol_bay,red_king_crab,1990,female,131,0,0,0,10,0,0,0,0,10
TR90,bristol_bay,red_king_crab,1990,female,132,0,0,0,10,0,0,0,0,10
TR90,bristol_bay,red_king_crab,1990,female,133,0,0,0,9,0,0,0,0,9
TR90,bristol_bay,red_king_crab,1990,female,134,0,0,0,5,0,0,0,0,5
TR90,bristol_bay,red_king_crab,1990,female,135,0,0,0,8,0,0,0,0,8
TR90,bristol_bay,red_king_crab,1990,female,136,0,0,0,3,0,0,0,0,3
TR90,bristol_bay,red_king_crab,1990,female,137,0,0,0,2,0,0,0,0,2
TR90,bristol_bay,red_king_crab,1990,female,138,0,0,0,3,0,0,0,0,3
TR90,bristol_bay,red_king_crab,1990,female,139,0,0,0,1,0,0,0,0,1
TR90,bristol_bay,red_king_crab,1990,female,140,0,0,0,2,0,0,0,0,2
TR90,bristol_bay,red_king_crab,1990,female,141,0,0,0,1,0,0,0,0,1
TR90,bristol_bay,red_king_crab,1990,female,142,0,0,0,1,0,0,0,0,1
TR90,bristol_bay,red_king_crab,1990,female,143,0,0,0,1,0,0,0,0,1
TR90,bristol_bay,red_king_crab,1990,female,146,0,0,0,1,0,0,0,0,1
TR90,bristol_bay,red_king_crab,1990,female,160,0,0,0,1,0,0,0,0,1
TR91,bristol_bay,red_king_crab,1991,male,63,0,0,0,1,0,0,0,0,1
TR91,bristol_bay,red_king_crab,1991,male,64,0,0,0,1,0,0,0,0,1
TR91,bristol_bay,red_king_crab,1991,male,66,0,0,0,1,0,0,0,0,1
TR91,bristol_bay,red_king_crab,1991,male,68,0,0,0,2,0,0,0,0,2
TR91,bristol_bay,red_king_crab,1991,male,69,0,0,0,1,0,0,0,0,1
TR91,bristol_bay,red_king_crab,1991,male,70,0,0,0,3,0,0,0,0,3
TR91,bristol_bay,red_king_crab,1991,male,71,0,0,0,5,0,0,0,0,5
TR91,bristol_bay,red_king_crab,1991,male,72,0,0,0,4,0,0,0,0,4
TR91,bristol_bay,red_king_crab,1991,male,73,0,0,0,2,0,0,0,0,2
TR91,bristol_bay,red_king_crab,1991,male,74,0,0,0,4,0,0,0,0,4
TR91,bristol_bay,red_king_crab,1991,male,75,0,0,0,5,0,0,0,0,5
TR91,bristol_bay,red_king_crab,1991,male,76,0,0,0,3,0,0,0,0,3
TR91,bristol_bay,red_king_crab,1991,male,77,0,0,0,5,0,0,0,0,5
TR91,bristol_bay,red_king_crab,1991,male,78,0,0,0,16,0,0,0,0,16
TR91,bristol_bay,red_king_crab,1991,male,79,0,0,0,6,0,0,0,0,6
TR91,bristol_bay,red_king_crab,1991,male,80,0,0,0,9,0,0,0,0,9
TR91,bristol_bay,red_king_crab,1991,male,81,0,0,0,4,0,0,0,0,4
TR91,bristol_bay,red_king_crab,1991,male,82,0,0,0,7,0,0,0,0,7
TR91,bristol_bay,red_king_crab,1991,male,83,0,0,0,5,0,0,0,0,5
TR91,bristol_bay,red_king_crab,1991,male,84,0,0,0,13,0,0,0,0,13
TR91,bristol_bay,red_king_crab,1991,male,85,0,0,0,10,0,0,0,0,10
TR91,bristol_bay,red_king_crab,1991,male,86,0,0,0,6,0,0,0,0,6
TR91,bristol_bay,red_king_crab,1991,male,87,0,0,0,9,0,0,0,0,9
TR91,bristol_bay,red_king_crab,1991,male,88,0,0,0,9,0,0,0,0,9
TR91,bristol_bay,red_king_crab,1991,male,89,0,0,0,9,0,0,0,0,9
TR91,bristol_bay,red_king_crab,1991,male,90,0,0,0,12,0,0,0,0,12
TR91,bristol_bay,red_king_crab,1991,male,91,0,0,0,11,1,0,0,0,12
TR91,bristol_bay,red_king_crab,1991,male,92,0,0,0,16,0,0,0,0,16
TR91,bristol_bay,red_king_crab,1991,male,93,0,0,0,12,0,0,0,0,12
TR91,bristol_bay,red_king_crab,1991,male,94,0,0,0,18,0,0,0,0,18
TR91,bristol_bay,red_king_crab,1991,male,95,0,0,0,13,0,0,0,0,13
TR91,bristol_bay,red_king_crab,1991,male,96,0,0,0,8,0,0,0,0,8
TR91,bristol_bay,red_king_crab,1991,male,97,0,0,0,5,1,0,0,0,6
TR91,bristol_bay,red_king_crab,1991,male,98,0,0,0,13,0,0,0,0,13
TR91,bristol_bay,red_king_crab,1991,male,99,0,0,0,18,0,0,0,0,18
TR91,bristol_bay,red_king_crab,1991,male,100,0,0,0,16,1,0,0,0,17
TR91,bristol_bay,red_king_crab,1991,male,101,0,0,0,14,0,0,0,0,14
TR91,bristol_bay,red_king_crab,1991,male,102,0,0,0,27,0,0,0,0,27
TR91,bristol_bay,red_king_crab,1991,male,103,0,0,0,25,1,0,0,0,26
TR91,bristol_bay,red_king_crab,1991,male,104,0,0,0,29,0,0,0,0,29
TR91,bristol_bay,red_king_crab,1991,male,105,0,0,0,26,0,0,0,0,26
TR91,bristol_bay,red_king_crab,1991,male,106,0,0,0,19,0,0,0,0,19
TR91,bristol_bay,red_king_crab,1991,male,107,0,0,0,23,1,0,0,0,24
TR91,bristol_bay,red_king_crab,1991,male,108,0,0,0,23,0,0,0,0,23
TR91,bristol_bay,red_king_crab,1991,male,109,0,0,0,19,0,0,0,0,19
TR91,bristol_bay,red_king_crab,1991,male,110,0,0,0,35,0,0,0,0,35
TR91,bristol_bay,red_king_crab,1991,male,111,0,0,0,20,0,0,0,0,20
TR91,bristol_bay,red_king_crab,1991,male,112,0,0,0,27,1,0,0,0,28
TR91,bristol_bay,red_king_crab,1991,male,113,0,0,0,20,0,0,0,0,20
TR91,bristol_bay,red_king_crab,1991,male,114,0,0,0,20,0,0,0,0,20
TR91,bristol_bay,red_king_crab,1991,male,115,0,0,0,24,0,0,0,0,24
TR91,bristol_bay,red_king_crab,1991,male,116,0,0,0,23,1,2,0,0,26
TR91,bristol_bay,red_king_crab,1991,male,117,0,0,0,17,0,0,0,0,17
TR91,bristol_bay,red_king_crab,1991,male,118,0,0,0,20,0,0,0,0,20
TR91,bristol_bay,red_king_crab,1991,male,119,0,0,0,26,1,0,0,0,27
TR91,bristol_bay,red_king_crab,1991,male,120,0,0,0,36,0,1,0,0,37
TR91,bristol_bay,red_king_crab,1991,male,121,0,0,0,34,3,0,0,1,38
TR91,bristol_bay,red_king_crab,1991,male,122,0,1,0,37,0,0,0,0,38
TR91,bristol_bay,red_king_crab,1991,male,123,0,0,0,33,1,0,0,0,34
TR91,bristol_bay,red_king_crab,1991,male,124,0,0,0,50,4,0,0,0,54
TR91,bristol_bay,red_king_crab,1991,male,125,0,0,0,48,2,0,0,0,50
TR91,bristol_bay,red_king_crab,1991,male,126,0,1,0,49,2,0,0,0,52
TR91,bristol_bay,red_king_crab,1991,male,127,0,0,0,54,2,0,0,0,56
TR91,bristol_bay,red_king_crab,1991,male,128,0,0,0,57,3,0,0,0,60
TR91,bristol_bay,red_king_crab,1991,male,129,0,0,0,65,1,0,0,0,66
TR91,bristol_bay,red_king_crab,1991,male,130,0,0,0,77,3,0,0,1,81
TR91,bristol_bay,red_king_crab,1991,male,131,0,0,0,63,6,1,0,0,70
TR91,bristol_bay,red_king_crab,1991,male,132,0,0,0,91,7,1,0,0,99
TR91,bristol_bay,red_king_crab,1991,male,133,0,1,0,86,7,0,0,0,94
TR91,bristol_bay,red_king_crab,1991,male,134,0,0,0,65,6,0,0,0,71
TR91,bristol_bay,red_king_crab,1991,male,135,0,0,0,72,3,0,0,0,75
TR91,bristol_bay,red_king_crab,1991,male,136,0,0,0,78,7,0,0,0,85
TR91,bristol_bay,red_king_crab,1991,male,137,0,1,0,83,6,0,0,0,90
TR91,bristol_bay,red_king_crab,1991,male,138,0,0,0,110,9,2,0,0,121
TR91,bristol_bay,red_king_crab,1991,male,139,0,0,0,98,7,0,0,0,105
TR91,bristol_bay,red_king_crab,1991,male,140,0,0,0,106,11,0,0,1,118
TR91,bristol_bay,red_king_crab,1991,male,141,0,0,0,73,9,0,0,0,82
TR91,bristol_bay,red_king_crab,1991,male,142,0,0,0,106,8,0,0,0,114
TR91,bristol_bay,red_king_crab,1991,male,143,0,0,0,90,4,2,0,0,96
TR91,bristol_bay,red_king_crab,1991,male,144,0,0,0,81,11,0,0,0,92
TR91,bristol_bay,red_king_crab,1991,male,145,0,0,0,103,7,3,0,0,113
TR91,bristol_bay,red_king_crab,1991,male,146,0,0,0,105,7,1,0,0,113
TR91,bristol_bay,red_king_crab,1991,male,147,0,0,0,89,10,1,0,0,100
TR91,bristol_bay,red_king_crab,1991,male,148,0,0,0,94,12,2,0,0,108
TR91,bristol_bay,red_king_crab,1991,male,149,0,0,0,91,15,1,0,0,107
TR91,bristol_bay,red_king_crab,1991,male,150,0,0,0,108,11,0,0,0,119
TR91,bristol_bay,red_king_crab,1991,male,151,0,0,0,88,13,2,0,0,103
TR91,bristol_bay,red_king_crab,1991,male,152,0,1,0,91,17,6,0,0,115
TR91,bristol_bay,red_king_crab,1991,male,153,0,0,0,83,17,1,0,0,101
TR91,bristol_bay,red_king_crab,1991,male,154,0,0,0,97,9,1,0,0,107
TR91,bristol_bay,red_king_crab,1991,male,155,0,0,0,71,15,0,0,0,86
TR91,bristol_bay,red_king_crab,1991,male,156,0,0,0,58,19,1,0,0,78
TR91,bristol_bay,red_king_crab,1991,male,157,0,0,0,81,11,2,0,0,94
TR91,bristol_bay,red_king_crab,1991,male,158,0,0,0,61,18,0,0,0,79
TR91,bristol_bay,red_king_crab,1991,male,159,0,0,0,46,15,1,0,0,62
TR91,bristol_bay,red_king_crab,1991,male,160,0,0,0,70,12,3,0,0,85
TR91,bristol_bay,red_king_crab,1991,male,161,0,0,0,48,19,0,0,0,67
TR91,bristol_bay,red_king_crab,1991,male,162,0,0,0,41,9,2,0,0,52
TR91,bristol_bay,red_king_crab,1991,male,163,0,0,0,40,13,1,0,0,54
TR91,bristol_bay,red_king_crab,1991,male,164,0,0,0,40,9,1,0,0,50
TR91,bristol_bay,red_king_crab,1991,male,165,0,0,0,30,9,2,0,0,41
TR91,bristol_bay,red_king_crab,1991,male,166,0,0,0,30,5,4,0,0,39
TR91,bristol_bay,red_king_crab,1991,male,167,0,0,0,34,12,1,0,0,47
TR91,bristol_bay,red_king_crab,1991,male,168,0,0,0,21,3,3,0,0,27
TR91,bristol_bay,red_king_crab,1991,male,169,0,0,0,17,5,0,0,0,22
TR91,bristol_bay,red_king_crab,1991,male,170,0,0,0,12,1,0,0,0,13
TR91,bristol_bay,red_king_crab,1991,male,171,0,0,0,17,7,0,0,0,24
TR91,bristol_bay,red_king_crab,1991,male,172,0,0,0,16,5,0,0,0,21
TR91,bristol_bay,red_king_crab,1991,male,173,0,0,0,10,3,1,0,0,14
TR91,bristol_bay,red_king_crab,1991,male,174,0,0,0,12,0,1,0,0,13
TR91,bristol_bay,red_king_crab,1991,male,175,0,0,0,7,1,0,0,0,8
TR91,bristol_bay,red_king_crab,1991,male,176,0,0,0,5,1,0,0,0,6
TR91,bristol_bay,red_king_crab,1991,male,177,0,0,0,2,0,0,0,0,2
TR91,bristol_bay,red_king_crab,1991,male,178,0,0,0,4,0,0,0,0,4
TR91,bristol_bay,red_king_crab,1991,male,179,0,0,0,5,2,0,0,0,7
TR91,bristol_bay,red_king_crab,1991,male,180,0,0,0,1,0,1,0,0,2
TR91,bristol_bay,red_king_crab,1991,male,181,0,0,0,2,0,0,0,0,2
TR91,bristol_bay,red_king_crab,1991,male,183,0,0,0,3,0,0,0,0,3
TR91,bristol_bay,red_king_crab,1991,male,184,0,0,0,0,1,0,0,0,1
TR91,bristol_bay,red_king_crab,1991,male,186,0,0,0,1,0,0,0,0,1
TR91,bristol_bay,red_king_crab,1991,male,188,0,0,0,1,0,0,0,0,1
TR91,bristol_bay,red_king_crab,1991,female,64,0,0,0,1,0,0,0,0,1
TR91,bristol_bay,red_king_crab,1991,female,65,0,0,0,1,0,0,0,0,1
TR91,bristol_bay,red_king_crab,1991,female,70,0,0,0,1,0,0,0,0,1
TR91,bristol_bay,red_king_crab,1991,female,72,0,0,0,3,0,0,0,0,3
TR91,bristol_bay,red_king_crab,1991,female,73,0,0,0,1,0,0,0,0,1
TR91,bristol_bay,red_king_crab,1991,female,74,0,0,0,4,0,0,0,0,4
TR91,bristol_bay,red_king_crab,1991,female,75,0,0,0,5,0,0,0,0,5
TR91,bristol_bay,red_king_crab,1991,female,76,0,0,0,2,0,0,0,0,2
TR91,bristol_bay,red_king_crab,1991,female,77,0,0,0,5,0,0,0,0,5
TR91,bristol_bay,red_king_crab,1991,female,78,0,0,0,8,0,0,0,0,8
TR91,bristol_bay,red_king_crab,1991,female,79,0,0,0,3,0,0,0,0,3
TR91,bristol_bay,red_king_crab,1991,female,80,0,0,0,6,0,0,0,0,6
TR91,bristol_bay,red_king_crab,1991,female,81,0,0,0,6,0,0,0,0,6
TR91,bristol_bay,red_king_crab,1991,female,82,0,0,0,6,0,0,0,0,6
TR91,bristol_bay,red_king_crab,1991,female,83,0,0,0,8,0,0,0,0,8
TR91,bristol_bay,red_king_crab,1991,female,84,0,0,0,10,0,0,0,0,10
TR91,bristol_bay,red_king_crab,1991,female,85,0,0,0,8,0,0,0,0,8
TR91,bristol_bay,red_king_crab,1991,female,86,0,0,0,11,0,0,0,0,11
TR91,bristol_bay,red_king_crab,1991,female,87,0,0,0,13,0,0,0,0,13
TR91,bristol_bay,red_king_crab,1991,female,88,0,0,0,12,0,0,0,0,12
TR91,bristol_bay,red_king_crab,1991,female,89,0,0,0,6,0,0,0,0,6
TR91,bristol_bay,red_king_crab,1991,female,90,0,0,0,9,0,0,0,0,9
TR91,bristol_bay,red_king_crab,1991,female,91,0,0,0,11,0,0,0,0,11
TR91,bristol_bay,red_king_crab,1991,female,92,0,0,0,13,0,0,0,0,13
TR91,bristol_bay,red_king_crab,1991,female,93,0,0,0,16,0,0,0,0,16
TR91,bristol_bay,red_king_crab,1991,female,94,0,0,0,11,0,0,0,0,11
TR91,bristol_bay,red_king_crab,1991,female,95,0,0,0,6,0,0,0,0,6
TR91,bristol_bay,red_king_crab,1991,female,96,0,0,0,11,0,0,0,0,11
TR91,bristol_bay,red_king_crab,1991,female,97,0,0,0,11,0,0,0,0,11
TR91,bristol_bay,red_king_crab,1991,female,98,0,0,0,5,0,0,0,0,5
TR91,bristol_bay,red_king_crab,1991,female,99,0,0,0,13,0,0,0,0,13
TR91,bristol_bay,red_king_crab,1991,female,100,0,0,0,4,0,0,0,0,4
TR91,bristol_bay,red_king_crab,1991,female,101,0,0,0,3,0,0,0,0,3
TR91,bristol_bay,red_king_crab,1991,female,102,0,0,0,5,0,0,0,0,5
TR91,bristol_bay,red_king_crab,1991,female,103,0,0,0,6,0,0,0,0,6
TR91,bristol_bay,red_king_crab,1991,female,104,0,0,0,9,0,0,0,0,9
TR91,bristol_bay,red_king_crab,1991,female,105,0,0,0,3,0,0,0,0,3
TR91,bristol_bay,red_king_crab,1991,female,106,0,0,0,5,0,0,0,0,5
TR91,bristol_bay,red_king_crab,1991,female,107,0,0,0,9,0,0,0,0,9
TR91,bristol_bay,red_king_crab,1991,female,108,0,0,0,4,0,0,0,0,4
TR91,bristol_bay,red_king_crab,1991,female,109,0,0,0,5,0,0,0,0,5
TR91,bristol_bay,red_king_crab,1991,female,110,0,0,0,5,0,0,0,0,5
TR91,bristol_bay,red_king_crab,1991,female,111,0,0,0,7,0,0,0,0,7
TR91,bristol_bay,red_king_crab,1991,female,112,0,0,0,5,0,0,0,0,5
TR91,bristol_bay,red_king_crab,1991,female,113,0,0,0,2,0,0,0,0,2
TR91,bristol_bay,red_king_crab,1991,female,114,0,0,0,2,0,0,0,0,2
TR91,bristol_bay,red_king_crab,1991,female,115,0,0,0,6,0,0,0,0,6
TR91,bristol_bay,red_king_crab,1991,female,116,0,0,0,4,0,0,0,0,4
TR91,bristol_bay,red_king_crab,1991,female,117,0,0,0,3,0,0,0,0,3
TR91,bristol_bay,red_king_crab,1991,female,118,0,0,0,6,0,0,0,0,6
TR91,bristol_bay,red_king_crab,1991,female,119,0,0,0,6,1,0,0,0,7
TR91,bristol_bay,red_king_crab,1991,female,120,0,0,0,8,0,0,0,0,8
TR91,bristol_bay,red_king_crab,1991,female,121,0,0,0,7,0,0,0,0,7
TR91,bristol_bay,red_king_crab,1991,female,122,0,0,0,5,0,0,0,0,5
TR91,bristol_bay,red_king_crab,1991,female,123,0,0,0,4,0,0,0,0,4
TR91,bristol_bay,red_king_crab,1991,female,124,0,0,0,6,0,0,0,0,6
TR91,bristol_bay,red_king_crab,1991,female,125,0,0,0,4,0,0,0,0,4
TR91,bristol_bay,red_king_crab,1991,female,126,0,0,0,3,0,0,0,0,3
TR91,bristol_bay,red_king_crab,1991,female,127,0,0,0,2,0,0,0,0,2
TR91,bristol_bay,red_king_crab,1991,female,128,0,0,0,2,0,0,0,0,2
TR91,bristol_bay,red_king_crab,1991,female,129,0,0,0,2,0,0,0,0,2
TR91,bristol_bay,red_king_crab,1991,female,131,0,0,0,2,0,0,0,0,2
TR91,bristol_bay,red_king_crab,1991,female,133,0,0,0,2,0,0,0,0,2
TR91,bristol_bay,red_king_crab,1991,female,135,0,0,0,1,0,0,0,0,1
TR91,bristol_bay,red_king_crab,1991,female,137,0,0,0,1,0,0,0,0,1
TR91,bristol_bay,red_king_crab,1991,female,142,0,0,0,1,0,0,0,0,1
TR92,bristol_bay,red_king_crab,1992,male,71,0,0,0,1,0,0,0,0,1
TR92,bristol_bay,red_king_crab,1992,male,72,0,0,0,1,0,0,0,0,1
TR92,bristol_bay,red_king_crab,1992,male,74,0,0,0,1,0,0,0,0,1
TR92,bristol_bay,red_king_crab,1992,male,78,0,0,0,1,0,0,0,0,1
TR92,bristol_bay,red_king_crab,1992,male,79,0,0,0,3,0,0,0,0,3
TR92,bristol_bay,red_king_crab,1992,male,80,0,0,0,5,0,0,0,0,5
TR92,bristol_bay,red_king_crab,1992,male,81,0,0,0,4,0,0,0,0,4
TR92,bristol_bay,red_king_crab,1992,male,82,0,0,0,8,0,0,0,0,8
TR92,bristol_bay,red_king_crab,1992,male,83,0,0,0,8,0,0,0,0,8
TR92,bristol_bay,red_king_crab,1992,male,84,0,0,0,11,0,0,0,0,11
TR92,bristol_bay,red_king_crab,1992,male,85,0,0,0,10,0,0,0,0,10
TR92,bristol_bay,red_king_crab,1992,male,86,0,0,0,12,0,0,0,0,12
TR92,bristol_bay,red_king_crab,1992,male,87,0,0,0,18,0,0,0,0,18
TR92,bristol_bay,red_king_crab,1992,male,88,0,0,0,14,1,0,0,0,15
TR92,bristol_bay,red_king_crab,1992,male,89,0,0,0,17,0,0,0,0,17
TR92,bristol_bay,red_king_crab,1992,male,90,0,0,0,27,0,0,0,0,27
TR92,bristol_bay,red_king_crab,1992,male,91,0,0,0,28,0,0,0,0,28
TR92,bristol_bay,red_king_crab,1992,male,92,0,0,0,38,0,0,0,0,38
TR92,bristol_bay,red_king_crab,1992,male,93,0,0,0,39,0,0,0,0,39
TR92,bristol_bay,red_king_crab,1992,male,94,0,0,0,46,1,0,0,0,47
TR92,bristol_bay,red_king_crab,1992,male,95,0,0,0,48,0,0,0,0,48
TR92,bristol_bay,red_king_crab,1992,male,96,0,0,0,56,1,0,0,0,57
TR92,bristol_bay,red_king_crab,1992,male,97,0,0,0,52,1,0,0,0,53
TR92,bristol_bay,red_king_crab,1992,male,98,0,0,0,67,1,0,0,1,69
TR92,bristol_bay,red_king_crab,1992,male,99,0,0,0,53,1,0,0,1,55
TR92,bristol_bay,red_king_crab,1992,male,100,0,0,0,63,0,0,0,0,63
TR92,bristol_bay,red_king_crab,1992,male,101,0,0,0,67,2,0,0,0,69
TR92,bristol_bay,red_king_crab,1992,male,102,0,0,0,70,1,0,0,0,71
TR92,bristol_bay,red_king_crab,1992,male,103,0,0,0,80,0,0,0,0,80
TR92,bristol_bay,red_king_crab,1992,male,104,0,0,0,85,3,0,0,0,88
TR92,bristol_bay,red_king_crab,1992,male,105,0,0,0,73,5,0,0,0,78
TR92,bristol_bay,red_king_crab,1992,male,106,0,0,0,60,1,0,0,0,61
TR92,bristol_bay,red_king_crab,1992,male,107,0,0,0,74,0,0,0,0,74
TR92,bristol_bay,red_king_crab,1992,male,108,0,0,0,80,4,0,0,0,84
TR92,bristol_bay,red_king_crab,1992,male,109,0,0,0,87,1,0,0,0,88
TR92,bristol_bay,red_king_crab,1992,male,110,0,0,0,85,3,0,0,0,88
TR92,bristol_bay,red_king_crab,1992,male,111,0,0,0,65,2,0,0,0,67
TR92,bristol_bay,red_king_crab,1992,male,112,0,0,0,87,2,0,0,0,89
TR92,bristol_bay,red_king_crab,1992,male,113,0,0,0,76,1,0,0,1,78
TR92,bristol_bay,red_king_crab,1992,male,114,0,0,0,76,1,1,0,0,78
TR92,bristol_bay,red_king_crab,1992,male,115,0,0,0,54,4,0,0,0,58
TR92,bristol_bay,red_king_crab,1992,male,116,0,0,0,71,5,0,0,0,76
TR92,bristol_bay,red_king_crab,1992,male,117,0,0,0,80,7,0,0,0,87
TR92,bristol_bay,red_king_crab,1992,male,118,0,0,0,76,6,0,0,0,82
TR92,bristol_bay,red_king_crab,1992,male,119,0,0,0,72,8,0,0,2,82
TR92,bristol_bay,red_king_crab,1992,male,120,0,0,0,59,4,1,0,0,64
TR92,bristol_bay,red_king_crab,1992,male,121,0,0,0,73,3,0,0,1,77
TR92,bristol_bay,red_king_crab,1992,male,122,0,0,0,84,5,0,0,0,89
TR92,bristol_bay,red_king_crab,1992,male,123,0,0,0,77,5,1,0,1,84
TR92,bristol_bay,red_king_crab,1992,male,124,0,0,0,82,10,0,0,1,93
TR92,bristol_bay,red_king_crab,1992,male,125,0,0,0,70,9,0,0,0,79
TR92,bristol_bay,red_king_crab,1992,male,126,0,0,0,68,4,1,0,1,74
TR92,bristol_bay,red_king_crab,1992,male,127,0,0,0,74,7,0,0,0,81
TR92,bristol_bay,red_king_crab,1992,male,128,0,0,0,61,7,0,0,0,68
TR92,bristol_bay,red_king_crab,1992,male,129,0,0,0,43,15,1,0,0,59
TR92,bristol_bay,red_king_crab,1992,male,130,0,0,0,60,8,2,0,0,70
TR92,bristol_bay,red_king_crab,1992,male,131,0,0,0,43,10,0,0,1,54
TR92,bristol_bay,red_king_crab,1992,male,132,0,0,0,33,11,2,0,0,46
TR92,bristol_bay,red_king_crab,1992,male,133,0,0,0,42,14,2,0,0,58
TR92,bristol_bay,red_king_crab,1992,male,134,0,0,0,51,5,4,0,0,60
TR92,bristol_bay,red_king_crab,1992,male,135,0,0,0,36,12,2,0,0,50
TR92,bristol_bay,red_king_crab,1992,male,136,0,0,0,37,12,0,0,0,49
TR92,bristol_bay,red_king_crab,1992,male,137,0,0,0,28,5,1,0,0,34
TR92,bristol_bay,red_king_crab,1992,male,138,0,0,0,41,8,1,0,0,50
TR92,bristol_bay,red_king_crab,1992,male,139,0,0,0,34,8,3,0,0,45
TR92,bristol_bay,red_king_crab,1992,male,140,0,0,0,41,12,1,0,0,54
TR92,bristol_bay,red_king_crab,1992,male,141,0,0,0,32,7,0,0,0,39
TR92,bristol_bay,red_king_crab,1992,male,142,0,0,0,43,8,1,0,1,53
TR92,bristol_bay,red_king_crab,1992,male,143,0,0,0,33,7,2,0,1,43
TR92,bristol_bay,red_king_crab,1992,male,144,0,0,0,41,7,3,0,0,51
TR92,bristol_bay,red_king_crab,1992,male,145,0,0,0,37,18,2,0,1,58
TR92,bristol_bay,red_king_crab,1992,male,146,0,0,0,32,10,3,0,0,45
TR92,bristol_bay,red_king_crab,1992,male,147,0,0,0,40,16,0,0,2,58
TR92,bristol_bay,red_king_crab,1992,male,148,0,0,0,38,15,1,0,0,54
TR92,bristol_bay,red_king_crab,1992,male,149,0,0,0,35,5,1,0,1,42
TR92,bristol_bay,red_king_crab,1992,male,150,0,0,0,38,12,3,0,0,53
TR92,bristol_bay,red_king_crab,1992,male,151,0,0,0,47,10,1,0,1,59
TR92,bristol_bay,red_king_crab,1992,male,152,0,0,0,37,9,5,0,1,52
TR92,bristol_bay,red_king_crab,1992,male,153,0,0,0,43,13,2,0,0,58
TR92,bristol_bay,red_king_crab,1992,male,154,0,0,0,35,15,3,0,1,54
TR92,bristol_bay,red_king_crab,1992,male,155,0,0,0,34,10,5,0,0,49
TR92,bristol_bay,red_king_crab,1992,male,156,0,0,0,27,12,4,0,0,43
TR92,bristol_bay,red_king_crab,1992,male,157,0,0,0,30,12,1,0,0,43
TR92,bristol_bay,red_king_crab,1992,male,158,0,0,0,39,7,3,0,0,49
TR92,bristol_bay,red_king_crab,1992,male,159,0,0,0,19,11,0,0,0,30
TR92,bristol_bay,red_king_crab,1992,male,160,0,0,0,31,12,5,0,0,48
TR92,bristol_bay,red_king_crab,1992,male,161,0,0,0,18,13,0,0,0,31
TR92,bristol_bay,red_king_crab,1992,male,162,0,0,0,28,11,1,0,1,41
TR92,bristol_bay,red_king_crab,1992,male,163,0,0,0,15,16,2,0,0,33
TR92,bristol_bay,red_king_crab,1992,male,164,0,0,0,16,6,2,0,0,24
TR92,bristol_bay,red_king_crab,1992,male,165,0,0,0,18,8,3,0,0,29
TR92,bristol_bay,red_king_crab,1992,male,166,0,0,0,14,10,2,0,2,28
TR92,bristol_bay,red_king_crab,1992,male,167,0,0,0,13,6,1,0,0,20
TR92,bristol_bay,red_king_crab,1992,male,168,0,0,0,7,13,2,0,1,23
TR92,bristol_bay,red_king_crab,1992,male,169,0,0,0,4,8,1,0,0,13
TR92,bristol_bay,red_king_crab,1992,male,170,0,0,0,7,6,0,0,1,14
TR92,bristol_bay,red_king_crab,1992,male,171,0,0,0,9,7,2,0,1,19
TR92,bristol_bay,red_king_crab,1992,male,172,0,0,0,10,5,2,0,0,17
TR92,bristol_bay,red_king_crab,1992,male,173,0,0,0,2,3,1,0,2,8
TR92,bristol_bay,red_king_crab,1992,male,174,0,0,0,3,3,1,0,0,7
TR92,bristol_bay,red_king_crab,1992,male,175,0,0,0,4,3,0,0,0,7
TR92,bristol_bay,red_king_crab,1992,male,176,0,0,0,2,2,0,0,0,4
TR92,bristol_bay,red_king_crab,1992,male,177,0,0,0,3,0,0,0,0,3
TR92,bristol_bay,red_king_crab,1992,male,178,0,0,0,1,1,0,0,0,2
TR92,bristol_bay,red_king_crab,1992,male,179,0,0,0,1,3,0,0,0,4
TR92,bristol_bay,red_king_crab,1992,male,180,0,0,0,4,1,0,0,0,5
TR92,bristol_bay,red_king_crab,1992,male,181,0,0,0,0,3,0,0,0,3
TR92,bristol_bay,red_king_crab,1992,male,182,0,0,0,0,1,0,0,1,2
TR92,bristol_bay,red_king_crab,1992,male,183,0,0,0,0,1,0,0,0,1
TR92,bristol_bay,red_king_crab,1992,male,185,0,0,0,1,0,0,0,0,1
TR92,bristol_bay,red_king_crab,1992,female,56,0,0,0,1,0,0,0,0,1
TR92,bristol_bay,red_king_crab,1992,female,60,0,0,0,1,0,0,0,0,1
TR92,bristol_bay,red_king_crab,1992,female,72,0,0,0,1,0,0,0,0,1
TR92,bristol_bay,red_king_crab,1992,female,73,0,0,0,1,0,0,0,0,1
TR92,bristol_bay,red_king_crab,1992,female,74,0,0,0,1,0,0,0,0,1
TR92,bristol_bay,red_king_crab,1992,female,75,0,0,0,1,0,0,0,0,1
TR92,bristol_bay,red_king_crab,1992,female,76,0,0,0,1,0,0,0,0,1
TR92,bristol_bay,red_king_crab,1992,female,77,0,0,0,2,0,0,0,0,2
TR92,bristol_bay,red_king_crab,1992,female,78,0,0,0,1,0,0,0,0,1
TR92,bristol_bay,red_king_crab,1992,female,79,0,0,0,2,0,0,0,0,2
TR92,bristol_bay,red_king_crab,1992,female,80,0,0,0,5,0,0,0,0,5
TR92,bristol_bay,red_king_crab,1992,female,81,0,0,0,3,0,0,0,0,3
TR92,bristol_bay,red_king_crab,1992,female,82,0,0,0,8,0,0,0,0,8
TR92,bristol_bay,red_king_crab,1992,female,83,0,0,0,10,0,0,0,0,10
TR92,bristol_bay,red_king_crab,1992,female,84,0,0,0,16,0,0,0,0,16
TR92,bristol_bay,red_king_crab,1992,female,85,0,0,0,25,0,0,0,0,25
TR92,bristol_bay,red_king_crab,1992,female,86,0,0,0,26,0,0,0,0,26
TR92,bristol_bay,red_king_crab,1992,female,87,0,0,0,29,0,0,0,0,29
TR92,bristol_bay,red_king_crab,1992,female,88,0,0,0,47,0,0,0,0,47
TR92,bristol_bay,red_king_crab,1992,female,89,0,0,0,64,0,0,0,0,64
TR92,bristol_bay,red_king_crab,1992,female,90,0,0,0,61,0,0,0,0,61
TR92,bristol_bay,red_king_crab,1992,female,91,0,0,0,73,0,0,0,0,73
TR92,bristol_bay,red_king_crab,1992,female,92,0,0,0,84,0,0,0,0,84
TR92,bristol_bay,red_king_crab,1992,female,93,0,0,0,90,0,0,0,0,90
TR92,bristol_bay,red_king_crab,1992,female,94,0,0,0,112,0,0,0,0,112
TR92,bristol_bay,red_king_crab,1992,female,95,0,0,0,96,0,0,0,0,96
TR92,bristol_bay,red_king_crab,1992,female,96,0,0,0,100,0,0,0,0,100
TR92,bristol_bay,red_king_crab,1992,female,97,0,0,0,109,0,0,0,0,109
TR92,bristol_bay,red_king_crab,1992,female,98,0,0,0,54,1,0,0,0,55
TR92,bristol_bay,red_king_crab,1992,female,99,0,0,0,104,0,0,0,0,104
TR92,bristol_bay,red_king_crab,1992,female,100,0,0,0,101,1,0,0,0,102
TR92,bristol_bay,red_king_crab,1992,female,101,0,0,0,83,0,0,0,0,83
TR92,bristol_bay,red_king_crab,1992,female,102,0,0,0,80,0,0,0,0,80
TR92,bristol_bay,red_king_crab,1992,female,103,0,0,0,76,1,0,0,0,77
TR92,bristol_bay,red_king_crab,1992,female,104,0,0,0,62,0,0,0,0,62
TR92,bristol_bay,red_king_crab,1992,female,105,0,0,0,48,0,0,0,0,48
TR92,bristol_bay,red_king_crab,1992,female,106,0,0,0,47,0,0,0,0,47
TR92,bristol_bay,red_king_crab,1992,female,107,0,0,0,48,0,0,0,0,48
TR92,bristol_bay,red_king_crab,1992,female,108,0,0,0,40,1,0,0,0,41
TR92,bristol_bay,red_king_crab,1992,female,109,0,0,0,44,0,0,0,0,44
TR92,bristol_bay,red_king_crab,1992,female,110,0,0,0,38,0,0,0,0,38
TR92,bristol_bay,red_king_crab,1992,female,111,0,0,0,33,1,0,0,0,34
TR92,bristol_bay,red_king_crab,1992,female,112,0,0,0,40,0,0,0,0,40
TR92,bristol_bay,red_king_crab,1992,female,113,0,0,0,52,0,0,0,0,52
TR92,bristol_bay,red_king_crab,1992,female,114,0,0,0,29,1,0,0,0,30
TR92,bristol_bay,red_king_crab,1992,female,115,0,0,0,24,0,0,0,0,24
TR92,bristol_bay,red_king_crab,1992,female,116,0,0,0,35,0,0,0,0,35
TR92,bristol_bay,red_king_crab,1992,female,117,0,0,0,20,0,0,0,0,20
TR92,bristol_bay,red_king_crab,1992,female,118,0,0,0,29,1,0,0,0,30
TR92,bristol_bay,red_king_crab,1992,female,119,0,0,0,26,1,0,0,0,27
TR92,bristol_bay,red_king_crab,1992,female,120,0,0,0,19,0,0,0,0,19
TR92,bristol_bay,red_king_crab,1992,female,121,0,0,0,28,1,0,0,0,29
TR92,bristol_bay,red_king_crab,1992,female,122,0,0,0,16,0,0,0,0,16
TR92,bristol_bay,red_king_crab,1992,female,123,0,0,0,19,0,0,0,0,19
TR92,bristol_bay,red_king_crab,1992,female,124,0,0,0,13,0,0,0,0,13
TR92,bristol_bay,red_king_crab,1992,female,125,0,0,0,18,0,0,0,0,18
TR92,bristol_bay,red_king_crab,1992,female,126,0,0,0,21,0,0,0,0,21
TR92,bristol_bay,red_king_crab,1992,female,127,0,0,0,17,1,0,0,0,18
TR92,bristol_bay,red_king_crab,1992,female,128,0,0,0,21,0,0,0,0,21
TR92,bristol_bay,red_king_crab,1992,female,129,0,0,0,16,0,0,0,0,16
TR92,bristol_bay,red_king_crab,1992,female,130,0,0,0,15,0,0,0,0,15
TR92,bristol_bay,red_king_crab,1992,female,131,0,0,0,10,1,0,0,0,11
TR92,bristol_bay,red_king_crab,1992,female,132,0,0,0,15,1,0,0,0,16
TR92,bristol_bay,red_king_crab,1992,female,133,0,0,0,12,0,0,0,0,12
TR92,bristol_bay,red_king_crab,1992,female,134,0,0,0,7,0,0,0,0,7
TR92,bristol_bay,red_king_crab,1992,female,135,0,0,0,6,0,0,0,0,6
TR92,bristol_bay,red_king_crab,1992,female,136,0,0,0,10,0,0,0,0,10
TR92,bristol_bay,red_king_crab,1992,female,137,0,0,0,3,0,0,0,0,3
TR92,bristol_bay,red_king_crab,1992,female,138,0,0,0,5,0,0,0,0,5
TR92,bristol_bay,red_king_crab,1992,female,139,0,0,0,4,0,0,0,0,4
TR92,bristol_bay,red_king_crab,1992,female,140,0,0,0,2,0,0,0,0,2
TR92,bristol_bay,red_king_crab,1992,female,141,0,0,0,2,0,0,0,0,2
TR92,bristol_bay,red_king_crab,1992,female,142,0,0,0,1,0,0,0,0,1
TR92,bristol_bay,red_king_crab,1992,female,144,0,0,0,1,0,0,0,0,1
TR92,bristol_bay,red_king_crab,1992,female,145,0,0,0,2,0,0,0,0,2
TR92,bristol_bay,red_king_crab,1992,female,146,0,0,0,1,0,0,0,0,1
TR92,bristol_bay,red_king_crab,1992,female,149,0,0,0,1,0,0,0,0,1
TR92,bristol_bay,red_king_crab,1992,female,150,0,0,0,1,0,0,0,0,1
TR93,bristol_bay,red_king_crab,1993,male,63,0,0,0,1,0,0,0,0,1
TR93,bristol_bay,red_king_crab,1993,male,64,0,0,0,1,0,0,0,0,1
TR93,bristol_bay,red_king_crab,1993,male,66,0,0,0,2,0,0,0,0,2
TR93,bristol_bay,red_king_crab,1993,male,67,0,0,0,3,0,0,0,0,3
TR93,bristol_bay,red_king_crab,1993,male,69,0,0,0,4,0,0,0,0,4
TR93,bristol_bay,red_king_crab,1993,male,70,0,0,0,6,0,0,0,0,6
TR93,bristol_bay,red_king_crab,1993,male,71,0,0,0,4,0,0,0,0,4
TR93,bristol_bay,red_king_crab,1993,male,72,0,0,0,4,0,0,0,0,4
TR93,bristol_bay,red_king_crab,1993,male,73,0,0,0,7,0,0,0,0,7
TR93,bristol_bay,red_king_crab,1993,male,74,0,0,0,5,0,0,0,0,5
TR93,bristol_bay,red_king_crab,1993,male,75,0,0,0,8,0,0,0,0,8
TR93,bristol_bay,red_king_crab,1993,male,76,0,0,0,6,0,0,0,0,6
TR93,bristol_bay,red_king_crab,1993,male,77,0,0,0,6,0,0,0,0,6
TR93,bristol_bay,red_king_crab,1993,male,78,0,0,0,4,0,0,0,0,4
TR93,bristol_bay,red_king_crab,1993,male,79,0,0,0,9,0,0,0,0,9
TR93,bristol_bay,red_king_crab,1993,male,80,0,0,0,11,0,0,0,0,11
TR93,bristol_bay,red_king_crab,1993,male,81,0,0,0,4,0,0,0,0,4
TR93,bristol_bay,red_king_crab,1993,male,82,0,0,0,5,0,0,0,0,5
TR93,bristol_bay,red_king_crab,1993,male,83,0,0,0,3,0,0,0,0,3
TR93,bristol_bay,red_king_crab,1993,male,84,0,0,0,6,0,0,0,0,6
TR93,bristol_bay,red_king_crab,1993,male,85,0,0,0,10,0,0,0,0,10
TR93,bristol_bay,red_king_crab,1993,male,86,0,0,0,4,0,0,0,0,4
TR93,bristol_bay,red_king_crab,1993,male,87,0,0,0,3,0,0,0,0,3
TR93,bristol_bay,red_king_crab,1993,male,88,0,0,0,8,0,0,0,0,8
TR93,bristol_bay,red_king_crab,1993,male,89,0,0,0,11,0,0,0,0,11
TR93,bristol_bay,red_king_crab,1993,male,90,0,0,0,8,0,0,0,0,8
TR93,bristol_bay,red_king_crab,1993,male,91,0,0,0,11,0,0,0,0,11
TR93,bristol_bay,red_king_crab,1993,male,92,0,1,0,15,1,0,0,0,17
TR93,bristol_bay,red_king_crab,1993,male,93,0,0,0,18,0,0,0,0,18
TR93,bristol_bay,red_king_crab,1993,male,94,0,0,0,17,0,0,0,0,17
TR93,bristol_bay,red_king_crab,1993,male,95,0,0,0,25,0,0,0,0,25
TR93,bristol_bay,red_king_crab,1993,male,96,0,0,0,31,0,0,0,0,31
TR93,bristol_bay,red_king_crab,1993,male,97,0,0,0,29,0,0,0,0,29
TR93,bristol_bay,red_king_crab,1993,male,98,0,0,0,38,0,0,0,0,38
TR93,bristol_bay,red_king_crab,1993,male,99,0,0,0,57,1,0,0,0,58
TR93,bristol_bay,red_king_crab,1993,male,100,0,0,0,46,0,0,0,0,46
TR93,bristol_bay,red_king_crab,1993,male,101,0,0,0,64,1,1,0,0,66
TR93,bristol_bay,red_king_crab,1993,male,102,0,0,0,68,2,0,0,0,70
TR93,bristol_bay,red_king_crab,1993,male,103,0,0,0,64,0,0,0,0,64
TR93,bristol_bay,red_king_crab,1993,male,104,0,0,0,85,1,0,0,0,86
TR93,bristol_bay,red_king_crab,1993,male,105,0,0,0,87,2,0,0,0,89
TR93,bristol_bay,red_king_crab,1993,male,106,0,0,0,82,0,0,0,0,82
TR93,bristol_bay,red_king_crab,1993,male,107,0,0,0,77,0,0,0,0,77
TR93,bristol_bay,red_king_crab,1993,male,108,0,0,0,99,2,0,0,0,101
TR93,bristol_bay,red_king_crab,1993,male,109,0,0,0,100,5,0,0,0,105
TR93,bristol_bay,red_king_crab,1993,male,110,0,0,0,117,2,0,0,0,119
TR93,bristol_bay,red_king_crab,1993,male,111,0,0,0,120,4,0,0,0,124
TR93,bristol_bay,red_king_crab,1993,male,112,0,0,0,135,5,0,0,0,140
TR93,bristol_bay,red_king_crab,1993,male,113,0,0,0,113,4,0,0,0,117
TR93,bristol_bay,red_king_crab,1993,male,114,0,0,0,125,2,0,0,0,127
TR93,bristol_bay,red_king_crab,1993,male,115,0,0,0,175,5,0,0,0,180
TR93,bristol_bay,red_king_crab,1993,male,116,0,0,0,146,2,0,0,0,148
TR93,bristol_bay,red_king_crab,1993,male,117,0,0,0,116,2,0,0,0,118
TR93,bristol_bay,red_king_crab,1993,male,118,0,0,0,185,5,0,0,0,190
TR93,bristol_bay,red_king_crab,1993,male,119,0,0,0,138,2,0,0,0,140
TR93,bristol_bay,red_king_crab,1993,male,120,0,0,0,176,15,1,0,0,192
TR93,bristol_bay,red_king_crab,1993,male,121,0,0,0,163,6,1,0,1,171
TR93,bristol_bay,red_king_crab,1993,male,122,0,0,0,171,10,0,0,0,181
TR93,bristol_bay,red_king_crab,1993,male,123,0,0,0,164,6,0,0,0,170
TR93,bristol_bay,red_king_crab,1993,male,124,0,0,0,172,12,0,0,0,184
TR93,bristol_bay,red_king_crab,1993,male,125,0,0,0,185,8,0,0,0,193
TR93,bristol_bay,red_king_crab,1993,male,126,0,0,0,172,5,0,0,0,177
TR93,bristol_bay,red_king_crab,1993,male,127,0,0,0,161,6,0,0,0,167
TR93,bristol_bay,red_king_crab,1993,male,128,0,0,0,190,10,0,0,0,200
TR93,bristol_bay,red_king_crab,1993,male,129,0,0,0,143,6,1,0,0,150
TR93,bristol_bay,red_king_crab,1993,male,130,0,0,0,215,10,0,0,0,225
TR93,bristol_bay,red_king_crab,1993,male,131,0,0,0,214,11,1,0,0,226
TR93,bristol_bay,red_king_crab,1993,male,132,0,1,0,219,10,2,0,0,232
TR93,bristol_bay,red_king_crab,1993,male,133,0,0,0,151,13,0,0,0,164
TR93,bristol_bay,red_king_crab,1993,male,134,0,0,0,202,11,0,0,0,213
TR93,bristol_bay,red_king_crab,1993,male,135,0,1,0,223,6,2,0,0,232
TR93,bristol_bay,red_king_crab,1993,male,136,0,0,0,155,11,1,0,0,167
TR93,bristol_bay,red_king_crab,1993,male,137,0,0,0,156,8,3,0,0,167
TR93,bristol_bay,red_king_crab,1993,male,138,0,0,0,200,15,0,0,0,215
TR93,bristol_bay,red_king_crab,1993,male,139,0,1,0,171,12,0,0,0,184
TR93,bristol_bay,red_king_crab,1993,male,140,0,0,0,178,13,0,0,0,191
TR93,bristol_bay,red_king_crab,1993,male,141,0,0,0,162,14,2,0,0,178
TR93,bristol_bay,red_king_crab,1993,male,142,0,0,0,181,11,2,0,0,194
TR93,bristol_bay,red_king_crab,1993,male,143,0,0,0,159,6,2,0,0,167
TR93,bristol_bay,red_king_crab,1993,male,144,0,0,0,172,17,1,0,0,190
TR93,bristol_bay,red_king_crab,1993,male,145,0,0,0,150,17,0,0,0,167
TR93,bristol_bay,red_king_crab,1993,male,146,0,1,0,136,13,2,0,0,152
TR93,bristol_bay,red_king_crab,1993,male,147,0,0,0,128,14,0,0,0,142
TR93,bristol_bay,red_king_crab,1993,male,148,0,0,0,117,23,4,0,0,144
TR93,bristol_bay,red_king_crab,1993,male,149,0,0,0,114,17,1,0,0,132
TR93,bristol_bay,red_king_crab,1993,male,150,0,0,0,138,30,5,0,0,173
TR93,bristol_bay,red_king_crab,1993,male,151,0,0,0,110,24,3,0,0,137
TR93,bristol_bay,red_king_crab,1993,male,152,0,0,0,115,32,2,0,0,149
TR93,bristol_bay,red_king_crab,1993,male,153,0,0,0,83,15,6,0,0,104
TR93,bristol_bay,red_king_crab,1993,male,154,0,0,0,103,23,8,0,0,134
TR93,bristol_bay,red_king_crab,1993,male,155,0,2,0,97,29,4,0,0,132
TR93,bristol_bay,red_king_crab,1993,male,156,0,0,0,64,24,3,0,0,91
TR93,bristol_bay,red_king_crab,1993,male,157,0,0,0,66,21,9,0,0,96
TR93,bristol_bay,red_king_crab,1993,male,158,0,0,0,77,35,6,0,0,118
TR93,bristol_bay,red_king_crab,1993,male,159,0,0,0,62,21,2,0,0,85
TR93,bristol_bay,red_king_crab,1993,male,160,0,0,0,51,31,3,0,0,85
TR93,bristol_bay,red_king_crab,1993,male,161,0,0,0,57,24,4,0,0,85
TR93,bristol_bay,red_king_crab,1993,male,162,0,0,0,57,19,7,0,0,83
TR93,bristol_bay,red_king_crab,1993,male,163,0,0,0,48,31,5,0,0,84
TR93,bristol_bay,red_king_crab,1993,male,164,0,0,0,40,25,3,0,0,68
TR93,bristol_bay,red_king_crab,1993,male,165,0,1,0,42,27,6,0,0,76
TR93,bristol_bay,red_king_crab,1993,male,166,0,0,0,42,22,4,0,0,68
TR93,bristol_bay,red_king_crab,1993,male,167,0,0,0,28,8,2,0,0,38
TR93,bristol_bay,red_king_crab,1993,male,168,0,0,0,39,18,8,0,0,65
TR93,bristol_bay,red_king_crab,1993,male,169,0,0,0,19,16,4,0,0,39
TR93,bristol_bay,red_king_crab,1993,male,170,0,0,0,30,11,2,0,0,43
TR93,bristol_bay,red_king_crab,1993,male,171,0,0,0,29,18,7,0,0,54
TR93,bristol_bay,red_king_crab,1993,male,172,0,0,0,17,15,5,0,0,37
TR93,bristol_bay,red_king_crab,1993,male,173,0,0,0,7,6,1,0,0,14
TR93,bristol_bay,red_king_crab,1993,male,174,0,0,0,6,5,2,0,0,13
TR93,bristol_bay,red_king_crab,1993,male,175,0,0,0,17,5,4,0,0,26
TR93,bristol_bay,red_king_crab,1993,male,176,0,0,0,4,2,2,0,0,8
TR93,bristol_bay,red_king_crab,1993,male,177,0,0,0,10,4,5,0,0,19
TR93,bristol_bay,red_king_crab,1993,male,178,0,0,0,5,3,1,0,0,9
TR93,bristol_bay,red_king_crab,1993,male,179,0,0,0,9,2,0,0,0,11
TR93,bristol_bay,red_king_crab,1993,male,180,0,0,0,2,3,0,0,0,5
TR93,bristol_bay,red_king_crab,1993,male,181,0,0,0,2,0,0,0,0,2
TR93,bristol_bay,red_king_crab,1993,male,183,0,0,0,0,0,1,0,0,1
TR93,bristol_bay,red_king_crab,1993,male,184,0,0,0,0,2,0,0,0,2
TR93,bristol_bay,red_king_crab,1993,male,185,0,0,0,2,0,0,0,0,2
TR93,bristol_bay,red_king_crab,1993,male,186,0,0,0,2,0,0,0,0,2
TR93,bristol_bay,red_king_crab,1993,male,188,0,0,0,0,1,0,0,0,1
TR93,bristol_bay,red_king_crab,1993,female,48,0,0,0,1,0,0,0,0,1
TR93,bristol_bay,red_king_crab,1993,female,61,0,0,0,1,0,0,0,0,1
TR93,bristol_bay,red_king_crab,1993,female,66,0,0,0,2,0,0,0,0,2
TR93,bristol_bay,red_king_crab,1993,female,67,0,0,0,1,0,0,0,0,1
TR93,bristol_bay,red_king_crab,1993,female,68,0,0,0,2,0,0,0,0,2
TR93,bristol_bay,red_king_crab,1993,female,69,0,0,0,3,0,0,0,0,3
TR93,bristol_bay,red_king_crab,1993,female,70,0,0,0,2,0,0,0,0,2
TR93,bristol_bay,red_king_crab,1993,female,71,0,0,0,3,0,0,0,0,3
TR93,bristol_bay,red_king_crab,1993,female,72,0,0,0,3,0,0,0,0,3
TR93,bristol_bay,red_king_crab,1993,female,73,0,0,0,3,0,0,0,0,3
TR93,bristol_bay,red_king_crab,1993,female,74,0,0,0,3,0,0,0,0,3
TR93,bristol_bay,red_king_crab,1993,female,75,0,0,0,8,0,0,0,0,8
TR93,bristol_bay,red_king_crab,1993,female,76,0,0,0,4,0,0,0,0,4
TR93,bristol_bay,red_king_crab,1993,female,77,0,0,0,2,0,0,0,0,2
TR93,bristol_bay,red_king_crab,1993,female,78,0,0,0,7,0,0,0,0,7
TR93,bristol_bay,red_king_crab,1993,female,79,0,0,0,5,0,0,0,0,5
TR93,bristol_bay,red_king_crab,1993,female,80,0,0,0,6,0,0,0,0,6
TR93,bristol_bay,red_king_crab,1993,female,81,0,0,0,6,0,0,0,0,6
TR93,bristol_bay,red_king_crab,1993,female,82,0,0,0,10,0,0,0,0,10
TR93,bristol_bay,red_king_crab,1993,female,83,0,0,0,6,0,0,0,0,6
TR93,bristol_bay,red_king_crab,1993,female,84,0,0,0,7,0,0,0,0,7
TR93,bristol_bay,red_king_crab,1993,female,85,0,0,0,10,0,0,0,0,10
TR93,bristol_bay,red_king_crab,1993,female,86,0,0,0,9,0,0,0,0,9
TR93,bristol_bay,red_king_crab,1993,female,87,0,0,0,17,0,0,0,0,17
TR93,bristol_bay,red_king_crab,1993,female,88,0,0,0,20,0,1,0,0,21
TR93,bristol_bay,red_king_crab,1993,female,89,0,0,0,20,0,0,0,0,20
TR93,bristol_bay,red_king_crab,1993,female,90,0,0,0,24,0,0,0,0,24
TR93,bristol_bay,red_king_crab,1993,female,91,0,0,0,35,0,0,0,0,35
TR93,bristol_bay,red_king_crab,1993,female,92,0,0,0,26,0,0,0,0,26
TR93,bristol_bay,red_king_crab,1993,female,93,0,0,0,41,0,0,0,0,41
TR93,bristol_bay,red_king_crab,1993,female,94,0,0,0,68,0,0,0,0,68
TR93,bristol_bay,red_king_crab,1993,female,95,0,0,0,89,1,0,0,0,90
TR93,bristol_bay,red_king_crab,1993,female,96,0,0,0,103,0,0,0,0,103
TR93,bristol_bay,red_king_crab,1993,female,97,0,0,0,116,0,0,0,0,116
TR93,bristol_bay,red_king_crab,1993,female,98,0,0,0,153,0,0,0,0,153
TR93,bristol_bay,red_king_crab,1993,female,99,0,0,0,139,0,0,0,0,139
TR93,bristol_bay,red_king_crab,1993,female,100,0,0,0,199,0,0,0,0,199
TR93,bristol_bay,red_king_crab,1993,female,101,0,0,0,179,0,0,0,0,179
TR93,bristol_bay,red_king_crab,1993,female,102,0,0,0,179,0,0,0,0,179
TR93,bristol_bay,red_king_crab,1993,female,103,0,0,0,190,0,0,0,0,190
TR93,bristol_bay,red_king_crab,1993,female,104,0,0,0,202,1,0,0,0,203
TR93,bristol_bay,red_king_crab,1993,female,105,0,0,0,181,0,0,0,0,181
TR93,bristol_bay,red_king_crab,1993,female,106,0,0,0,168,0,0,0,0,168
TR93,bristol_bay,red_king_crab,1993,female,107,0,0,0,159,0,0,0,0,159
TR93,bristol_bay,red_king_crab,1993,female,108,0,0,0,182,0,0,0,0,182
TR93,bristol_bay,red_king_crab,1993,female,109,0,0,0,168,0,0,0,0,168
TR93,bristol_bay,red_king_crab,1993,female,110,0,0,0,136,0,0,0,0,136
TR93,bristol_bay,red_king_crab,1993,female,111,0,0,0,165,0,0,0,0,165
TR93,bristol_bay,red_king_crab,1993,female,112,0,0,0,162,0,0,0,0,162
TR93,bristol_bay,red_king_crab,1993,female,113,0,0,0,109,0,0,0,0,109
TR93,bristol_bay,red_king_crab,1993,female,114,0,0,0,104,1,0,0,0,105
TR93,bristol_bay,red_king_crab,1993,female,115,0,0,0,120,0,0,0,0,120
TR93,bristol_bay,red_king_crab,1993,female,116,0,0,0,106,0,0,0,0,106
TR93,bristol_bay,red_king_crab,1993,female,117,0,0,0,116,0,0,0,0,116
TR93,bristol_bay,red_king_crab,1993,female,118,0,0,0,105,0,0,0,0,105
TR93,bristol_bay,red_king_crab,1993,female,119,0,0,0,91,0,0,0,0,91
TR93,bristol_bay,red_king_crab,1993,female,120,0,0,0,106,0,0,0,0,106
TR93,bristol_bay,red_king_crab,1993,female,121,0,0,0,110,0,0,0,0,110
TR93,bristol_bay,red_king_crab,1993,female,122,0,0,0,106,0,0,0,0,106
TR93,bristol_bay,red_king_crab,1993,female,123,0,0,0,79,0,0,0,0,79
TR93,bristol_bay,red_king_crab,1993,female,124,0,0,0,106,0,0,0,0,106
TR93,bristol_bay,red_king_crab,1993,female,125,0,0,0,107,0,0,0,0,107
TR93,bristol_bay,red_king_crab,1993,female,126,0,0,0,108,0,0,0,0,108
TR93,bristol_bay,red_king_crab,1993,female,127,0,0,0,88,0,0,0,0,88
TR93,bristol_bay,red_king_crab,1993,female,128,0,0,0,90,0,0,0,0,90
TR93,bristol_bay,red_king_crab,1993,female,129,0,0,0,102,1,0,0,0,103
TR93,bristol_bay,red_king_crab,1993,female,130,0,0,0,89,1,0,0,0,90
TR93,bristol_bay,red_king_crab,1993,female,131,0,0,0,103,0,0,0,0,103
TR93,bristol_bay,red_king_crab,1993,female,132,0,0,0,103,0,0,0,0,103
TR93,bristol_bay,red_king_crab,1993,female,133,0,0,0,75,1,0,0,0,76
TR93,bristol_bay,red_king_crab,1993,female,134,0,0,0,68,0,0,0,0,68
TR93,bristol_bay,red_king_crab,1993,female,135,0,0,0,66,0,0,0,0,66
TR93,bristol_bay,red_king_crab,1993,female,136,0,0,0,61,0,0,0,0,61
TR93,bristol_bay,red_king_crab,1993,female,137,0,0,0,50,0,0,0,0,50
TR93,bristol_bay,red_king_crab,1993,female,138,0,0,0,40,0,0,0,0,40
TR93,bristol_bay,red_king_crab,1993,female,139,0,0,0,41,0,0,0,0,41
TR93,bristol_bay,red_king_crab,1993,female,140,0,0,0,46,0,0,0,0,46
TR93,bristol_bay,red_king_crab,1993,female,141,0,0,0,48,0,0,0,0,48
TR93,bristol_bay,red_king_crab,1993,female,142,0,0,0,24,0,0,0,0,24
TR93,bristol_bay,red_king_crab,1993,female,143,0,0,0,19,0,0,0,0,19
TR93,bristol_bay,red_king_crab,1993,female,144,0,0,0,21,0,0,0,0,21
TR93,bristol_bay,red_king_crab,1993,female,145,0,0,0,23,1,0,0,0,24
TR93,bristol_bay,red_king_crab,1993,female,146,0,0,0,15,0,0,0,0,15
TR93,bristol_bay,red_king_crab,1993,female,147,0,0,0,11,0,0,0,0,11
TR93,bristol_bay,red_king_crab,1993,female,148,0,0,0,12,0,0,0,0,12
TR93,bristol_bay,red_king_crab,1993,female,149,0,0,0,7,0,0,0,0,7
TR93,bristol_bay,red_king_crab,1993,female,150,0,0,0,11,0,0,0,0,11
TR93,bristol_bay,red_king_crab,1993,female,151,0,0,0,7,0,0,0,0,7
TR93,bristol_bay,red_king_crab,1993,female,152,0,0,0,6,0,0,0,0,6
TR93,bristol_bay,red_king_crab,1993,female,153,0,0,0,4,0,0,0,0,4
TR93,bristol_bay,red_king_crab,1993,female,154,0,0,0,1,0,0,0,0,1
TR93,bristol_bay,red_king_crab,1993,female,155,0,0,0,1,0,0,0,0,1
TR93,bristol_bay,red_king_crab,1993,female,156,0,0,0,1,0,0,0,0,1
TR93,bristol_bay,red_king_crab,1993,female,157,0,0,0,1,0,0,0,0,1
TR93,bristol_bay,red_king_crab,1993,female,159,0,0,0,1,0,0,0,0,1
TR93,bristol_bay,red_king_crab,1993,female,160,0,0,0,2,0,0,0,0,2
TR93,bristol_bay,red_king_crab,1993,female,161,0,0,0,1,0,0,0,0,1
TR93,bristol_bay,red_king_crab,1993,female,164,0,0,0,2,0,0,0,0,2
TR96,bristol_bay,red_king_crab,1996,male,81,0,0,0,1,0,0,0,0,1
TR96,bristol_bay,red_king_crab,1996,male,83,0,0,0,2,0,0,0,0,2
TR96,bristol_bay,red_king_crab,1996,male,85,0,0,0,2,0,0,0,0,2
TR96,bristol_bay,red_king_crab,1996,male,86,0,0,0,1,0,0,0,0,1
TR96,bristol_bay,red_king_crab,1996,male,87,0,0,0,1,0,0,0,0,1
TR96,bristol_bay,red_king_crab,1996,male,88,0,0,0,4,0,0,0,0,4
TR96,bristol_bay,red_king_crab,1996,male,89,0,0,0,4,0,0,0,0,4
TR96,bristol_bay,red_king_crab,1996,male,90,0,0,0,4,0,0,0,0,4
TR96,bristol_bay,red_king_crab,1996,male,91,0,0,0,4,0,0,0,0,4
TR96,bristol_bay,red_king_crab,1996,male,92,0,0,0,4,0,0,0,0,4
TR96,bristol_bay,red_king_crab,1996,male,93,0,0,0,3,0,0,0,0,3
TR96,bristol_bay,red_king_crab,1996,male,94,0,0,0,4,0,0,0,0,4
TR96,bristol_bay,red_king_crab,1996,male,95,0,0,0,6,0,0,0,0,6
TR96,bristol_bay,red_king_crab,1996,male,96,0,0,0,6,0,0,0,0,6
TR96,bristol_bay,red_king_crab,1996,male,97,0,0,0,1,0,0,0,0,1
TR96,bristol_bay,red_king_crab,1996,male,98,0,0,0,3,0,0,0,0,3
TR96,bristol_bay,red_king_crab,1996,male,99,0,0,0,1,0,0,0,0,1
TR96,bristol_bay,red_king_crab,1996,male,100,0,0,0,1,0,0,0,0,1
TR96,bristol_bay,red_king_crab,1996,male,101,0,0,0,3,0,0,0,0,3
TR96,bristol_bay,red_king_crab,1996,male,102,0,0,0,2,0,0,0,0,2
TR96,bristol_bay,red_king_crab,1996,male,103,0,0,0,1,0,0,0,0,1
TR96,bristol_bay,red_king_crab,1996,male,105,0,0,0,2,0,0,0,0,2
TR96,bristol_bay,red_king_crab,1996,male,106,0,0,0,1,0,0,0,0,1
TR96,bristol_bay,red_king_crab,1996,male,107,0,0,0,1,0,0,0,0,1
TR96,bristol_bay,red_king_crab,1996,male,108,0,0,0,3,0,0,0,0,3
TR96,bristol_bay,red_king_crab,1996,male,109,0,0,0,4,0,0,0,0,4
TR96,bristol_bay,red_king_crab,1996,male,110,0,0,0,3,0,0,0,0,3
TR96,bristol_bay,red_king_crab,1996,male,111,0,0,0,2,0,0,0,0,2
TR96,bristol_bay,red_king_crab,1996,male,112,0,0,0,5,0,0,0,0,5
TR96,bristol_bay,red_king_crab,1996,male,113,0,0,0,2,0,0,0,0,2
TR96,bristol_bay,red_king_crab,1996,male,114,0,0,0,4,0,0,0,0,4
TR96,bristol_bay,red_king_crab,1996,male,115,0,0,0,2,0,0,0,0,2
TR96,bristol_bay,red_king_crab,1996,male,116,0,0,0,3,0,0,0,0,3
TR96,bristol_bay,red_king_crab,1996,male,117,0,0,0,6,0,0,0,0,6
TR96,bristol_bay,red_king_crab,1996,male,118,0,0,0,2,0,0,0,0,2
TR96,bristol_bay,red_king_crab,1996,male,119,0,0,0,1,0,0,0,0,1
TR96,bristol_bay,red_king_crab,1996,male,120,0,0,0,3,0,0,0,0,3
TR96,bristol_bay,red_king_crab,1996,male,121,0,0,0,6,0,0,0,0,6
TR96,bristol_bay,red_king_crab,1996,male,122,0,0,0,5,0,0,0,0,5
TR96,bristol_bay,red_king_crab,1996,male,123,0,0,0,2,0,0,0,0,2
TR96,bristol_bay,red_king_crab,1996,male,124,0,0,0,7,0,0,0,0,7
TR96,bristol_bay,red_king_crab,1996,male,125,0,0,0,5,0,0,0,0,5
TR96,bristol_bay,red_king_crab,1996,male,126,0,0,0,4,1,0,0,0,5
TR96,bristol_bay,red_king_crab,1996,male,127,0,0,0,6,1,0,0,0,7
TR96,bristol_bay,red_king_crab,1996,male,128,0,0,0,7,1,0,0,0,8
TR96,bristol_bay,red_king_crab,1996,male,129,0,0,0,8,1,0,0,0,9
TR96,bristol_bay,red_king_crab,1996,male,130,0,0,0,8,0,0,0,0,8
TR96,bristol_bay,red_king_crab,1996,male,131,0,0,0,13,1,0,0,0,14
TR96,bristol_bay,red_king_crab,1996,male,132,0,0,0,11,1,0,0,0,12
TR96,bristol_bay,red_king_crab,1996,male,133,0,0,0,9,0,0,0,0,9
TR96,bristol_bay,red_king_crab,1996,male,134,0,0,0,12,1,0,0,0,13
TR96,bristol_bay,red_king_crab,1996,male,135,0,0,0,15,2,0,0,0,17
TR96,bristol_bay,red_king_crab,1996,male,136,0,0,0,9,1,0,0,0,10
TR96,bristol_bay,red_king_crab,1996,male,137,0,0,0,8,2,0,0,0,10
TR96,bristol_bay,red_king_crab,1996,male,138,0,0,0,13,2,0,0,0,15
TR96,bristol_bay,red_king_crab,1996,male,139,0,0,0,9,2,0,0,0,11
TR96,bristol_bay,red_king_crab,1996,male,140,0,0,0,9,0,0,0,0,9
TR96,bristol_bay,red_king_crab,1996,male,141,0,0,0,11,0,0,0,0,11
TR96,bristol_bay,red_king_crab,1996,male,142,0,0,0,10,1,0,0,0,11
TR96,bristol_bay,red_king_crab,1996,male,143,0,0,0,11,1,0,0,0,12
TR96,bristol_bay,red_king_crab,1996,male,144,0,0,0,12,2,0,0,0,14
TR96,bristol_bay,red_king_crab,1996,male,145,0,0,0,13,3,0,0,0,16
TR96,bristol_bay,red_king_crab,1996,male,146,0,0,0,17,3,0,0,0,20
TR96,bristol_bay,red_king_crab,1996,male,147,0,0,0,13,2,1,0,0,16
TR96,bristol_bay,red_king_crab,1996,male,148,0,0,0,9,4,0,0,0,13
TR96,bristol_bay,red_king_crab,1996,male,149,0,0,0,14,3,0,0,0,17
TR96,bristol_bay,red_king_crab,1996,male,150,0,0,0,11,3,0,0,0,14
TR96,bristol_bay,red_king_crab,1996,male,151,0,0,0,14,0,0,0,0,14
TR96,bristol_bay,red_king_crab,1996,male,152,0,0,0,8,3,0,0,0,11
TR96,bristol_bay,red_king_crab,1996,male,153,0,0,0,11,5,1,0,0,17
TR96,bristol_bay,red_king_crab,1996,male,154,0,0,0,18,6,0,0,0,24
TR96,bristol_bay,red_king_crab,1996,male,155,0,0,0,13,1,0,0,0,14
TR96,bristol_bay,red_king_crab,1996,male,156,0,0,0,12,4,0,0,0,16
TR96,bristol_bay,red_king_crab,1996,male,157,0,0,0,8,2,0,0,0,10
TR96,bristol_bay,red_king_crab,1996,male,158,0,0,0,7,1,1,0,0,9
TR96,bristol_bay,red_king_crab,1996,male,159,0,0,0,6,3,0,0,0,9
TR96,bristol_bay,red_king_crab,1996,male,160,0,0,0,9,3,0,0,0,12
TR96,bristol_bay,red_king_crab,1996,male,161,0,0,0,6,3,0,0,0,9
TR96,bristol_bay,red_king_crab,1996,male,162,0,0,0,4,5,0,0,0,9
TR96,bristol_bay,red_king_crab,1996,male,163,0,0,0,7,3,1,0,0,11
TR96,bristol_bay,red_king_crab,1996,male,164,0,0,0,5,3,0,0,0,8
TR96,bristol_bay,red_king_crab,1996,male,165,0,0,0,4,2,2,0,0,8
TR96,bristol_bay,red_king_crab,1996,male,166,0,0,0,1,0,0,0,0,1
TR96,bristol_bay,red_king_crab,1996,male,167,0,0,0,1,1,0,0,0,2
TR96,bristol_bay,red_king_crab,1996,male,168,0,0,0,2,1,0,0,0,3
TR96,bristol_bay,red_king_crab,1996,male,169,0,0,0,6,4,0,0,0,10
TR96,bristol_bay,red_king_crab,1996,male,170,0,0,0,1,1,0,0,0,2
TR96,bristol_bay,red_king_crab,1996,male,171,0,0,0,1,1,0,0,0,2
TR96,bristol_bay,red_king_crab,1996,male,172,0,0,0,0,2,0,0,0,2
TR96,bristol_bay,red_king_crab,1996,male,173,0,0,0,3,3,0,0,0,6
TR96,bristol_bay,red_king_crab,1996,male,176,0,0,0,0,1,0,0,0,1
TR96,bristol_bay,red_king_crab,1996,male,177,0,0,0,2,0,0,0,0,2
TR96,bristol_bay,red_king_crab,1996,male,178,0,0,0,1,0,0,0,0,1
TR96,bristol_bay,red_king_crab,1996,male,186,0,0,0,0,1,0,0,0,1
TR96,bristol_bay,red_king_crab,1996,female,81,0,0,0,1,0,0,0,0,1
TR96,bristol_bay,red_king_crab,1996,female,85,0,0,0,1,0,0,0,0,1
TR96,bristol_bay,red_king_crab,1996,female,86,0,0,0,1,0,0,0,0,1
TR96,bristol_bay,red_king_crab,1996,female,87,0,0,0,2,0,0,0,0,2
TR96,bristol_bay,red_king_crab,1996,female,88,0,0,0,1,0,0,0,0,1
TR96,bristol_bay,red_king_crab,1996,female,89,0,0,0,2,0,0,0,0,2
TR96,bristol_bay,red_king_crab,1996,female,90,0,0,0,1,0,0,0,0,1
TR96,bristol_bay,red_king_crab,1996,female,91,0,0,0,2,0,0,0,0,2
TR97,bristol_bay,red_king_crab,1997,male,72,0,0,0,1,0,0,0,0,1
TR97,bristol_bay,red_king_crab,1997,male,75,0,0,0,1,0,0,0,0,1
TR97,bristol_bay,red_king_crab,1997,male,76,0,0,0,1,0,0,0,0,1
TR97,bristol_bay,red_king_crab,1997,male,81,0,0,0,1,0,0,0,0,1
TR97,bristol_bay,red_king_crab,1997,male,84,0,0,0,2,0,0,0,0,2
TR97,bristol_bay,red_king_crab,1997,male,85,0,0,0,1,0,0,0,0,1
TR97,bristol_bay,red_king_crab,1997,male,87,0,0,0,2,0,0,0,0,2
TR97,bristol_bay,red_king_crab,1997,male,89,0,0,0,3,0,0,0,0,3
TR97,bristol_bay,red_king_crab,1997,male,90,0,0,0,14,0,0,0,0,14
TR97,bristol_bay,red_king_crab,1997,male,91,0,0,0,10,0,0,0,0,10
TR97,bristol_bay,red_king_crab,1997,male,92,0,0,0,13,0,0,0,0,13
TR97,bristol_bay,red_king_crab,1997,male,93,0,0,0,20,0,0,0,0,20
TR97,bristol_bay,red_king_crab,1997,male,94,0,0,0,24,0,0,0,0,24
TR97,bristol_bay,red_king_crab,1997,male,95,0,0,0,28,0,0,0,0,28
TR97,bristol_bay,red_king_crab,1997,male,96,0,0,0,37,0,0,0,0,37
TR97,bristol_bay,red_king_crab,1997,male,97,0,0,0,38,1,0,0,0,39
TR97,bristol_bay,red_king_crab,1997,male,98,0,0,0,66,0,0,0,0,66
TR97,bristol_bay,red_king_crab,1997,male,99,0,0,0,57,0,0,0,0,57
TR97,bristol_bay,red_king_crab,1997,male,100,0,0,0,65,0,0,0,0,65
TR97,bristol_bay,red_king_crab,1997,male,101,0,0,0,63,2,0,0,0,65
TR97,bristol_bay,red_king_crab,1997,male,102,0,0,0,107,0,0,0,0,107
TR97,bristol_bay,red_king_crab,1997,male,103,0,0,0,100,0,0,0,0,100
TR97,bristol_bay,red_king_crab,1997,male,104,0,0,0,110,0,0,0,0,110
TR97,bristol_bay,red_king_crab,1997,male,105,0,0,0,112,1,0,0,0,113
TR97,bristol_bay,red_king_crab,1997,male,106,0,0,0,115,0,0,0,1,116
TR97,bristol_bay,red_king_crab,1997,male,107,0,0,0,83,2,0,0,1,86
TR97,bristol_bay,red_king_crab,1997,male,108,0,0,0,107,1,0,0,1,109
TR97,bristol_bay,red_king_crab,1997,male,109,0,0,0,94,2,0,0,0,96
TR97,bristol_bay,red_king_crab,1997,male,110,0,0,0,109,1,0,0,1,111
TR97,bristol_bay,red_king_crab,1997,male,111,0,0,0,108,0,0,0,2,110
TR97,bristol_bay,red_king_crab,1997,male,112,0,0,0,124,2,0,0,1,127
TR97,bristol_bay,red_king_crab,1997,male,113,0,0,0,93,1,0,0,0,94
TR97,bristol_bay,red_king_crab,1997,male,114,0,0,0,91,2,0,0,0,93
TR97,bristol_bay,red_king_crab,1997,male,115,0,0,0,90,2,0,0,0,92
TR97,bristol_bay,red_king_crab,1997,male,116,0,0,0,93,2,0,0,1,96
TR97,bristol_bay,red_king_crab,1997,male,117,0,0,0,80,2,0,0,0,82
TR97,bristol_bay,red_king_crab,1997,male,118,0,0,0,84,1,0,0,0,85
TR97,bristol_bay,red_king_crab,1997,male,119,0,0,0,65,2,0,0,1,68
TR97,bristol_bay,red_king_crab,1997,male,120,0,0,0,90,0,1,0,0,91
TR97,bristol_bay,red_king_crab,1997,male,121,0,0,0,67,4,0,0,0,71
TR97,bristol_bay,red_king_crab,1997,male,122,0,0,0,72,2,0,0,0,74
TR97,bristol_bay,red_king_crab,1997,male,123,0,0,0,74,2,0,0,0,76
TR97,bristol_bay,red_king_crab,1997,male,124,0,0,0,95,3,0,0,1,99
TR97,bristol_bay,red_king_crab,1997,male,125,0,0,0,87,2,0,0,0,89
TR97,bristol_bay,red_king_crab,1997,male,126,0,0,0,98,9,1,0,4,112
TR97,bristol_bay,red_king_crab,1997,male,127,0,0,0,76,6,0,0,1,83
TR97,bristol_bay,red_king_crab,1997,male,128,0,0,0,107,5,0,0,0,112
TR97,bristol_bay,red_king_crab,1997,male,129,0,0,0,117,8,0,0,2,127
TR97,bristol_bay,red_king_crab,1997,male,130,0,0,0,114,11,1,0,0,126
TR97,bristol_bay,red_king_crab,1997,male,131,0,0,0,130,7,0,0,0,137
TR97,bristol_bay,red_king_crab,1997,male,132,0,0,0,145,9,1,0,1,156
TR97,bristol_bay,red_king_crab,1997,male,133,0,0,0,107,7,0,0,0,114
TR97,bristol_bay,red_king_crab,1997,male,134,0,0,0,159,8,0,0,2,169
TR97,bristol_bay,red_king_crab,1997,male,135,0,0,0,181,10,1,0,0,192
TR97,bristol_bay,red_king_crab,1997,male,136,0,0,0,119,10,2,0,0,131
TR97,bristol_bay,red_king_crab,1997,male,137,0,0,0,163,18,1,0,0,182
TR97,bristol_bay,red_king_crab,1997,male,138,0,0,0,162,6,3,0,1,172
TR97,bristol_bay,red_king_crab,1997,male,139,0,0,0,149,7,0,0,0,156
TR97,bristol_bay,red_king_crab,1997,male,140,0,0,0,182,12,0,0,2,196
TR97,bristol_bay,red_king_crab,1997,male,141,0,0,0,164,9,2,0,1,176
TR97,bristol_bay,red_king_crab,1997,male,142,0,0,0,167,9,2,0,1,179
TR97,bristol_bay,red_king_crab,1997,male,143,0,0,0,186,11,7,0,2,206
TR97,bristol_bay,red_king_crab,1997,male,144,0,0,0,163,17,3,0,0,183
TR97,bristol_bay,red_king_crab,1997,male,145,0,0,0,185,16,2,0,2,205
TR97,bristol_bay,red_king_crab,1997,male,146,0,0,0,166,10,2,0,1,179
TR97,bristol_bay,red_king_crab,1997,male,147,0,0,0,188,17,10,0,0,215
TR97,bristol_bay,red_king_crab,1997,male,148,0,0,0,157,18,5,0,1,181
TR97,bristol_bay,red_king_crab,1997,male,149,0,0,0,153,29,6,0,1,189
TR97,bristol_bay,red_king_crab,1997,male,150,0,0,0,187,25,7,0,2,221
TR97,bristol_bay,red_king_crab,1997,male,151,0,0,0,172,28,6,0,0,206
TR97,bristol_bay,red_king_crab,1997,male,152,0,0,0,178,24,7,0,1,210
TR97,bristol_bay,red_king_crab,1997,male,153,0,0,0,154,24,13,0,1,192
TR97,bristol_bay,red_king_crab,1997,male,154,0,0,0,164,25,17,0,2,208
TR97,bristol_bay,red_king_crab,1997,male,155,0,0,0,140,19,11,0,1,171
TR97,bristol_bay,red_king_crab,1997,male,156,0,0,0,166,29,4,0,2,201
TR97,bristol_bay,red_king_crab,1997,male,157,0,0,0,131,21,13,0,0,165
TR97,bristol_bay,red_king_crab,1997,male,158,0,0,0,169,26,11,0,1,207
TR97,bristol_bay,red_king_crab,1997,male,159,0,0,0,102,27,13,0,1,143
TR97,bristol_bay,red_king_crab,1997,male,160,0,0,0,142,20,7,0,0,169
TR97,bristol_bay,red_king_crab,1997,male,161,0,0,0,103,35,9,0,0,147
TR97,bristol_bay,red_king_crab,1997,male,162,0,0,0,111,32,9,0,2,154
TR97,bristol_bay,red_king_crab,1997,male,163,0,0,0,121,18,7,0,0,146
TR97,bristol_bay,red_king_crab,1997,male,164,0,0,0,86,20,15,0,0,121
TR97,bristol_bay,red_king_crab,1997,male,165,0,0,0,86,23,7,0,0,116
TR97,bristol_bay,red_king_crab,1997,male,166,0,0,0,77,7,3,0,0,87
TR97,bristol_bay,red_king_crab,1997,male,167,0,0,0,76,17,12,0,0,105
TR97,bristol_bay,red_king_crab,1997,male,168,0,0,0,69,6,6,0,0,81
TR97,bristol_bay,red_king_crab,1997,male,169,0,0,0,33,10,4,0,0,47
TR97,bristol_bay,red_king_crab,1997,male,170,0,0,0,45,13,3,0,0,61
TR97,bristol_bay,red_king_crab,1997,male,171,0,0,0,33,9,4,0,0,46
TR97,bristol_bay,red_king_crab,1997,male,172,0,0,0,34,9,7,0,0,50
TR97,bristol_bay,red_king_crab,1997,male,173,0,0,0,19,4,3,0,0,26
TR97,bristol_bay,red_king_crab,1997,male,174,0,0,0,14,4,7,0,0,25
TR97,bristol_bay,red_king_crab,1997,male,175,0,0,0,18,3,4,0,0,25
TR97,bristol_bay,red_king_crab,1997,male,176,0,0,0,6,2,2,0,0,10
TR97,bristol_bay,red_king_crab,1997,male,177,0,0,0,3,1,2,0,0,6
TR97,bristol_bay,red_king_crab,1997,male,178,0,0,0,9,1,4,0,0,14
TR97,bristol_bay,red_king_crab,1997,male,179,0,0,0,8,4,1,0,0,13
TR97,bristol_bay,red_king_crab,1997,male,180,0,0,0,1,2,1,0,0,4
TR97,bristol_bay,red_king_crab,1997,male,181,0,0,0,3,0,0,0,0,3
TR97,bristol_bay,red_king_crab,1997,male,182,0,0,0,2,1,1,0,0,4
TR97,bristol_bay,red_king_crab,1997,male,183,0,0,0,0,0,1,0,0,1
TR97,bristol_bay,red_king_crab,1997,male,185,0,0,0,2,1,0,0,0,3
TR97,bristol_bay,red_king_crab,1997,male,186,0,0,0,1,0,0,0,0,1
TR97,bristol_bay,red_king_crab,1997,male,188,0,0,0,0,1,0,0,0,1
TR97,bristol_bay,red_king_crab,1997,male,193,0,0,0,0,0,1,0,0,1
TR97,bristol_bay,red_king_crab,1997,male,195,0,0,0,1,0,0,0,0,1
TR97,bristol_bay,red_king_crab,1997,male,198,0,0,0,1,0,0,0,0,1
TR97,bristol_bay,red_king_crab,1997,female,79,0,0,0,1,0,0,0,0,1
TR97,bristol_bay,red_king_crab,1997,female,81,0,0,0,1,0,0,0,0,1
TR97,bristol_bay,red_king_crab,1997,female,85,0,0,0,2,0,0,0,0,2
TR97,bristol_bay,red_king_crab,1997,female,86,0,0,0,1,0,0,0,0,1
TR97,bristol_bay,red_king_crab,1997,female,87,0,0,0,1,0,0,0,0,1
TR97,bristol_bay,red_king_crab,1997,female,88,0,0,0,4,0,0,0,0,4
TR97,bristol_bay,red_king_crab,1997,female,89,0,0,0,1,0,0,0,0,1
TR97,bristol_bay,red_king_crab,1997,female,90,0,0,0,5,0,0,0,0,5
TR97,bristol_bay,red_king_crab,1997,female,91,0,0,0,2,0,0,0,0,2
TR97,bristol_bay,red_king_crab,1997,female,92,0,0,0,7,0,0,0,0,7
TR97,bristol_bay,red_king_crab,1997,female,93,0,0,0,4,0,0,0,0,4
TR97,bristol_bay,red_king_crab,1997,female,94,0,0,0,6,0,0,0,0,6
TR97,bristol_bay,red_king_crab,1997,female,95,0,0,0,8,0,0,0,0,8
TR97,bristol_bay,red_king_crab,1997,female,96,0,0,0,4,0,0,0,0,4
TR97,bristol_bay,red_king_crab,1997,female,97,0,0,0,5,0,0,0,1,6
TR97,bristol_bay,red_king_crab,1997,female,98,0,0,0,9,0,0,0,0,9
TR97,bristol_bay,red_king_crab,1997,female,99,0,0,0,6,0,0,0,0,6
TR97,bristol_bay,red_king_crab,1997,female,100,0,0,0,13,0,0,0,0,13
TR97,bristol_bay,red_king_crab,1997,female,101,0,0,0,8,0,0,0,0,8
TR97,bristol_bay,red_king_crab,1997,female,102,0,0,0,7,0,0,0,0,7
TR97,bristol_bay,red_king_crab,1997,female,103,0,0,0,5,0,0,0,0,5
TR97,bristol_bay,red_king_crab,1997,female,104,0,0,0,9,0,0,0,0,9
TR97,bristol_bay,red_king_crab,1997,female,105,0,0,0,10,0,0,0,0,10
TR97,bristol_bay,red_king_crab,1997,female,106,0,0,0,11,0,0,0,0,11
TR97,bristol_bay,red_king_crab,1997,female,107,0,0,0,9,0,0,0,0,9
TR97,bristol_bay,red_king_crab,1997,female,108,0,0,0,16,0,0,0,0,16
TR97,bristol_bay,red_king_crab,1997,female,109,0,0,0,17,0,0,0,0,17
TR97,bristol_bay,red_king_crab,1997,female,110,0,0,0,19,0,0,0,0,19
TR97,bristol_bay,red_king_crab,1997,female,111,0,0,0,22,0,0,0,0,22
TR97,bristol_bay,red_king_crab,1997,female,112,0,0,0,28,0,0,0,0,28
TR97,bristol_bay,red_king_crab,1997,female,113,0,0,0,24,0,0,0,0,24
TR97,bristol_bay,red_king_crab,1997,female,114,0,0,0,33,0,0,0,0,33
TR97,bristol_bay,red_king_crab,1997,female,115,0,0,0,32,0,0,0,0,32
TR97,bristol_bay,red_king_crab,1997,female,116,0,0,0,24,0,0,0,0,24
TR97,bristol_bay,red_king_crab,1997,female,117,0,0,0,28,0,0,0,0,28
TR97,bristol_bay,red_king_crab,1997,female,118,0,0,0,38,0,0,0,0,38
TR97,bristol_bay,red_king_crab,1997,female,119,0,0,0,29,0,0,0,0,29
TR97,bristol_bay,red_king_crab,1997,female,120,0,0,0,28,0,0,0,0,28
TR97,bristol_bay,red_king_crab,1997,female,121,0,0,0,39,0,0,0,0,39
TR97,bristol_bay,red_king_crab,1997,female,122,0,0,0,19,0,0,0,0,19
TR97,bristol_bay,red_king_crab,1997,female,123,0,0,0,16,0,0,0,1,17
TR97,bristol_bay,red_king_crab,1997,female,124,0,0,0,27,0,0,0,0,27
TR97,bristol_bay,red_king_crab,1997,female,125,0,0,0,16,0,0,0,0,16
TR97,bristol_bay,red_king_crab,1997,female,126,0,0,0,28,0,0,0,0,28
TR97,bristol_bay,red_king_crab,1997,female,127,0,0,0,27,0,0,0,0,27
TR97,bristol_bay,red_king_crab,1997,female,128,0,0,0,17,0,0,0,0,17
TR97,bristol_bay,red_king_crab,1997,female,129,0,0,0,18,0,0,0,0,18
TR97,bristol_bay,red_king_crab,1997,female,130,0,0,0,27,0,0,0,0,27
TR97,bristol_bay,red_king_crab,1997,female,131,0,0,0,18,0,0,0,0,18
TR97,bristol_bay,red_king_crab,1997,female,132,0,0,0,23,0,0,0,0,23
TR97,bristol_bay,red_king_crab,1997,female,133,0,0,0,12,0,0,0,0,12
TR97,bristol_bay,red_king_crab,1997,female,134,0,0,0,18,0,0,0,0,18
TR97,bristol_bay,red_king_crab,1997,female,135,0,0,0,8,0,0,0,0,8
TR97,bristol_bay,red_king_crab,1997,female,136,0,0,0,21,0,0,0,0,21
TR97,bristol_bay,red_king_crab,1997,female,137,0,0,0,4,0,0,0,0,4
TR97,bristol_bay,red_king_crab,1997,female,138,0,0,0,12,0,0,0,0,12
TR97,bristol_bay,red_king_crab,1997,female,139,0,0,0,10,0,0,0,0,10
TR97,bristol_bay,red_king_crab,1997,female,140,0,0,0,5,0,0,0,0,5
TR97,bristol_bay,red_king_crab,1997,female,141,0,0,0,8,0,0,0,0,8
TR97,bristol_bay,red_king_crab,1997,female,142,0,0,0,5,0,0,0,0,5
TR97,bristol_bay,red_king_crab,1997,female,143,0,0,0,10,0,0,0,0,10
TR97,bristol_bay,red_king_crab,1997,female,144,0,0,0,5,0,0,0,0,5
TR97,bristol_bay,red_king_crab,1997,female,145,0,0,0,6,0,0,0,0,6
TR97,bristol_bay,red_king_crab,1997,female,146,0,0,0,6,0,0,0,0,6
TR97,bristol_bay,red_king_crab,1997,female,147,0,0,0,5,0,0,0,0,5
TR97,bristol_bay,red_king_crab,1997,female,148,0,0,0,2,0,0,0,0,2
TR97,bristol_bay,red_king_crab,1997,female,149,0,0,0,3,0,0,0,0,3
TR97,bristol_bay,red_king_crab,1997,female,150,0,0,0,1,0,0,0,0,1
TR97,bristol_bay,red_king_crab,1997,female,151,0,0,0,1,0,0,0,1,2
TR97,bristol_bay,red_king_crab,1997,female,153,0,0,0,1,0,0,0,0,1
TR97,bristol_bay,red_king_crab,1997,female,154,0,0,0,2,0,0,0,0,2
TR97,bristol_bay,red_king_crab,1997,female,156,0,0,0,1,0,0,0,0,1
TR97,bristol_bay,red_king_crab,1997,female,158,0,0,0,1,0,0,0,0,1
TR97,bristol_bay,red_king_crab,1997,female,160,0,0,0,1,0,0,0,0,1
TR97,bristol_bay,red_king_crab,1997,female,162,0,0,0,1,0,0,0,0,1
TR97,bristol_bay,red_king_crab,1997,female,163,0,0,0,1,0,0,0,0,1
TR97,bristol_bay,red_king_crab,1997,female,165,0,0,0,1,0,0,0,0,1
TR98,bristol_bay,red_king_crab,1998,male,65,0,0,0,1,0,0,0,0,1
TR98,bristol_bay,red_king_crab,1998,male,66,0,0,0,1,0,0,0,0,1
TR98,bristol_bay,red_king_crab,1998,male,72,0,0,0,1,0,0,0,0,1
TR98,bristol_bay,red_king_crab,1998,male,73,0,0,0,1,0,0,0,0,1
TR98,bristol_bay,red_king_crab,1998,male,74,0,0,0,3,0,0,0,0,3
TR98,bristol_bay,red_king_crab,1998,male,75,0,0,0,6,0,0,0,0,6
TR98,bristol_bay,red_king_crab,1998,male,77,0,0,0,1,0,0,0,0,1
TR98,bristol_bay,red_king_crab,1998,male,78,0,0,0,1,0,0,0,0,1
TR98,bristol_bay,red_king_crab,1998,male,79,0,0,0,1,0,0,0,0,1
TR98,bristol_bay,red_king_crab,1998,male,80,0,0,0,8,0,0,0,0,8
TR98,bristol_bay,red_king_crab,1998,male,81,0,0,0,6,0,0,0,0,6
TR98,bristol_bay,red_king_crab,1998,male,82,0,0,0,5,0,0,0,0,5
TR98,bristol_bay,red_king_crab,1998,male,83,0,0,0,11,0,0,0,0,11
TR98,bristol_bay,red_king_crab,1998,male,84,0,0,0,21,0,0,0,0,21
TR98,bristol_bay,red_king_crab,1998,male,85,0,0,0,20,0,0,0,0,20
TR98,bristol_bay,red_king_crab,1998,male,86,0,0,0,12,0,0,0,0,12
TR98,bristol_bay,red_king_crab,1998,male,87,0,0,0,15,0,0,0,0,15
TR98,bristol_bay,red_king_crab,1998,male,88,0,0,0,25,0,0,0,0,25
TR98,bristol_bay,red_king_crab,1998,male,89,0,0,0,16,0,0,0,2,18
TR98,bristol_bay,red_king_crab,1998,male,90,0,0,0,25,1,0,0,0,26
TR98,bristol_bay,red_king_crab,1998,male,91,0,0,0,16,1,0,0,0,17
TR98,bristol_bay,red_king_crab,1998,male,92,0,0,0,35,0,0,0,0,35
TR98,bristol_bay,red_king_crab,1998,male,93,0,0,0,27,1,0,0,0,28
TR98,bristol_bay,red_king_crab,1998,male,94,0,0,0,26,0,0,0,0,26
TR98,bristol_bay,red_king_crab,1998,male,95,0,0,0,35,2,0,0,1,38
TR98,bristol_bay,red_king_crab,1998,male,96,0,0,0,19,1,0,0,0,20
TR98,bristol_bay,red_king_crab,1998,male,97,0,0,0,31,0,1,0,0,32
TR98,bristol_bay,red_king_crab,1998,male,98,0,0,0,32,0,0,0,0,32
TR98,bristol_bay,red_king_crab,1998,male,99,0,0,0,15,1,0,0,0,16
TR98,bristol_bay,red_king_crab,1998,male,100,0,0,0,34,2,0,0,0,36
TR98,bristol_bay,red_king_crab,1998,male,101,0,0,0,26,1,0,0,1,28
TR98,bristol_bay,red_king_crab,1998,male,102,0,0,0,49,3,1,0,1,54
TR98,bristol_bay,red_king_crab,1998,male,103,0,0,0,51,1,0,0,1,53
TR98,bristol_bay,red_king_crab,1998,male,104,0,0,0,77,4,0,0,4,85
TR98,bristol_bay,red_king_crab,1998,male,105,0,0,0,83,5,0,0,0,88
TR98,bristol_bay,red_king_crab,1998,male,106,0,0,0,81,2,0,0,1,84
TR98,bristol_bay,red_king_crab,1998,male,107,0,0,0,108,3,2,0,0,113
TR98,bristol_bay,red_king_crab,1998,male,108,0,0,0,148,3,0,0,0,151
TR98,bristol_bay,red_king_crab,1998,male,109,0,0,0,162,5,0,0,1,168
TR98,bristol_bay,red_king_crab,1998,male,110,0,0,0,242,7,0,0,0,249
TR98,bristol_bay,red_king_crab,1998,male,111,0,1,0,217,8,0,0,1,227
TR98,bristol_bay,red_king_crab,1998,male,112,0,0,0,310,6,0,0,2,318
TR98,bristol_bay,red_king_crab,1998,male,113,0,0,0,311,7,0,0,1,319
TR98,bristol_bay,red_king_crab,1998,male,114,0,0,0,322,6,1,0,1,330
TR98,bristol_bay,red_king_crab,1998,male,115,0,0,0,448,14,0,0,2,464
TR98,bristol_bay,red_king_crab,1998,male,116,0,0,0,395,13,0,0,1,409
TR98,bristol_bay,red_king_crab,1998,male,117,0,0,0,432,11,1,0,0,444
TR98,bristol_bay,red_king_crab,1998,male,118,0,0,0,564,9,2,0,1,576
TR98,bristol_bay,red_king_crab,1998,male,119,0,0,0,413,14,0,0,2,429
TR98,bristol_bay,red_king_crab,1998,male,120,0,0,0,691,19,1,0,5,716
TR98,bristol_bay,red_king_crab,1998,male,121,0,0,0,554,14,1,0,1,570
TR98,bristol_bay,red_king_crab,1998,male,122,0,0,0,671,19,1,0,3,694
TR98,bristol_bay,red_king_crab,1998,male,123,0,0,0,632,19,0,0,1,652
TR98,bristol_bay,red_king_crab,1998,male,124,0,0,0,688,21,1,0,1,711
TR98,bristol_bay,red_king_crab,1998,male,125,0,0,0,730,26,1,0,2,759
TR98,bristol_bay,red_king_crab,1998,male,126,0,0,0,694,18,1,0,4,717
TR98,bristol_bay,red_king_crab,1998,male,127,0,0,0,559,26,4,0,1,590
TR98,bristol_bay,red_king_crab,1998,male,128,0,0,0,636,27,2,0,0,665
TR98,bristol_bay,red_king_crab,1998,male,129,0,0,0,512,30,2,0,1,545
TR98,bristol_bay,red_king_crab,1998,male,130,0,0,0,644,34,2,0,2,682
TR98,bristol_bay,red_king_crab,1998,male,131,0,0,0,480,39,1,0,1,521
TR98,bristol_bay,red_king_crab,1998,male,132,0,0,0,556,42,2,0,0,600
TR98,bristol_bay,red_king_crab,1998,male,133,0,0,0,467,31,6,0,1,505
TR98,bristol_bay,red_king_crab,1998,male,134,0,0,0,539,37,3,0,0,579
TR98,bristol_bay,red_king_crab,1998,male,135,0,0,0,490,61,4,0,0,555
TR98,bristol_bay,red_king_crab,1998,male,136,0,0,0,383,48,3,0,0,434
TR98,bristol_bay,red_king_crab,1998,male,137,0,0,0,341,42,1,0,1,385
TR98,bristol_bay,red_king_crab,1998,male,138,0,0,0,353,50,5,0,0,408
TR98,bristol_bay,red_king_crab,1998,male,139,0,0,0,275,48,4,0,3,330
TR98,bristol_bay,red_king_crab,1998,male,140,0,0,0,347,44,3,0,1,395
TR98,bristol_bay,red_king_crab,1998,male,141,0,0,0,240,38,3,0,2,283
TR98,bristol_bay,red_king_crab,1998,male,142,0,0,0,244,47,3,0,0,294
TR98,bristol_bay,red_king_crab,1998,male,143,0,0,0,235,47,5,0,0,287
TR98,bristol_bay,red_king_crab,1998,male,144,0,0,0,228,49,4,0,1,282
TR98,bristol_bay,red_king_crab,1998,male,145,0,0,0,259,43,7,0,1,310
TR98,bristol_bay,red_king_crab,1998,male,146,0,0,0,208,42,8,0,1,259
TR98,bristol_bay,red_king_crab,1998,male,147,0,0,0,198,57,3,0,0,258
TR98,bristol_bay,red_king_crab,1998,male,148,0,0,0,180,59,14,0,0,253
TR98,bristol_bay,red_king_crab,1998,male,149,0,0,0,151,47,7,0,0,205
TR98,bristol_bay,red_king_crab,1998,male,150,0,0,0,229,58,17,0,0,304
TR98,bristol_bay,red_king_crab,1998,male,151,0,0,0,169,46,10,0,0,225
TR98,bristol_bay,red_king_crab,1998,male,152,0,0,0,164,68,11,0,0,243
TR98,bristol_bay,red_king_crab,1998,male,153,0,0,0,200,71,9,0,0,280
TR98,bristol_bay,red_king_crab,1998,male,154,0,0,0,201,80,21,0,0,302
TR98,bristol_bay,red_king_crab,1998,male,155,0,0,0,194,97,19,0,0,310
TR98,bristol_bay,red_king_crab,1998,male,156,0,0,0,180,60,21,0,0,261
TR98,bristol_bay,red_king_crab,1998,male,157,0,0,0,142,71,21,0,0,234
TR98,bristol_bay,red_king_crab,1998,male,158,0,0,0,165,76,20,0,0,261
TR98,bristol_bay,red_king_crab,1998,male,159,0,0,0,98,47,12,0,0,157
TR98,bristol_bay,red_king_crab,1998,male,160,0,0,0,174,70,14,0,0,258
TR98,bristol_bay,red_king_crab,1998,male,161,0,0,0,101,49,14,0,0,164
TR98,bristol_bay,red_king_crab,1998,male,162,0,0,0,127,51,11,0,0,189
TR98,bristol_bay,red_king_crab,1998,male,163,0,0,0,143,60,17,0,0,220
TR98,bristol_bay,red_king_crab,1998,male,164,0,0,0,111,63,14,0,0,188
TR98,bristol_bay,red_king_crab,1998,male,165,0,0,0,116,65,16,0,0,197
TR98,bristol_bay,red_king_crab,1998,male,166,0,0,0,97,41,13,0,1,152
TR98,bristol_bay,red_king_crab,1998,male,167,0,0,0,99,45,11,0,0,155
TR98,bristol_bay,red_king_crab,1998,male,168,0,0,0,109,47,14,0,1,171
TR98,bristol_bay,red_king_crab,1998,male,169,0,0,0,45,36,6,0,0,87
TR98,bristol_bay,red_king_crab,1998,male,170,0,0,0,88,42,13,0,0,143
TR98,bristol_bay,red_king_crab,1998,male,171,0,0,0,39,20,10,0,0,69
TR98,bristol_bay,red_king_crab,1998,male,172,0,0,0,43,29,9,0,0,81
TR98,bristol_bay,red_king_crab,1998,male,173,0,0,0,60,27,5,0,0,92
TR98,bristol_bay,red_king_crab,1998,male,174,0,0,0,38,21,4,0,0,63
TR98,bristol_bay,red_king_crab,1998,male,175,0,0,0,26,15,5,0,0,46
TR98,bristol_bay,red_king_crab,1998,male,176,0,0,0,21,12,4,0,0,37
TR98,bristol_bay,red_king_crab,1998,male,177,0,0,0,25,7,2,0,0,34
TR98,bristol_bay,red_king_crab,1998,male,178,0,0,0,21,4,3,0,0,28
TR98,bristol_bay,red_king_crab,1998,male,179,0,0,0,12,8,3,0,0,23
TR98,bristol_bay,red_king_crab,1998,male,180,0,0,0,7,6,1,0,0,14
TR98,bristol_bay,red_king_crab,1998,male,181,0,0,0,9,2,2,0,0,13
TR98,bristol_bay,red_king_crab,1998,male,182,0,0,0,7,6,0,0,0,13
TR98,bristol_bay,red_king_crab,1998,male,183,0,0,0,2,4,1,0,0,7
TR98,bristol_bay,red_king_crab,1998,male,184,0,0,0,3,1,0,0,0,4
TR98,bristol_bay,red_king_crab,1998,male,185,0,0,0,3,1,0,0,0,4
TR98,bristol_bay,red_king_crab,1998,male,186,0,0,0,2,0,1,0,0,3
TR98,bristol_bay,red_king_crab,1998,male,187,0,0,0,1,0,0,0,0,1
TR98,bristol_bay,red_king_crab,1998,male,188,0,0,0,1,1,0,0,0,2
TR98,bristol_bay,red_king_crab,1998,male,190,0,0,0,1,1,0,0,0,2
TR98,bristol_bay,red_king_crab,1998,male,191,0,0,0,1,0,0,0,0,1
TR98,bristol_bay,red_king_crab,1998,male,193,0,0,0,2,0,0,0,0,2
TR98,bristol_bay,red_king_crab,1998,male,195,0,0,0,0,1,0,0,0,1
TR98,bristol_bay,red_king_crab,1998,female,68,0,0,0,2,0,0,0,0,2
TR98,bristol_bay,red_king_crab,1998,female,70,0,0,0,1,0,0,0,0,1
TR98,bristol_bay,red_king_crab,1998,female,73,0,0,0,1,0,0,0,0,1
TR98,bristol_bay,red_king_crab,1998,female,74,0,0,0,2,0,0,0,0,2
TR98,bristol_bay,red_king_crab,1998,female,75,0,0,0,2,0,0,0,0,2
TR98,bristol_bay,red_king_crab,1998,female,77,0,0,0,1,0,0,0,0,1
TR98,bristol_bay,red_king_crab,1998,female,78,0,0,0,2,0,0,0,0,2
TR98,bristol_bay,red_king_crab,1998,female,79,0,0,0,4,0,0,0,0,4
TR98,bristol_bay,red_king_crab,1998,female,80,0,0,0,3,0,0,0,0,3
TR98,bristol_bay,red_king_crab,1998,female,81,0,0,0,2,0,0,0,0,2
TR98,bristol_bay,red_king_crab,1998,female,82,0,0,0,6,0,0,0,0,6
TR98,bristol_bay,red_king_crab,1998,female,83,0,0,0,8,0,0,0,0,8
TR98,bristol_bay,red_king_crab,1998,female,84,0,0,0,5,1,0,0,0,6
TR98,bristol_bay,red_king_crab,1998,female,85,0,0,0,9,0,0,0,0,9
TR98,bristol_bay,red_king_crab,1998,female,86,0,0,0,12,0,0,0,0,12
TR98,bristol_bay,red_king_crab,1998,female,87,0,0,0,10,0,0,0,0,10
TR98,bristol_bay,red_king_crab,1998,female,88,0,0,0,14,0,0,0,0,14
TR98,bristol_bay,red_king_crab,1998,female,89,0,0,0,18,1,0,0,0,19
TR98,bristol_bay,red_king_crab,1998,female,90,0,0,0,23,0,0,0,2,25
TR98,bristol_bay,red_king_crab,1998,female,91,0,0,0,23,0,0,0,0,23
TR98,bristol_bay,red_king_crab,1998,female,92,0,0,0,31,2,0,0,2,35
TR98,bristol_bay,red_king_crab,1998,female,93,0,0,0,27,3,0,0,1,31
TR98,bristol_bay,red_king_crab,1998,female,94,0,0,0,53,1,0,0,0,54
TR98,bristol_bay,red_king_crab,1998,female,95,0,0,0,56,0,0,0,0,56
TR98,bristol_bay,red_king_crab,1998,female,96,0,0,0,65,1,0,0,2,68
TR98,bristol_bay,red_king_crab,1998,female,97,0,0,0,118,3,0,0,0,121
TR98,bristol_bay,red_king_crab,1998,female,98,0,0,0,152,0,0,0,0,152
TR98,bristol_bay,red_king_crab,1998,female,99,0,0,0,134,0,0,0,0,134
TR98,bristol_bay,red_king_crab,1998,female,100,0,0,0,273,0,0,0,2,275
TR98,bristol_bay,red_king_crab,1998,female,101,0,0,0,261,0,0,0,1,262
TR98,bristol_bay,red_king_crab,1998,female,102,0,0,0,407,0,0,0,3,410
TR98,bristol_bay,red_king_crab,1998,female,103,0,0,0,352,0,1,0,1,354
TR98,bristol_bay,red_king_crab,1998,female,104,0,0,0,392,0,0,0,1,393
TR98,bristol_bay,red_king_crab,1998,female,105,0,0,0,494,1,0,0,2,497
TR98,bristol_bay,red_king_crab,1998,female,106,0,0,0,448,1,0,0,2,451
TR98,bristol_bay,red_king_crab,1998,female,107,0,0,0,453,0,0,0,4,457
TR98,bristol_bay,red_king_crab,1998,female,108,0,0,0,421,0,0,0,3,424
TR98,bristol_bay,red_king_crab,1998,female,109,0,0,0,358,0,0,0,3,361
TR98,bristol_bay,red_king_crab,1998,female,110,0,0,0,471,0,1,0,0,472
TR98,bristol_bay,red_king_crab,1998,female,111,0,0,0,291,0,0,0,3,294
TR98,bristol_bay,red_king_crab,1998,female,112,0,0,0,299,0,0,0,0,299
TR98,bristol_bay,red_king_crab,1998,female,113,0,0,0,208,0,0,0,2,210
TR98,bristol_bay,red_king_crab,1998,female,114,0,0,0,194,0,0,0,0,194
TR98,bristol_bay,red_king_crab,1998,female,115,0,0,0,221,0,1,0,2,224
TR98,bristol_bay,red_king_crab,1998,female,116,0,0,0,199,0,0,0,0,199
TR98,bristol_bay,red_king_crab,1998,female,117,0,0,0,128,0,0,0,0,128
TR98,bristol_bay,red_king_crab,1998,female,118,0,0,0,168,0,0,0,0,168
TR98,bristol_bay,red_king_crab,1998,female,119,0,0,0,112,1,0,0,1,114
TR98,bristol_bay,red_king_crab,1998,female,120,0,0,0,229,0,0,0,1,230
TR98,bristol_bay,red_king_crab,1998,female,121,0,0,0,162,0,0,0,0,162
TR98,bristol_bay,red_king_crab,1998,female,122,0,0,0,166,1,0,0,0,167
TR98,bristol_bay,red_king_crab,1998,female,123,0,0,0,110,0,0,0,3,113
TR98,bristol_bay,red_king_crab,1998,female,124,0,0,0,179,1,0,0,1,181
TR98,bristol_bay,red_king_crab,1998,female,125,0,0,0,129,0,0,0,0,129
TR98,bristol_bay,red_king_crab,1998,female,126,0,0,0,172,0,0,0,0,172
TR98,bristol_bay,red_king_crab,1998,female,127,0,0,0,91,0,0,0,2,93
TR98,bristol_bay,red_king_crab,1998,female,128,0,0,0,92,0,0,0,1,93
TR98,bristol_bay,red_king_crab,1998,female,129,0,0,0,82,1,0,0,0,83
TR98,bristol_bay,red_king_crab,1998,female,130,0,0,0,131,0,0,0,0,131
TR98,bristol_bay,red_king_crab,1998,female,131,0,0,0,85,0,0,0,2,87
TR98,bristol_bay,red_king_crab,1998,female,132,0,0,0,112,0,0,0,1,113
TR98,bristol_bay,red_king_crab,1998,female,133,0,0,0,62,0,0,0,1,63
TR98,bristol_bay,red_king_crab,1998,female,134,0,0,0,118,1,0,0,1,120
TR98,bristol_bay,red_king_crab,1998,female,135,0,0,0,94,0,0,0,1,95
TR98,bristol_bay,red_king_crab,1998,female,136,0,0,0,83,1,0,0,0,84
TR98,bristol_bay,red_king_crab,1998,female,137,0,0,0,58,0,0,0,1,59
TR98,bristol_bay,red_king_crab,1998,female,138,0,0,0,66,0,0,0,0,66
TR98,bristol_bay,red_king_crab,1998,female,139,0,0,0,36,0,0,0,0,36
TR98,bristol_bay,red_king_crab,1998,female,140,0,0,0,83,0,0,0,0,83
TR98,bristol_bay,red_king_crab,1998,female,141,0,0,0,55,0,0,0,0,55
TR98,bristol_bay,red_king_crab,1998,female,142,0,0,0,28,0,0,0,0,28
TR98,bristol_bay,red_king_crab,1998,female,143,0,0,0,38,0,0,0,1,39
TR98,bristol_bay,red_king_crab,1998,female,144,0,0,0,20,1,0,0,1,22
TR98,bristol_bay,red_king_crab,1998,female,145,0,0,0,29,0,0,0,0,29
TR98,bristol_bay,red_king_crab,1998,female,146,0,0,0,35,0,0,0,1,36
TR98,bristol_bay,red_king_crab,1998,female,147,0,0,0,13,0,0,0,0,13
TR98,bristol_bay,red_king_crab,1998,female,148,0,0,0,15,0,0,0,0,15
TR98,bristol_bay,red_king_crab,1998,female,149,0,0,0,8,0,0,0,0,8
TR98,bristol_bay,red_king_crab,1998,female,150,0,0,0,11,0,0,0,0,11
TR98,bristol_bay,red_king_crab,1998,female,151,0,0,0,6,0,0,0,0,6
TR98,bristol_bay,red_king_crab,1998,female,152,0,0,0,6,0,0,0,0,6
TR98,bristol_bay,red_king_crab,1998,female,153,0,0,0,4,1,0,0,0,5
TR98,bristol_bay,red_king_crab,1998,female,154,0,0,0,5,0,0,0,0,5
TR98,bristol_bay,red_king_crab,1998,female,155,0,0,0,9,0,0,0,0,9
TR98,bristol_bay,red_king_crab,1998,female,156,0,0,0,6,0,0,0,0,6
TR98,bristol_bay,red_king_crab,1998,female,157,0,0,0,3,0,0,0,0,3
TR98,bristol_bay,red_king_crab,1998,female,158,0,0,0,2,0,0,0,0,2
TR98,bristol_bay,red_king_crab,1998,female,159,0,0,0,1,0,0,0,0,1
TR98,bristol_bay,red_king_crab,1998,female,160,0,0,0,3,0,0,0,0,3
TR98,bristol_bay,red_king_crab,1998,female,164,0,0,0,1,0,0,0,0,1
TR98,bristol_bay,red_king_crab,1998,female,170,0,0,0,1,0,0,0,0,1
TR98,bristol_bay,red_king_crab,1998,female,193,0,0,0,1,0,0,0,0,1
TR98,bristol_bay,red_king_crab,1998,female,196,0,0,0,1,0,0,0,0,1
TR99,bristol_bay,red_king_crab,1999,male,80,0,0,0,1,0,0,0,0,1
TR99,bristol_bay,red_king_crab,1999,male,81,0,0,0,1,0,0,0,0,1
TR99,bristol_bay,red_king_crab,1999,male,82,0,0,0,4,0,0,0,0,4
TR99,bristol_bay,red_king_crab,1999,male,84,0,0,0,3,0,0,0,0,3
TR99,bristol_bay,red_king_crab,1999,male,85,0,0,0,1,0,0,0,0,1
TR99,bristol_bay,red_king_crab,1999,male,86,0,0,0,2,0,0,0,0,2
TR99,bristol_bay,red_king_crab,1999,male,87,0,0,0,2,0,0,0,0,2
TR99,bristol_bay,red_king_crab,1999,male,88,0,0,0,2,0,0,0,0,2
TR99,bristol_bay,red_king_crab,1999,male,89,0,0,0,2,0,0,0,0,2
TR99,bristol_bay,red_king_crab,1999,male,92,0,0,0,1,0,0,0,0,1
TR99,bristol_bay,red_king_crab,1999,male,93,0,0,0,1,0,0,0,0,1
TR99,bristol_bay,red_king_crab,1999,male,94,0,0,0,2,0,0,0,0,2
TR99,bristol_bay,red_king_crab,1999,male,95,0,0,0,1,0,0,0,0,1
TR99,bristol_bay,red_king_crab,1999,male,97,0,0,0,3,0,0,0,0,3
TR99,bristol_bay,red_king_crab,1999,male,98,0,0,0,5,0,0,0,0,5
TR99,bristol_bay,red_king_crab,1999,male,99,0,0,0,3,0,0,0,0,3
TR99,bristol_bay,red_king_crab,1999,male,100,0,0,0,3,0,0,0,0,3
TR99,bristol_bay,red_king_crab,1999,male,102,0,0,0,1,0,0,0,0,1
TR99,bristol_bay,red_king_crab,1999,male,103,0,0,0,2,0,0,0,0,2
TR99,bristol_bay,red_king_crab,1999,male,104,0,0,0,3,0,0,0,0,3
TR99,bristol_bay,red_king_crab,1999,male,105,0,0,0,2,0,0,0,0,2
TR99,bristol_bay,red_king_crab,1999,male,106,0,0,0,2,0,0,0,0,2
TR99,bristol_bay,red_king_crab,1999,male,107,0,0,0,2,1,0,0,0,3
TR99,bristol_bay,red_king_crab,1999,male,108,0,0,0,5,0,0,0,0,5
TR99,bristol_bay,red_king_crab,1999,male,109,0,0,0,5,0,0,0,0,5
TR99,bristol_bay,red_king_crab,1999,male,110,0,0,0,6,1,0,0,0,7
TR99,bristol_bay,red_king_crab,1999,male,111,0,0,0,7,0,0,0,0,7
TR99,bristol_bay,red_king_crab,1999,male,112,0,0,0,9,0,0,0,0,9
TR99,bristol_bay,red_king_crab,1999,male,113,0,0,0,11,1,0,0,0,12
TR99,bristol_bay,red_king_crab,1999,male,114,0,0,0,6,0,0,0,0,6
TR99,bristol_bay,red_king_crab,1999,male,115,0,0,0,16,1,0,0,0,17
TR99,bristol_bay,red_king_crab,1999,male,116,0,0,0,10,1,0,0,0,11
TR99,bristol_bay,red_king_crab,1999,male,117,0,0,0,17,1,0,0,0,18
TR99,bristol_bay,red_king_crab,1999,male,118,0,0,0,13,3,0,0,0,16
TR99,bristol_bay,red_king_crab,1999,male,119,0,0,0,31,2,0,0,0,33
TR99,bristol_bay,red_king_crab,1999,male,120,0,0,0,32,4,0,0,0,36
TR99,bristol_bay,red_king_crab,1999,male,121,0,0,0,19,2,1,0,0,22
TR99,bristol_bay,red_king_crab,1999,male,122,0,0,0,40,2,1,0,0,43
TR99,bristol_bay,red_king_crab,1999,male,123,0,0,0,35,5,0,0,0,40
TR99,bristol_bay,red_king_crab,1999,male,124,0,0,0,41,0,0,0,0,41
TR99,bristol_bay,red_king_crab,1999,male,125,0,0,0,65,5,0,0,0,70
TR99,bristol_bay,red_king_crab,1999,male,126,0,0,0,55,2,0,0,0,57
TR99,bristol_bay,red_king_crab,1999,male,127,0,0,0,66,8,2,0,0,76
TR99,bristol_bay,red_king_crab,1999,male,128,0,0,0,74,4,0,0,0,78
TR99,bristol_bay,red_king_crab,1999,male,129,0,0,0,84,5,0,0,0,89
TR99,bristol_bay,red_king_crab,1999,male,130,0,0,0,106,8,0,0,0,114
TR99,bristol_bay,red_king_crab,1999,male,131,0,0,0,78,6,3,0,0,87
TR99,bristol_bay,red_king_crab,1999,male,132,0,0,0,140,3,0,0,0,143
TR99,bristol_bay,red_king_crab,1999,male,133,0,0,0,126,6,1,0,0,133
TR99,bristol_bay,red_king_crab,1999,male,134,0,0,0,150,7,2,0,0,159
TR99,bristol_bay,red_king_crab,1999,male,135,0,0,0,162,11,3,0,0,176
TR99,bristol_bay,red_king_crab,1999,male,136,0,0,0,144,9,1,0,1,155
TR99,bristol_bay,red_king_crab,1999,male,137,0,0,0,171,12,1,0,0,184
TR99,bristol_bay,red_king_crab,1999,male,138,0,0,0,191,16,2,0,0,209
TR99,bristol_bay,red_king_crab,1999,male,139,0,0,0,167,4,2,0,0,173
TR99,bristol_bay,red_king_crab,1999,male,140,0,0,0,194,9,1,0,0,204
TR99,bristol_bay,red_king_crab,1999,male,141,0,0,0,163,16,4,0,1,184
TR99,bristol_bay,red_king_crab,1999,male,142,0,0,0,192,13,4,0,0,209
TR99,bristol_bay,red_king_crab,1999,male,143,0,0,0,193,12,3,0,1,209
TR99,bristol_bay,red_king_crab,1999,male,144,0,0,1,171,16,2,0,0,190
TR99,bristol_bay,red_king_crab,1999,male,145,0,0,0,224,8,1,0,0,233
TR99,bristol_bay,red_king_crab,1999,male,146,0,0,0,178,14,3,0,1,196
TR99,bristol_bay,red_king_crab,1999,male,147,0,0,0,202,12,4,0,0,218
TR99,bristol_bay,red_king_crab,1999,male,148,0,0,0,171,17,4,0,0,192
TR99,bristol_bay,red_king_crab,1999,male,149,0,0,0,180,24,3,0,0,207
TR99,bristol_bay,red_king_crab,1999,male,150,0,0,0,168,9,5,0,0,182
TR99,bristol_bay,red_king_crab,1999,male,151,0,0,0,156,20,1,0,1,178
TR99,bristol_bay,red_king_crab,1999,male,152,0,0,0,168,17,5,0,0,190
TR99,bristol_bay,red_king_crab,1999,male,153,0,0,0,131,24,8,0,0,163
TR99,bristol_bay,red_king_crab,1999,male,154,0,0,0,157,23,3,0,0,183
TR99,bristol_bay,red_king_crab,1999,male,155,0,0,0,131,21,4,0,0,156
TR99,bristol_bay,red_king_crab,1999,male,156,0,0,0,111,9,5,0,0,125
TR99,bristol_bay,red_king_crab,1999,male,157,0,0,0,99,20,6,0,0,125
TR99,bristol_bay,red_king_crab,1999,male,158,0,0,0,107,14,6,0,0,127
TR99,bristol_bay,red_king_crab,1999,male,159,0,0,0,76,15,3,0,0,94
TR99,bristol_bay,red_king_crab,1999,male,160,0,0,0,99,9,4,0,0,112
TR99,bristol_bay,red_king_crab,1999,male,161,0,0,1,83,15,4,0,0,103
TR99,bristol_bay,red_king_crab,1999,male,162,0,0,0,74,13,3,0,0,90
TR99,bristol_bay,red_king_crab,1999,male,163,0,0,0,72,15,4,0,0,91
TR99,bristol_bay,red_king_crab,1999,male,164,0,0,0,77,6,4,0,0,87
TR99,bristol_bay,red_king_crab,1999,male,165,0,0,0,68,7,4,0,0,79
TR99,bristol_bay,red_king_crab,1999,male,166,0,0,0,55,11,3,0,0,69
TR99,bristol_bay,red_king_crab,1999,male,167,0,0,0,48,7,0,0,0,55
TR99,bristol_bay,red_king_crab,1999,male,168,0,0,0,44,8,4,0,0,56
TR99,bristol_bay,red_king_crab,1999,male,169,0,0,0,45,4,0,0,0,49
TR99,bristol_bay,red_king_crab,1999,male,170,0,0,0,38,2,4,0,0,44
TR99,bristol_bay,red_king_crab,1999,male,171,0,0,0,20,5,1,0,0,26
TR99,bristol_bay,red_king_crab,1999,male,172,0,0,1,25,1,2,0,0,29
TR99,bristol_bay,red_king_crab,1999,male,173,0,0,0,25,2,3,0,0,30
TR99,bristol_bay,red_king_crab,1999,male,174,0,0,0,25,1,1,0,0,27
TR99,bristol_bay,red_king_crab,1999,male,175,0,0,0,23,0,1,0,0,24
TR99,bristol_bay,red_king_crab,1999,male,176,0,0,0,9,4,0,0,0,13
TR99,bristol_bay,red_king_crab,1999,male,177,0,0,0,11,4,1,0,0,16
TR99,bristol_bay,red_king_crab,1999,male,178,0,0,0,10,4,1,0,0,15
TR99,bristol_bay,red_king_crab,1999,male,179,0,0,0,3,1,1,0,0,5
TR99,bristol_bay,red_king_crab,1999,male,180,0,0,0,2,0,1,0,0,3
TR99,bristol_bay,red_king_crab,1999,male,181,0,0,0,4,1,0,0,0,5
TR99,bristol_bay,red_king_crab,1999,male,182,0,0,0,6,0,0,0,0,6
TR99,bristol_bay,red_king_crab,1999,male,183,0,0,0,2,0,0,0,0,2
TR99,bristol_bay,red_king_crab,1999,male,184,0,0,0,2,0,0,0,0,2
TR99,bristol_bay,red_king_crab,1999,male,185,0,0,0,2,1,0,0,0,3
TR99,bristol_bay,red_king_crab,1999,male,186,0,0,0,0,1,1,0,0,2
TR99,bristol_bay,red_king_crab,1999,male,190,0,0,0,1,1,0,0,0,2
TR99,bristol_bay,red_king_crab,1999,male,191,0,0,0,1,0,0,0,0,1
TR99,bristol_bay,red_king_crab,1999,female,82,0,0,0,1,0,0,0,0,1
TR99,bristol_bay,red_king_crab,1999,female,86,0,0,0,1,0,0,0,0,1
TR99,bristol_bay,red_king_crab,1999,female,93,0,0,0,1,0,0,0,0,1
TR99,bristol_bay,red_king_crab,1999,female,95,0,0,0,1,0,0,0,0,1
TR99,bristol_bay,red_king_crab,1999,female,98,0,0,0,1,0,0,0,0,1
TR99,bristol_bay,red_king_crab,1999,female,102,0,0,0,1,0,0,0,0,1
TR99,bristol_bay,red_king_crab,1999,female,111,0,0,0,1,0,0,0,0,1
TR99,bristol_bay,red_king_crab,1999,female,112,0,0,0,2,0,0,0,0,2
TR99,bristol_bay,red_king_crab,1999,female,113,0,0,0,1,0,0,0,0,1
TR99,bristol_bay,red_king_crab,1999,female,114,0,0,0,1,0,0,0,0,1
TR99,bristol_bay,red_king_crab,1999,female,118,0,0,0,1,0,0,0,0,1
TR99,bristol_bay,red_king_crab,1999,female,119,0,0,0,4,0,0,0,0,4
TR99,bristol_bay,red_king_crab,1999,female,120,0,0,0,1,0,0,0,0,1
TR99,bristol_bay,red_king_crab,1999,female,122,0,0,0,2,0,0,0,0,2
TR99,bristol_bay,red_king_crab,1999,female,127,0,0,0,1,0,0,0,0,1
TR99,bristol_bay,red_king_crab,1999,female,129,0,0,0,3,0,0,0,0,3
TR99,bristol_bay,red_king_crab,1999,female,130,0,0,0,1,0,0,0,0,1
TR99,bristol_bay,red_king_crab,1999,female,131,0,0,0,2,0,0,0,0,2
TR99,bristol_bay,red_king_crab,1999,female,132,0,0,0,1,0,0,0,0,1
TR99,bristol_bay,red_king_crab,1999,female,134,0,0,0,1,0,0,0,0,1
TR99,bristol_bay,red_king_crab,1999,female,135,0,0,0,1,0,0,0,0,1
TR99,bristol_bay,red_king_crab,1999,female,136,0,0,0,1,0,0,0,0,1
TR99,bristol_bay,red_king_crab,1999,female,138,0,0,0,1,0,0,0,0,1
TR99,bristol_bay,red_king_crab,1999,female,141,0,0,0,2,0,0,0,0,2
TR99,bristol_bay,red_king_crab,1999,female,143,0,0,0,2,0,0,0,0,2
TR99,bristol_bay,red_king_crab,1999,female,146,0,0,0,2,0,0,0,0,2
TR99,bristol_bay,red_king_crab,1999,female,149,0,0,0,1,0,0,0,0,1
TR99,bristol_bay,red_king_crab,1999,female,150,0,0,0,1,0,0,0,0,1
TR99,bristol_bay,red_king_crab,1999,female,152,0,0,0,1,0,0,0,0,1
